t_s,pos_err_m,cum_err_m
60.0,190965.34573401336,190965.34573401336
120.0,381925.7293296549,286445.5375318341
180.0,572967.516602444,381952.8638887041
240.0,764142.5733542438,477500.29125508905
300.0,955346.0917508507,573069.4513542413
360.0,1146715.437945565,668677.1157861287
420.0,1338332.4405203233,764342.162176728
480.0,1530143.5026607763,860067.329737234
540.0,1722074.3594529277,955845.8885945333
600.0,1914333.9027765084,1051694.6900127307
660.0,2107002.3562325668,1147631.7505781704
720.0,2299854.5927263945,1243650.320757189
780.0,2492982.325005172,1339752.7826224186
840.0,2686594.882405179,1435955.7897497586
900.0,2880769.9120379444,1532276.7312356376
960.0,3075046.351398503,1628699.8324958168
1020.0,3269813.6001542243,1725235.936475723
1080.0,3465212.4588773088,1821901.298831367
1140.0,3661252.1295457035,1918709.237290016
1200.0,3857369.5934218997,2015642.25509661
1260.0,4054182.801122087,2112715.6144311563
1320.0,4251762.525433575,2209945.0194767206
1380.0,4449920.184042782,2307335.244023071
1440.0,4648319.942895516,2404876.2731427564
1500.0,4847540.813356286,2502582.8547512977
1560.0,5047648.965225268,2600470.0128464503
1620.0,5248199.037814688,2698534.0508082365
1680.0,5449205.967868492,2796772.3335603885
1740.0,5651143.940793667,2895198.940706364
1800.0,5854073.86732457,2993828.104926971
1860.0,6057239.436245895,3092647.8252920974
1920.0,6261121.504112922,3191662.6277552485
1980.0,6466027.372208544,3290885.801829591
2040.0,6672012.162725463,3390330.694797117
2100.0,6877959.8029987095,3489977.2407457335
2160.0,7084922.536241829,3589836.8322872915
2220.0,7292983.273081364,3689921.871227672
2280.0,7501952.6842454765,3790238.471570246
2340.0,7711026.62730368,3890771.5012044366
2400.0,7921208.817767689,3991532.434118518
2460.0,8132543.635593124,4092532.707325216
2520.0,8344518.168451829,4193770.4563996587
2580.0,8556839.613618148,4295237.180986135
2640.0,8770310.239952026,4396943.386871723
2700.0,8984967.854756763,4498899.486158058
2760.0,9199934.7893945,4601095.905793633
2820.0,9415521.490886725,4703530.4927105075
2880.0,9632277.811708122,4806212.728522957
2940.0,9850234.858942641,4909151.95567438
3000.0,10068114.915357493,5012331.214868042
3060.0,10286912.253394144,5115754.3724862
3120.0,10506878.995047763,5219429.845997
3180.0,10727934.56275409,5323363.897256567
3240.0,10948686.620127652,5427536.540272699
3300.0,11170567.511191566,5531955.285198496
3360.0,11393597.054708859,5636627.459654038
3420.0,11617323.582011819,5741551.953028736
3480.0,11840994.833926084,5846714.761320069
3540.0,12065760.56539505,5952122.31732134
3600.0,12291634.025733143,6057780.84579487
3660.0,12517764.399395127,6163682.215526021
3720.0,12744105.91151636,6269818.081590381
3780.0,12971487.789719649,6376193.791243227
3840.0,13199916.875698209,6482814.464437837
3900.0,13428120.681719385,6589665.3293190915
3960.0,13656815.189872788,6696743.357509299
4020.0,13886476.89016224,6804052.813220536
4080.0,14117106.434459893,6911597.719415233
4140.0,14346992.417647535,7019357.062867875
4200.0,14577657.11315585,7127332.77787199
4260.0,14809197.624687426,7235528.057404601
4320.0,15041314.077913614,7343941.752133893
4380.0,15272727.685352722,7452555.258068398
4440.0,15504917.523598963,7561370.964359351
4500.0,15737874.58887357,7670391.012686208
4560.0,15970881.772343555,7779607.99636591
4620.0,16203436.309502844,7889008.364068987
4680.0,16436647.748280402,7998593.48437939
4740.0,16670501.706877626,8108364.474537596
4800.0,16903852.2667309,8218308.071940012
4860.0,17137005.064868968,8328415.442223085
4920.0,17370680.149263375,8438686.96304065
4980.0,17604858.10559648,8549122.759938912
5040.0,17837957.00878908,8659704.120044272
5100.0,18071114.123523917,8770426.590673445
5160.0,18304644.844665594,8881289.593626844
5220.0,18538452.006215602,8992291.460438207
5280.0,18770733.753321648,9103410.122857336
5340.0,19003254.48275256,9214644.329148294
5400.0,19235987.3481481,9325992.58491496
5460.0,19468413.03756757,9437447.754724327
5520.0,19699544.57289873,9548992.285356658
5580.0,19930746.14932805,9660624.047334846
5640.0,20161986.912182115,9772340.673556626
5700.0,20392322.639578484,9884129.957409488
5760.0,20621594.48241176,9995978.546211593
5820.0,20850756.89133885,10107883.477604657
5880.0,21079775.39505413,10219841.55839496
5940.0,21307281.52999166,10331835.901542401
6000.0,21533950.512417965,10443857.047651157
6060.0,21760321.400505364,10555901.249164565
6120.0,21986356.50226799,10667964.535959695
6180.0,22210266.87261648,10780025.723694226
6240.0,22433561.094937574,10892078.94841772
6300.0,22656360.735599585,11004119.727343261
6360.0,22878372.416365113,11116140.979126485
6420.0,23098151.824845146,11228122.388899557
6480.0,23317275.65004826,11340058.993169453
6540.0,23535701.941216722,11451945.625720346
6600.0,23752724.654611688,11563770.889619358
6660.0,23967725.217066146,11675518.225902664
6720.0,24181864.28245366,11787182.029979011
6780.0,24395097.756018944,11898756.505430691
6840.0,24606313.502084367,12010226.30364695
6900.0,24815711.286182996,12121578.34697335
6960.0,25024037.514573503,12232806.443245765
7020.0,25231246.34109649,12343904.220150473
7080.0,25435828.391981192,12454852.730081242
7140.0,25638789.4005856,12565642.113866992
7200.0,25840465.997092463,12676265.646227205
7260.0,26040792.30727271,12786716.279789563
7320.0,26237928.572424367,12896972.118253782
7380.0,26433613.726465907,13007026.115068516
7440.0,26627800.14983802,13116871.066961817
7500.0,26820027.75606514,13226496.320474643
7560.0,27009262.706386335,13335883.355283467
7620.0,27196832.79585144,13445024.689461166
7680.0,27382689.69586618,13553912.697323706
7740.0,27565989.93465526,13662533.451101469
7800.0,27746488.349620853,13770871.565705465
7860.0,27925108.94567371,13878919.179293009
7920.0,28101803.060238846,13986668.299603203
7980.0,28275356.269844916,14094102.043740358
8040.0,28446291.28180652,14201207.933576673
8100.0,28615137.605100047,14307977.782995364
8160.0,28781846.612677768,14414403.28909597
8220.0,28944846.74181377,14520464.920137705
8280.0,29105404.673594914,14626152.889365656
8340.0,29263666.415721387,14731458.742073251
8400.0,29419406.12268857,14836372.65193479
8460.0,29571242.92509093,14940875.277985543
8520.0,29720628.079541516,15044958.044193683
8580.0,29867514.17647621,15148612.282880975
8640.0,30011317.808873873,15251825.515700368
8700.0,30151406.852630865,15354581.24905851
8760.0,30288846.25445142,15456870.735396817
8820.0,30423589.612867467,15558685.14952927
8880.0,30554710.74527357,15660009.646797812
8940.0,30682299.706610024,15760830.385454271
9000.0,30807047.798967034,15861138.501544356
9060.0,30928909.978573665,15960925.067617398
9120.0,31046632.945212867,16060173.145759473
9180.0,31161000.34875208,16158871.362772495
9240.0,31272343.64976371,16257010.7932075
9300.0,31380619.507478595,16354582.462331831
9360.0,31484263.86024097,16451567.599497918
9420.0,31584723.713830046,16547957.128888568
9480.0,31681985.441054605,16643742.118206076
9540.0,31775703.886770476,16738911.68907755
9600.0,31864932.69731165,16833449.32037901
9660.0,31950839.103096828,16927346.151327573
9720.0,32033383.777877044,17020593.297170468
9780.0,32111907.909358066,17113178.04939248
9840.0,32186136.673541535,17205086.333686072
9900.0,32256888.430487573,17296309.37669699
9960.0,32324126.478598062,17386838.395383142
10020.0,32386894.94699474,17476659.093296982
10080.0,32445559.275939297,17565759.689622235
10140.0,32500604.4944035,17654131.55237242
10200.0,32551996.865172658,17741766.05421242
10260.0,32598500.36884201,17828647.541432478
10320.0,32641088.61708319,17914766.384895563
10380.0,32679929.372831754,18000114.14783161
10440.0,32714886.70764358,18084681.806221336
10500.0,32744778.033128772,18168453.78466081
10560.0,32770836.00730236,18251421.86547127
10620.0,32793033.070878666,18333577.860982046
10680.0,32810948.908208042,18414911.40619118
10740.0,32824019.12472782,18495409.21467463
10800.0,32833154.90117631,18575063.357377414
10860.0,32838332.589291953,18653865.94981893
10920.0,32838864.276160106,18731805.501062565
10980.0,32834771.515401475,18808870.889119063
11040.0,32826660.423284505,18885054.5278917
11100.0,32814511.63254402,18960348.89061955
11160.0,32797386.406632937,19034741.56543683
11220.0,32775859.895121135,19108223.48163835
11280.0,32750249.737942204,19180787.45108677
11340.0,32720541.238564476,19252426.360015225
11400.0,32685561.473904133,19323127.071140956
11460.0,32646406.994544793,19392882.463410087
11520.0,32603123.60383616,19461685.802683137
11580.0,32555497.63040161,19529529.387282718
11640.0,32502750.537390314,19596401.661252342
11700.0,32445856.310274396,19662296.300478097
11760.0,32384809.551835943,19727207.08237278
11820.0,32319157.361217555,19791125.611707017
11880.0,32248653.73410041,19854042.420405973
11940.0,32173996.861783072,19915951.73920686
12000.0,32095187.249076482,19976847.91675621
12060.0,32011548.822621193,20036722.050616235
12120.0,31923336.99577233,20095566.6790576
12180.0,31830990.659539647,20153376.649404805
12240.0,31734516.772834644,20210146.9441275
12300.0,31633031.737691432,20265868.333364397
12360.0,31527262.110913984,20320535.293449588
12420.0,31417403.757733636,20374143.353663523
12480.0,31303419.627723116,20426687.95113496
12540.0,31184387.020628333,20478160.195486605
12600.0,31061321.186377358,20528556.200205132
12660.0,30934242.01472557,20577872.24671945
12720.0,30802900.290748127,20626103.511078075
12780.0,30666855.408118002,20673243.19134587
12840.0,30526876.864872526,20719288.20851188
12900.0,30382993.00569567,20764235.67268483
12960.0,30234757.348286673,20808080.680442244
13020.0,30082183.112329897,20850818.479667533
13080.0,29925810.042269032,20892446.881330844
13140.0,29765675.944038812,20932963.90901444
13200.0,29601151.330513608,20972364.76093035
13260.0,29432676.598870978,21010646.714948177
13320.0,29260577.32285703,21047808.56453335
13380.0,29084901.992591284,21083849.342237648
13440.0,28904851.65293476,21118764.53112469
13500.0,28721269.182207823,21152553.44068506
13560.0,28534281.07417052,21185215.952337652
13620.0,28343818.956325527,21216751.64839046
13680.0,28149314.27516141,21247157.624823667
13740.0,27951602.863760337,21276434.678268805
13800.0,27750755.713495184,21304583.90016109
13860.0,27546532.142613735,21331605.32112409
13920.0,27338777.743062206,21357498.305701412
13980.0,27128129.72163329,21382264.964138884
14040.0,26914674.777616203,21405907.74111956
14100.0,26698012.74211721,21428427.336868484
14160.0,26478382.672222357,21449825.452696253
14220.0,26256238.170187864,21470105.675132927
14280.0,26031684.35636974,21489271.972112913
14340.0,25804173.578720264,21507325.953730516
14400.0,25574320.774695035,21524271.765484534
14460.0,25342410.441672303,21540114.664555855
14520.0,25108552.989604376,21554860.27746928
14580.0,24872113.879015878,21568511.52685836
14640.0,24634020.42906423,21581075.087932974
14700.0,24394418.444894265,21592558.12204302
14760.0,24153272.806661017,21602967.531330086
14820.0,23910337.061017096,21612309.10837335
14880.0,23666376.082399394,21620591.636494424
14940.0,23421565.169834714,21627824.461929526
15000.0,23175735.486396827,21634016.1060274
15060.0,22929017.136109482,21639175.47268111
15120.0,22682027.511115,21643313.774420924
15180.0,22434976.92285543,21646442.87777442
15240.0,22187573.59414747,21648573.313665655
15300.0,21940316.769514482,21649717.40564938
15360.0,21693690.386327077,21649889.17510515
15420.0,21447945.846166372,21649103.403397217
15480.0,21202677.75390904,21647373.071422458
15540.0,20958751.045469996,21644714.299121484
15600.0,20716528.61096666,21641144.35416704
15660.0,20476223.53740517,21636681.05601853
15720.0,20237580.00026097,21631340.975653045
15780.0,20001572.15231367,21625144.136020575
15840.0,19768536.715585254,21618111.53215529
15900.0,19538578.708328683,21610264.23848047
15960.0,19311817.844427288,21601623.46256298
16020.0,19089115.556042634,21592213.32059099
16080.0,18870861.004399113,21582059.02090371
16140.0,18657052.524960153,21571185.390807267
16200.0,18448179.69022653,21559618.703027338
16260.0,18244992.08461593,21547387.608494453
16320.0,18047926.295414697,21534521.941902246
16380.0,17856866.262383897,21521050.675676905
16440.0,17672659.922604755,21507005.453950364
16500.0,17495933.91040462,21492419.73924656
16560.0,17327155.841277607,21477328.203384355
16620.0,17166074.531970695,21461764.11070777
16680.0,17013873.12045269,21445764.502829157
16740.0,16871028.07937579,21429367.598085597
16800.0,16737852.833714304,21412612.18821284
16860.0,16614384.579576578,21395536.64512161
16920.0,16501642.340241149,21378182.40999792
16980.0,16400061.298643595,21360591.87603554
17040.0,16309747.367805444,21342807.212274168
17100.0,16230992.788966503,21324871.021315195
17160.0,16164581.064897476,21306828.04943961
17220.0,16110856.013408013,21288723.617258314
17280.0,16069661.297532186,21270601.8730926
17340.0,16041486.82304473,21252508.04939001
17400.0,16026824.61432733,21234488.45133807
17460.0,16025874.134427348,21216589.433066897
17520.0,16038172.013625229,21198855.12683593
17580.0,16064356.646914853,21181331.24123893
17640.0,16104590.894395096,21164063.416929938
17700.0,16158836.943199933,21147096.547527462
17760.0,16226493.115681661,21130472.88728474
17820.0,16308136.46626518,21114236.064318344
17880.0,16403659.215081591,21098428.759455133
17940.0,16512700.923119497,21083091.877059363
18000.0,16634808.147328746,21068264.264626928
18060.0,16770236.502345802,21053985.102625992
18120.0,16918729.434360523,21040292.2030622
18180.0,17079646.33560516,21027220.76455574
18240.0,17252710.684977658,21014804.61297818
18300.0,17437906.21942253,21003077.077261604
18360.0,17634876.658366047,20992069.886350177
18420.0,17842761.20853473,20981811.551894754
18480.0,18061497.211295743,20972330.011827875
18540.0,18290855.72279422,20963652.101507377
18600.0,18530432.62901031,20955803.006434806
18660.0,18779205.67638506,20948804.30119349
18720.0,19037356.95879559,20942677.86740375
18780.0,19304497.658166353,20937444.06481833
18840.0,19580104.131465256,20933121.32617708
18900.0,19863378.21373105,20929725.316296298
18960.0,20154424.883081846,20927271.833912708
19020.0,20452847.446209032,20925775.22701143
19080.0,20758014.047390044,20925247.67613212
19140.0,21069426.34375397,20925699.646877017
19200.0,21387071.421048597,20927141.433671303
19260.0,21710584.307702217,20929582.06567763
19320.0,22039245.05355931,20933028.22402509
19380.0,22372850.918961063,20937485.879427366
19440.0,22711287.776766237,20942960.576641373
19500.0,23054228.584743597,20949456.785897072
19560.0,23400874.947108958,20956976.473508153
19620.0,23751309.594158087,20965521.834733382
19680.0,24105325.689084705,20975094.407460064
19740.0,24462600.876434,20985694.731073964
19800.0,24822360.952876784,20997320.992352158
19860.0,25184862.301813934,21009972.17455597
19920.0,25549842.064936347,21023646.481454704
19980.0,25916892.69030458,21038340.914514314
20040.0,26285523.650345046,21054051.042465903
20100.0,26655892.925457917,21070772.958534535
20160.0,27027769.051842175,21088502.11357414
20220.0,27400658.824925877,21107232.5489194
20280.0,27774341.37106494,21126957.722949415
20340.0,28148877.389438793,21147671.350284193
20400.0,28524062.267796367,21169366.61768864
20460.0,28899315.733648963,21192035.090169463
20520.0,29274674.596854985,21215668.539019417
20580.0,29650102.50987653,21240258.725523375
20640.0,30025417.498650942,21265796.97777084
20700.0,30399950.55566963,21292272.78524301
20760.0,30773986.29105666,21319676.581502583
20820.0,31147391.164613772,21347998.525546134
20880.0,31519921.96106932,21377228.19059074
20940.0,31891060.134663302,21407353.783553697
21000.0,32261089.31232227,21438364.456493035
21060.0,32629858.762805328,21470249.055656318
21120.0,32997029.48248149,21502995.5909598
21180.0,33362326.78764471,21536591.43004389
21240.0,33725932.13075323,21571024.595865108
21300.0,34087708.945585564,21606282.861638967
21360.0,34447221.99183209,21642352.915375464
21420.0,34804433.70221747,21679221.489008076
21480.0,35159423.82201587,21716875.68546899
21540.0,35512067.9374501,21755302.40483384
21600.0,35861834.377216175,21794487.215868235
21660.0,36208917.124211356,21834416.384589408
21720.0,36553294.71266079,21875076.269473583
21780.0,36894837.905809715,21916453.02329269
21840.0,37232964.92129473,21958531.352682807
21900.0,37568050.33519692,22001297.158114355
21960.0,37899987.46203864,22044736.202660594
22020.0,38228547.83861552,22088833.782050118
22080.0,38553379.56815758,22133574.395599324
22140.0,38874754.037615865,22178943.446119696
22200.0,39192573.25354351,22224926.229383
22260.0,39506510.2110217,22271507.318282295
22320.0,39816438.81356457,22318671.112624455
22380.0,40122528.182017066,22366402.632917732
22440.0,40424688.29176997,22414686.81917135
22500.0,40722494.501656264,22463507.639657974
22560.0,41016042.771865815,22512849.488413848
22620.0,41305400.976499036,22562697.105093118
22680.0,41590486.5346477,22613035.172367074
22740.0,41870778.306284614,22663847.159527805
22800.0,42146590.72459343,22715117.53733061
22860.0,42417891.56714396,22766830.85499416
22920.0,42684544.66276205,22818971.467056382
22980.0,42946115.74709038,22871522.757604774
23040.0,43202952.1623457,22924469.188346285
23100.0,43454983.56386236,22977795.199711263
23160.0,43701976.59176424,23031484.788809843
23220.0,43943715.54217217,23085521.560782358
23280.0,44180446.944071576,23139889.925172277
23340.0,44412107.172680445,23194574.28827641
23400.0,44638367.296224624,23249558.372912176
23460.0,44859226.75069729,23304826.06697301
23520.0,45074832.707232356,23360361.79819816
23580.0,45285128.1800443,23416150.007821176
23640.0,45489690.49415293,23472174.22225349
23700.0,45688730.646267615,23528418.668896563
23760.0,45882298.07702244,23584867.85932112
23820.0,46070341.28810548,23641506.33143393
23880.0,46252349.321665235,23698317.49472597
23940.0,46428737.52424934,23755285.965977907
24000.0,46599460.55748435,23812396.402456675
24060.0,46764372.94027512,23869633.25167817
24120.0,46923176.22827782,23926980.373510506
24180.0,47076187.533672616,23984422.574900486
24240.0,47223368.2574709,24041944.717679124
24300.0,47364481.09912063,24099531.227262933
24360.0,47499436.3691606,24157166.461602584
24420.0,47628454.85546575,24214835.47485532
24480.0,47751504.824206136,24272523.38992726
24540.0,47868259.51140747,24330214.67628785
24600.0,47978833.96193093,24387894.235521123
24660.0,48083354.738976836,24445547.424094006
24720.0,48181797.13887695,24503159.680683285
24780.0,48273747.474581264,24560715.58333195
24840.0,48359521.242133915,24618200.621155143
24900.0,48439153.06860614,24675600.506570686
24960.0,48512582.51792805,24732900.94409799
25020.0,48579440.58633744,24790086.890482258
25080.0,48640109.79454223,24847144.3615446
25140.0,48694578.270696536,24904059.47827289
25200.0,48742698.56145634,24960818.14275666
25260.0,48784303.78697892,25017405.99464317
25320.0,48819684.16437471,25073809.497415047
25380.0,48848835.49480322,25130015.23263346
25440.0,48871526.09077672,25186009.362015873
25500.0,48887786.68712255,25241778.249839652
25560.0,48897817.76968888,25297308.859041173
25620.0,48901623.11899667,25352588.283537555
25680.0,48898889.74371193,25407603.006575346
25740.0,48889841.28651507,25462340.15874304
25800.0,48874591.24864269,25516787.254300945
25860.0,48853151.740792975,25570931.95148538
25920.0,48825131.527781345,25624761.117171254
25980.0,48790942.30139232,25678262.69034497
26040.0,48750613.4871815,25731424.788955193
26100.0,48704086.63004076,25784235.505831253
26160.0,48651133.31383268,25836682.519152354
26220.0,48592110.43138982,25888754.436571665
26280.0,48527045.68716837,25940440.033034213
26340.0,48455802.40880712,25991727.874436885
26400.0,48378342.59460046,26042606.54425544
26460.0,48294939.01485135,26093065.34804364
26520.0,48205628.95408998,26143093.77249171
26580.0,48110200.76757036,26192680.921464797
26640.0,48008802.048838526,26241816.32940933
26700.0,47901624.644420296,26290490.055959918
26760.0,47788716.00772144,26338692.356300186
26820.0,47669792.852467135,26386412.939065665
26880.0,47545183.577979855,26433642.33781324
26940.0,47415002.44182571,26480371.42490458
27000.0,47279280.91313184,26526591.22376731
27060.0,47137747.96023511,26572292.23648675
27120.0,46990827.60953686,26617465.987312086
27180.0,46838586.81719378,26662104.22313964
27240.0,46680985.80464003,26706198.67596233
27300.0,46517937.38486719,26749740.958839044
27360.0,46349788.58126942,26792723.51941455
27420.0,46176618.65403286,26835139.044873234
27480.0,45998320.10863332,26876980.051562663
27540.0,45814985.19603109,26918239.322029915
27600.0,45626887.6164808,26958910.29658307
27660.0,45434119.94770679,26998986.673266638
27720.0,45236510.55517617,27038461.83318419
27780.0,45034327.0002582,27077329.792508323
27840.0,44827773.44566784,27115585.059002202
27900.0,44616956.95084717,27153222.417909395
27960.0,44401645.334096685,27190236.20099134
28020.0,44182277.713102385,27226621.728854533
28080.0,43958992.57682494,27262374.658016864
28140.0,43731853.82924595,27297490.81829667
28200.0,43500749.20401338,27331965.83613862
28260.0,43266109.19775953,27365796.289135695
28320.0,43028069.49224627,27398979.071345676
28380.0,42786634.90441365,27431511.11327605
28440.0,42541868.8498774,27463389.505125422
28500.0,42294138.20092417,27494612.13395868
28560.0,42043597.14039425,27525177.22851002
28620.0,41790195.115365185,27555082.92638602
28680.0,41534168.34653268,27584327.874963738
28740.0,41275824.18732967,27612911.374572016
28800.0,41015337.029619485,27640833.0946867
28860.0,40752604.51737665,27668092.49473387
28920.0,40488033.31376793,27694689.88232523
28980.0,40221875.22197332,27720626.08385659
29040.0,39954312.63997615,27745902.295749396
29100.0,39685236.51123049,27770519.479698844
29160.0,39415180.23908042,27794479.687022675
29220.0,39144357.67822254,27817785.39131672
29280.0,38872901.45446559,27840439.31767563
29340.0,38600876.80293883,27862444.302308068
29400.0,38328764.14767222,27883804.13872718
29460.0,38056801.89547757,27904523.075095307
29520.0,37785075.59385958,27924605.498913933
29580.0,37513822.49811092,27944056.24333421
29640.0,37243472.925884545,27962880.97346083
29700.0,36974290.5860002,27981085.84136495
29760.0,36706315.6071097,27998677.030408792
29820.0,36439954.747583576,28015661.49261639
29880.0,36175589.83538181,28032046.890895035
29940.0,35913509.52639447,28047841.40519463
30000.0,35653708.64264063,28063053.139669523
30060.0,35396760.13300255,28077691.277380764
30120.0,35142997.0812696,28091765.591731142
30180.0,34892686.70378732,28105286.309647758
30240.0,34645909.30055402,28118263.736217014
30300.0,34403266.293132566,28130709.28583467
30360.0,34165083.44588921,28142634.926467188
30420.0,33931575.71129628,28154052.955628585
30480.0,33702982.51710701,28164976.045316532
30540.0,33479847.8274,28175417.836636934
30600.0,33262510.06101579,28185392.52727297
30660.0,33051124.570492543,28194914.507788073
30720.0,32846079.618536558,28203998.814645004
30780.0,32647852.825741716,28212661.298097435
30840.0,32456784.469207413,28220918.347068466
30900.0,32272958.969003957,28228786.38711106
30960.0,32096899.511924215,28236282.730376203
31020.0,31929004.24635914,28243425.32518468
31080.0,31769596.44872403,28250232.605345953
31140.0,31618686.512133703,28256722.882623002
31200.0,31476902.762089923,28262915.53623736
31260.0,31344551.001594048,28268830.383579697
31320.0,31221853.829038545,28274487.516616974
31380.0,31108925.77598164,28279907.0926387
31440.0,31006283.464673866,28285110.10098228
31500.0,30914186.608094588,28290117.86575773
31560.0,30832737.839319404,28294951.74403446
31620.0,30762134.857271843,28299633.305919163
31680.0,30702763.203786887,28304184.68830149
31740.0,30654817.059938785,28308628.227756377
31800.0,30618261.1245249,28312986.02567481
31860.0,30593356.85001084,28317280.509336457
31920.0,30580342.132609177,28321534.38456817
31980.0,30579329.76596679,28325770.398416948
32040.0,30590133.308067825,28330010.778397568
32100.0,30613063.23455342,28334278.166166082
32160.0,30648199.460212648,28338595.183505725
32220.0,30695530.882184718,28342984.263019092
32280.0,30754814.595401682,28347467.219027236
32340.0,30826302.422707073,28352066.171167646
32400.0,30909947.983426567,28356802.989338495
32460.0,31005582.56770316,28361699.06989
32520.0,31113010.168665897,28366775.28962944
32580.0,31232324.944515157,28372052.544979136
32640.0,31363394.887523487,28377551.336049993
32700.0,31505903.443276186,28383291.431659583
32760.0,31659708.691195995,28389292.19587119
32820.0,31824760.034874324,28395572.758648157
32880.0,32000853.187300593,28402151.73753256
32940.0,32187540.339034636,28409046.79873748
33000.0,32384746.20836302,28416275.34311862
33060.0,32592293.82935872,28423854.324037384
33120.0,32809924.330331374,28431800.10303429
33180.0,33037078.840029724,28440127.912685275
33240.0,33273763.64274592,28448852.886927262
33300.0,33519695.915710144,28457989.54103318
33360.0,33774522.00261165,28467551.649777025
33420.0,34037769.48268265,28477552.04085944
33480.0,34309363.730343945,28488003.316288624
33540.0,34588994.73465393,28498917.43331611
33600.0,34876228.54327164,28510305.488869604
33660.0,35170705.84377209,28522177.860268716
33720.0,35472274.99079055,28534544.58114153
33780.0,35780618.402960844,28547415.049741562
33840.0,36095237.697343335,28560797.71401036
33900.0,36415896.279011935,28574700.54332895
33960.0,36742379.6941241,28589131.071863923
34020.0,37074374.200239725,28604096.227293156
34080.0,37411329.01131768,28619601.918814328
34140.0,37753136.46363034,28635653.824868485
34200.0,38099529.797041714,28652257.116047736
34260.0,38450185.048438154,28669416.359361906
34320.0,38804573.11288366,28687135.164875057
34380.0,39162652.79368984,28705417.045553617
34440.0,39524134.09529867,28724264.984664667
34500.0,39888650.31783853,28743681.306983232
34560.0,40255811.32666751,28763667.643822964
34620.0,40625531.395103194,28784225.466615476
34680.0,40997539.0960585,28805355.767012436
34740.0,41371428.73505832,28827058.829133414
34800.0,41746948.35856414,28849334.50073588
34860.0,42123970.912216015,28872182.411943246
34920.0,42502244.76357285,28895601.763062883
34980.0,42881327.13637137,28919591.000409894
35040.0,43261102.424404815,28944148.382985227
35100.0,43641403.913675286,28969271.896712903
35160.0,44021999.81237282,28994959.145715736
35220.0,44402410.94579534,29021206.93413154
35280.0,44782655.689443514,29048012.119089555
35340.0,45162528.31730748,29075371.229782626
35400.0,45541770.39857972,29103280.38091618
35460.0,45920003.73537425,29131735.073563315
35520.0,46297240.68356309,29160730.860066693
35580.0,46673282.340003185,29190262.987351578
35640.0,47047831.821156785,29220326.234546535
35700.0,47420643.752308816,29250915.00348395
35760.0,47791689.60788511,29282023.6857061
35820.0,48160787.75544746,29313646.40609093
35880.0,48527602.378932536,29345776.76724953
35940.0,48892018.153275736,29378408.22198413
36000.0,49253965.38773145,29411534.15059371
36060.0,49613278.531309545,29445147.70197593
36120.0,49969582.25969697,29479241.447088424
36180.0,50322888.774036735,29513808.02640343
36240.0,50673086.84088201,29548839.944970448
36300.0,51020012.765369624,29584329.486822344
36360.0,51363290.45057407,29620268.366300482
36420.0,51703018.06048334,29656648.51406685
36480.0,52039055.538703874,29693461.683515266
36540.0,52371197.62343905,29730699.345157176
36600.0,52699194.19916569,29768352.61540965
36660.0,53023100.12604789,29806412.758634917
36720.0,53342788.613658704,29844870.889116984
36780.0,53658012.50756187,29883717.77593337
36840.0,53968645.66890493,29922944.042860035
36900.0,54274699.46017775,29962540.393132094
36960.0,54576059.57935474,30002497.40479804
37020.0,54872436.77669277,30042805.248188466
37080.0,55163827.086847685,30083454.15084002
37140.0,55450198.267565265,30124434.351351693
37200.0,55731447.8628715,30165735.986047693
37260.0,56007244.465205684,30207348.7211188
37320.0,56277704.6254143,30249262.476591945
37380.0,56542752.494551286,30291467.115465075
37440.0,56802260.49962197,30333952.361273017
37500.0,57055964.50120198,30376707.5806969
37560.0,57303990.66272442,30419722.409901418
37620.0,57546256.089707665,30462986.41896012
37680.0,57782590.18797169,30506488.972732432
37740.0,58012848.82882907,30550219.274570424
37800.0,58237113.76693358,30594166.726145606
37860.0,58455312.801637806,30638320.68189124
37920.0,58667232.61291038,30682670.22608589
37980.0,58872847.68210497,30727204.471672017
38040.0,59072195.63646893,30771912.659629114
38100.0,59265214.737138554,30816784.00148346
38160.0,59451649.36862372,30861807.374702234
38220.0,59631591.233067214,30906971.87055524
38280.0,59805034.225863025,30952266.639137227
38340.0,59971921.33619855,30997680.809242174
38400.0,60131971.96841177,31043203.139178377
38460.0,60285376.885779835,31088822.755007707
38520.0,60432092.34806689,31134528.78241123
38580.0,60572018.768059395,31180310.25983836
38640.0,60704992.9464603,31226156.04040765
38700.0,60831161.576064624,31272055.273796268
38760.0,60950491.13875195,31317997.124980412
38820.0,61062840.1719065,31363970.607278597
38880.0,61168161.55522481,31409964.729111847
38940.0,61266558.544200756,31455968.72574527
39000.0,61358007.878115326,31501971.862902764
39060.0,61442327.03803828,31547963.191896826
39120.0,61519583.611222126,31593931.934871253
39180.0,61589838.162194215,31639867.472738516
39240.0,61653077.78059657,31685759.23161903
39300.0,61709079.82420177,31731596.36229473
39360.0,61758025.15697161,31777368.357408565
39420.0,61799932.511785574,31823064.802087978
39480.0,61834771.75050097,31868675.298970066
39540.0,61862364.328579746,31914189.24286932
39600.0,61882919.71904938,31959596.410257477
39660.0,61896443.5204953,32004886.64794316
39720.0,61902865.626502536,32050049.758182675
39780.0,61902121.564577445,32095075.50751359
39840.0,61894379.04939207,32139953.97670317
39900.0,61879654.5686653,32184675.330976795
39960.0,61857839.191116646,32229229.631067097
40020.0,61828981.100675695,32273607.069552265
40080.0,61793207.337563865,32317798.087917555
40140.0,61750545.57914368,32361793.226170506
40200.0,61700849.31157535,32405582.862118874
40260.0,61644277.923181795,32449157.66846919
40320.0,61580918.973997414,32492508.503745276
40380.0,61510811.69112722,32535626.339090567
40440.0,61433773.312961705,32578501.928072568
40500.0,61350072.964142986,32621126.477755636
40560.0,61259760.025586106,32663491.320282012
40620.0,61162837.799579024,32705587.843885113
40680.0,61059232.39084319,32747407.37861514
40740.0,60949177.507048026,32788941.649791036
40800.0,60832733.65094916,32830182.520380974
40860.0,60709868.431392394,32871121.853583634
40920.0,60580619.09531814,32911751.61493515
40980.0,60445181.73267869,32952064.104126573
41040.0,60303629.72582315,32992051.77316414
41100.0,60155896.51703368,33031707.02096541
41160.0,60002129.16652309,33071022.505142607
41220.0,59842487.68615475,33109991.158972315
41280.0,59677058.95771383,33148606.083098397
41340.0,59505743.85527305,33186860.274349738
41400.0,59328797.98695208,33224747.140599884
41460.0,59146346.91788949,33262260.30959741
41520.0,58958472.32530315,33299393.56395537
41580.0,58765102.37048639,33336140.61851025
41640.0,58566541.837384574,33372495.663494222
41700.0,58362902.95223791,33408453.084053565
41760.0,58154235.79410539,33444007.369556513
41820.0,57940578.99392343,33479153.096420743
41880.0,57722203.96978288,33513885.26099576
41940.0,57499238.53421322,33548199.071114812
42000.0,57271702.913241334,33582089.79088928
42060.0,57039745.17703969,33615552.92268121
42120.0,56803605.19869158,33648584.3361798
42180.0,56563427.24966069,33681180.129797846
42240.0,56319203.44590476,33713336.412917316
42300.0,56071190.37892341,33745049.6809542
42360.0,55819598.20344887,33776316.74685009
42420.0,55564588.54442463,33807134.67018471
42480.0,55306127.09698817,33837500.47869714
42540.0,55044578.16324174,33867411.730720475
42600.0,54780123.950189486,33896866.254973255
42660.0,54512906.17652627,33925862.09171243
42720.0,54242980.05591174,33954397.369752035
42780.0,53970702.490259975,33982470.72896733
42840.0,53696267.49104405,34010081.08857808
42900.0,53419791.38791351,34037227.53654918
42960.0,53141438.97005069,34063909.39609318
43020.0,52861540.29260866,34090126.45452626
43080.0,52580308.77258279,34115878.79758762
43140.0,52297836.55229264,34141166.63869291
43200.0,52014396.95831687,34165990.56969239
43260.0,51730294.37576264,34190351.60132355
43320.0,51445761.88643156,34214251.061552234
43380.0,51160868.157875985,34237690.36597315
43440.0,50875993.76172747,34260671.44801149
43500.0,50591418.01180937,34283196.61568569
43560.0,50307381.05701346,34305268.495081455
43620.0,50023965.00490013,34326889.81077584
43680.0,49741618.98690744,34348063.88931448
43740.0,49460609.30977178,34368794.404294536
43800.0,49181150.97163441,34389085.303701855
43860.0,48903431.84442235,34408940.77092582
43920.0,48627873.76221943,34428365.542771846
43980.0,48354759.734625906,34447364.71629416
44040.0,48084277.79219174,34465943.616942525
44100.0,47816717.95020378,34484107.935763285
44160.0,47552472.39392832,34501863.865733616
44220.0,47291837.497987285,34519217.9683554
44280.0,47034970.92143449,34536176.983196974
44340.0,46782259.81515308,34552748.137232095
44400.0,46534062.58842821,34568939.102706686
44460.0,46290683.88610622,34584757.92157766
44520.0,46052245.68313807,34600212.75683583
44580.0,45819225.519103944,34615312.370244004
44640.0,45591941.827854514,34630065.90446122
44700.0,45370669.77229232,34644482.82240462
44760.0,45155580.07473459,34658572.76510212
44820.0,44947140.0591173,34672345.94755729
44880.0,44745650.39729976,34685812.93211577
44940.0,44551335.63109571,34698984.52450426
45000.0,44364441.29968337,34711871.8002045
45060.0,44185378.12865698,34724486.32261256
45120.0,44014430.42880939,34736839.97168995
45180.0,43851761.19067604,34748944.78074571
45240.0,43697678.64457911,34760813.12804522
45300.0,43552525.2501455,34772457.779862575
45360.0,43416556.6953213,34783891.77313699
45420.0,43289862.2035612,34795128.19378484
45480.0,43172799.48087414,34806180.5305752
45540.0,43065630.191364616,34817062.54593856
45600.0,42968562.1831296,34827788.203355916
45660.0,42881617.71989352,34838371.42216871
45720.0,42805171.56226861,34848826.54046281
45780.0,42739398.89604467,34859168.05075846
45840.0,42684412.17531869,34869410.51689008
45900.0,42640262.20200902,34879568.49294906
45960.0,42607222.36577418,34889656.81393186
46020.0,42585406.83987443,34899690.38632553
46080.0,42574823.43344105,34909684.04914729
46140.0,42575541.962197654,34919652.65501602
46200.0,42587726.7625904,34929611.19281807
46260.0,42611424.02794578,34939574.63358995
46320.0,42646531.534333974,34949557.738383666
46380.0,42693132.42784851,34959575.29943084
46440.0,42751278.68263177,34969642.099667534
46500.0,42820946.04301743,34979772.81443315
46560.0,42901921.63577481,34989981.769099824
46620.0,42994300.804291286,35000283.33799969
46680.0,43098024.79517545,35010691.746042326
46740.0,43212977.25277702,35021220.99573005
46800.0,43338911.04244967,35031884.700918145
46860.0,43475864.98160576,35042696.45543887
46920.0,43623699.94720796,35053669.6056841
46980.0,43782197.89520403,35064817.151392296
47040.0,43951135.044988275,35076151.74054229
47100.0,44130451.702159055,35087685.880620785
47160.0,44319954.76074504,35099431.769781254
47220.0,44519335.264380984,35111401.15160412
47280.0,44728402.07300186,35123605.46749422
47340.0,44947008.73333372,35136055.91523293
47400.0,45174919.70043478,35148763.33774584
47460.0,45411747.71246158,35161738.03354194
47520.0,45657344.86689444,35174990.06237193
47580.0,45911490.83143893,35188529.15539724
47640.0,46173918.96495087,35202364.65893572
47700.0,46444179.29476375,35216505.30627638
47760.0,46722175.06905709,35230959.66527484
47820.0,47007625.58609703,35245735.9085883
47880.0,47300206.48890594,35260841.76144584
47940.0,47599531.94412054,35276284.42750676
48000.0,47905451.09478306,35292070.885840856
48060.0,48217672.48837863,35308207.716805324
48120.0,48535824.95422513,35324701.00513128
48180.0,48859595.062074825,35341556.41491577
48240.0,49188787.89339789,35358779.33964025
48300.0,49523110.04307693,35376374.78150787
48360.0,49862152.48197977,35394347.210416645
48420.0,50205680.5888517,35412700.78337629
48480.0,50553463.43474608,35431439.35101412
48540.0,50905212.4794357,35450566.388255686
48600.0,51260487.7434553,35470084.809681855
48660.0,51619137.994982906,35489997.32902255
48720.0,51980902.37842576,35510306.32538881
48780.0,52345484.8258492,35531013.80201914
48840.0,52712471.43438371,35552121.24382795
48900.0,53081745.32667111,35573629.98503389
48960.0,53453037.39275274,35595541.02352374
49020.0,53826027.21993218,35617854.960116655
49080.0,54200390.85033117,35640571.99665726
49140.0,54575986.986931205,35663692.161480546
49200.0,54952561.3121843,35687215.172639936
49260.0,55329771.593006745,35711140.33271346
49320.0,55707384.535152115,35735466.663859986
49380.0,56085236.55572876,35760192.994226776
49440.0,56463089.43343261,35785317.868546195
49500.0,56840580.60390907,35810839.39913452
49560.0,57217567.419009276,35836755.5347518
49620.0,57593865.247848034,35863064.01082568
49680.0,57969252.52086246,35889762.30612765
49740.0,58343347.08675888,35916847.45061575
49800.0,58716096.44297421,35944316.42530534
49860.0,59087295.512582764,35972165.978960305
49920.0,59456706.59125752,36000392.59027316
49980.0,59824026.68647496,36028992.39110893
50040.0,60189194.14418391,36057961.457959145
50100.0,60552016.45255924,36087295.65555747
50160.0,60912235.875047,36116990.56012624
50220.0,61269639.38206256,36147041.51451326
50280.0,61624144.34146037,36177443.78518981
50340.0,61975574.34468714,36208192.45093414
50400.0,62323651.45917343,36239282.28308681
50460.0,62668251.50242534,36270707.9301966
50520.0,63009270.71691823,36302463.94300743
50580.0,63346548.27585601,36334544.70734058
50640.0,63679785.776246704,36366944.28206678
50700.0,64008946.77367611,36399656.711050935
50760.0,64333906.145875975,36432675.9184207
50820.0,64654506.224561095,36465995.67084826
50880.0,64970463.4390591,36499609.43000888
50940.0,65281792.40424254,36533510.70559691
51000.0,65588358.23763403,36567692.87916401
51060.0,65889981.77058125,36602149.15283195
51120.0,66186466.34203902,36636872.529814586
51180.0,66477804.246563904,36671856.03710269
51240.0,66763874.71681035,36707092.59293373
51300.0,67044476.84470008,36742574.91369603
51360.0,67319499.88682933,36778295.62044034
51420.0,67588913.61614649,36814247.33338749
51480.0,67852610.93081026,36850422.58233553
51540.0,68110369.0084873,36886813.672470756
51600.0,68362162.1001291,36923412.914828494
51660.0,68607937.31074199,36960212.59473083
51720.0,68847600.82119967,36997204.92445992
51780.0,69080907.80102213,37034381.86869695
51840.0,69307916.62732962,37071735.496889815
51900.0,69528551.66120383,37109257.82771561
51960.0,69742704.95665926,37146940.792067744
52020.0,69950190.96303946,37184776.144052714
52080.0,70151070.0641458,37222755.74534314
52140.0,70345270.97826377,37260871.41304501
52200.0,70532663.2461276,37299114.851933606
52260.0,70713145.12111554,37337477.688063554
52320.0,70886753.75877663,37375951.628511615
52380.0,71053430.46838698,37414528.35112316
52440.0,71213022.40699269,37453199.39695367
52500.0,71365510.90871666,37491956.32439569
52560.0,71510910.0230904,37530790.746426165
52620.0,71649173.52466756,37569694.26156669
52680.0,71780126.4084077,37608658.30729202
52740.0,71903832.38030517,37647674.43251729
52800.0,72020282.59080078,37686734.214515336
52860.0,72129436.28536811,37725829.22254128
52920.0,72231117.40285237,37764950.864469066
52980.0,72325450.52356963,37804090.72818266
53040.0,72412411.12278287,37843240.41188695
53100.0,72491936.18424918,37882391.480556294
53160.0,72563932.17899895,37921535.431683205
53220.0,72628500.66914569,37960663.915603675
53280.0,72685629.56242642,37999768.606647395
53340.0,72735234.00371097,38038841.12115478
53400.0,72777302.37533106,38077873.10009205
53460.0,72811913.61969294,38116856.31055176
53520.0,72839068.17137879,38155782.55703251
53580.0,72858659.8436764,38194643.561832786
53640.0,72870758.30413185,38233431.16221567
53700.0,72875420.35841915,38272137.295395784
53760.0,72872659.11663236,38310753.94921413
53820.0,72862347.6493144,38349273.005735986
53880.0,72844636.2791929,38387686.55058393
53940.0,72819560.24169008,38425986.74378872
54000.0,72787124.02400132,38464165.78521118
54060.0,72747245.12293433,38502215.81777247
54120.0,72700089.38475035,38540129.20310172
54180.0,72645692.62347765,38577898.37632472
54240.0,72584038.90383887,38615515.788412675
54300.0,72515127.05537505,38652973.92240932
54360.0,72439101.66043338,38690265.454128996
54420.0,72356011.89380069,38727383.145903714
54480.0,72265822.15830137,38764319.75274556
54540.0,72168612.07056172,38801068.14913479
54600.0,72064505.6997584,38837621.377212405
54660.0,71953565.93108858,38873972.578698546
54720.0,71835738.33433108,38910114.8657113
54780.0,71711182.78291772,38946041.555653475
54840.0,71580003.65884626,38981746.109376885
54900.0,71442275.67070037,39017222.09796849
54960.0,71297933.31215826,39052463.049075685
55020.0,71147209.3413353,39087462.772404216
55080.0,70990191.63598849,39122215.200360194
55140.0,70826936.69311857,39156714.35323588
55200.0,70657460.33045135,39190954.29451547
55260.0,70481976.26118447,39224929.345510766
55320.0,70300587.29616334,39258633.9636785
55380.0,70113332.68425885,39292062.67301824
55440.0,69920309.13996185,39325210.12590454
55500.0,69721712.30852023,39358071.20934521
55560.0,69517660.45740369,39390640.96015304
55620.0,69308176.57972693,39422914.46136079
55680.0,69093437.88952234,39454887.00815838
55740.0,68873622.97354132,39486554.10822876
55800.0,68648866.10171275,39517911.432952926
55860.0,68419175.00695327,39548954.680615656
55920.0,68184807.03348963,39579679.844084404
55980.0,67945924.72188058,39610083.10761902
56040.0,67702662.79533835,39640160.81606411
56100.0,67455062.96938139,39669909.37451686
56160.0,67203414.08508745,39699325.51202816
56220.0,66947879.703567095,39728406.146170676
56280.0,66688580.03000847,39757148.335812286
56340.0,66425638.075278126,39785549.28335165
56400.0,66159327.38168773,39813606.494094566
56460.0,65889828.88518906,39841317.67623176
56520.0,65617249.09246761,39868680.66075005
56580.0,65341791.82736362,39895693.503980815
56640.0,65063716.12786747,39922354.54489595
56700.0,64783220.60270672,39948662.33966612
56760.0,64500398.67648498,39974615.54932448
56820.0,64215534.37753375,40000213.140484154
56880.0,63928872.794623114,40025454.342650965
56940.0,63640630.26740312,40050338.61654427
57000.0,63350887.44329385,40074865.51004611
57060.0,63060007.726821184,40099034.95506901
57120.0,62768222.44846993,40122847.126805775
57180.0,62475736.29367987,40146302.41449399
57240.0,62182704.22516516,40169401.36817394
57300.0,61889480.61007291,40192144.90664714
57360.0,61596311.77008207,40214534.20252939
57420.0,61303388.342883706,40236570.622738756
57480.0,61010943.54061838,40258255.77192234
57540.0,60719316.305338494,40279591.601467095
57600.0,60428768.47822882,40300580.32738039
57660.0,60139475.36640756,40321224.33886741
57720.0,59851746.08467349,40341526.33652417
57780.0,59565902.51307547,40361489.34397646
57840.0,59282219.79896737,40381116.65772645
57900.0,59000855.66289108,40400411.72405305
57960.0,58722191.891819105,40419378.37018945
58020.0,58446530.58220743,40438020.71994335
58080.0,58174145.47315795,40456343.16287023
58140.0,57905207.48350461,40474350.24679245
58200.0,57640132.50741571,40492046.92953536
58260.0,57379210.250249445,40509438.44685845
58320.0,57122689.56862466,40526530.26900019
58380.0,56870806.387563564,40543328.086182676
58440.0,56623948.45008836,40559837.963353015
58500.0,56382406.47440292,40576066.23874897
58560.0,56146398.562995106,40592019.44809758
58620.0,55916218.860704504,40607704.40143699
58680.0,55692220.40779435,40623128.24193429
58740.0,55474687.79703439,40638298.37426841
58800.0,55263801.02520487,40653222.35656528
58860.0,55059904.29267496,40667908.066999644
58920.0,54863307.941562936,40682363.667686574
58980.0,54674281.94207975,40696597.56216714
59040.0,54492959.53238662,40710618.25522631
59100.0,54319725.612462625,40724434.60787324
59160.0,54154838.67506174,40738055.70733287
59220.0,53998520.24251028,40751490.82844248
59280.0,53850920.17374665,40764749.36016849
59340.0,53712381.03151226,40777840.99987662
59400.0,53583124.0014245,40790775.62917111
59460.0,53463306.665415935,40803563.24878387
59520.0,53353102.381102026,40816213.993876934
59580.0,53252784.54030544,40828738.23410496
59640.0,53162532.97855367,40841146.47831467
59700.0,53082431.96681085,40853449.2778006
59760.0,53012668.73022411,40865657.32945966
59820.0,52953438.62788524,40877781.48321937
59880.0,52904871.51173402,40889832.67563271
59940.0,52866970.37101251,40901821.80245491
60000.0,52839928.20025723,40913759.90885272
60060.0,52823855.328829765,40925658.10607547
60120.0,52818817.79700554,40937527.52692471
60180.0,52824753.50645404,40949379.19789133
60240.0,52841833.726326264,40961224.272122845
60300.0,52870086.77257108,40973073.88655116
60360.0,52909489.03616269,40984939.110357925
60420.0,52959977.28093716,40996830.9059593
60480.0,53021631.94337616,41008760.27206785
60540.0,53094420.54640053,41020738.13160634
60600.0,53178229.80010893,41032775.252070196
60660.0,53272995.33039142,41044882.29467981
60720.0,53378708.3270961,41057069.86981066
60780.0,53495277.72648345,41069348.45604627
60840.0,53622503.93032945,41081728.29379211
60900.0,53760324.610107936,41094219.52168996
60960.0,53908646.54013268,41106832.146708116
61020.0,54067325.34522012,41119575.99449427
61080.0,54236081.4491041,41132460.57745557
61140.0,54414860.41841552,41145495.31724062
61200.0,54603492.05953037,41158689.431693844
61260.0,54801766.71719462,41172051.89720364
61320.0,55009392.152767695,41185591.369077966
61380.0,55226270.71531376,41199316.37332649
61440.0,55452184.019870035,41213235.18938757
61500.0,55686857.34835631,41227355.79637193
61560.0,55930022.09261206,41241685.880481325
61620.0,56181519.436328806,41256232.94333998
61680.0,56441101.58921934,41271004.21634181
61740.0,56708438.73871251,41286006.58225276
61800.0,56983294.70391434,41301246.66780777
61860.0,57265459.39162839,41316730.87025571
61920.0,57554665.01559357,41332465.30256708
61980.0,57850536.31067195,41348455.690764666
62040.0,58152877.83402775,41364707.549703985
62100.0,58461437.473763496,41381226.12934076
62160.0,58775932.815682806,41398016.386760004
62220.0,59095961.62949356,41415082.87204711
62280.0,59421366.7605521,41432429.96635204
62340.0,59751865.481278986,41450061.761842825
62400.0,60087143.60100639,41467982.032842025
62460.0,60426853.11400712,41486194.20487004
62520.0,60770807.472383134,41504701.5112688
62580.0,61118724.70818935,41523506.90263689
62640.0,61470265.26404488,41542612.993021384
62700.0,61825140.37158465,41562022.11013005
62760.0,62183139.86486602,41581736.371845864
62820.0,62543987.58845979,41601757.62420175
62880.0,62907323.6338909,41622087.36276062
62940.0,63272922.21625629,41642726.862144314
63000.0,63640553.99144291,41663677.17369603
63060.0,64009952.397026524,41684939.09113023
63120.0,64380740.91569146,41706513.04723722
63180.0,64752759.37820595,41728399.32105581
63240.0,65125762.52056556,41750597.95786748
63300.0,65499481.01320273,41773108.747493386
63360.0,65873569.514122464,41795931.153522395
63420.0,66247890.05502504,41819064.5110451
63480.0,66622198.768521994,41842507.927167475
63540.0,66996213.29581453,41866260.245740324
63600.0,67369657.39994963,41890320.05437637
63660.0,67742380.15783818,41914685.803767
63720.0,68114152.64256401,41939355.73487698
63780.0,68484680.76895046,41964327.818634346
63840.0,68853757.88481125,41989599.83937324
63900.0,69221221.1962012,42015169.436891384
63960.0,69586857.41128176,42041034.05975666
64020.0,69950361.47812873,42067190.88020499
64080.0,70311596.40293176,42093636.95279181
64140.0,70670388.13373946,42120369.18027633
64200.0,71026539.31064321,42147384.2925477
64260.0,71379734.2885101,42174678.73698837
64320.0,71729905.53045818,42202248.91123602
64380.0,72076868.00862682,42230091.05391765
64440.0,72420413.90287335,42258201.22416807
64500.0,72760296.34595926,42286575.26614183
64560.0,73096437.62390393,42315208.96721781
64620.0,73428668.21492614,42344097.97301884
64680.0,73756769.49254388,42373237.74251747
64740.0,74080563.9254806,42402623.58698732
64800.0,74399962.53671424,42432250.75268151
64860.0,74714811.4420409,42462114.361089796
64920.0,75024881.10895142,42492209.33959983
64980.0,75330062.78087044,42522530.5339131
65040.0,75630256.10919812,42553072.71617812
65100.0,75925322.56587593,42583830.55014098
65160.0,76215021.56282583,42614798.49766647
65220.0,76499312.53952809,42645971.003684744
65280.0,76778083.62837458,42677342.43072949
65340.0,77051200.18936445,42708907.03840501
65400.0,77318443.93234162,42740658.90711504
65460.0,77579808.40704392,42772592.13305449
65520.0,77835181.24757169,42804700.731144704
65580.0,78084416.2182359,42836978.604417436
65640.0,78327362.78247009,42869419.540594816
65700.0,78564002.44853275,42902017.333204806
65760.0,78794237.4235961,42934765.70919968
65820.0,79017909.7651175,42967658.27442842
65880.0,79234936.1569613,43000688.58215386
65940.0,79445285.96340081,43033850.18122687
66000.0,79648875.73420174,43067136.56809322
66060.0,79845535.75815757,43100541.108683646
66120.0,80035249.43333042,43134057.177943766
66180.0,80217973.92410961,43167678.136009194
66240.0,80393639.93666786,43201397.304306895
66300.0,80562065.98872048,43235207.86420229
66360.0,80723301.7098481,43269103.06659438
66420.0,80877292.0646353,43303076.1370533
66480.0,81023959.42530686,43337120.25554451
66540.0,81163177.65815671,43371228.51289583
66600.0,81294995.10422663,43405394.06838351
66660.0,81419366.94254743,43439610.065569974
66720.0,81536203.56843345,43473869.59210133
66780.0,81645444.99153544,43508165.70656623
66840.0,81747127.15294124,43542491.52474071
66900.0,81841219.12802981,43576840.15936249
66960.0,81927619.49248934,43611204.65697282
67020.0,82006334.01229902,43645578.094175436
67080.0,82077386.38070357,43679953.59353727
67140.0,82140759.56800462,43714324.28699077
67200.0,82196340.55531746,43748683.23008748
67260.0,82244200.49142593,43783023.56662748
67320.0,82284351.03990534,43817338.47524894
67380.0,82316781.60051474,43851621.149447754
67440.0,82341390.39050941,43885864.7163882
67500.0,82358291.04086983,43920062.42867663
67560.0,82367490.98279533,43954207.56948846
67620.0,82368968.1180559,43988293.42623075
67680.0,82362686.32541169,44022313.278091736
67740.0,82348747.29931477,44056260.51814596
67800.0,82327172.61100326,44090128.58194495
67860.0,82297929.04264899,44123910.89888634
67920.0,82261045.84471218,44157600.94742505
67980.0,82216613.14666608,44191192.30858943
68040.0,82164666.836243,44224678.61769671
68100.0,82105163.0152575,44258053.49381791
68160.0,82038196.02753906,44291310.66154125
68220.0,81963844.87156732,44324443.93701181
68280.0,81882159.97217363,44357447.20242057
68340.0,81793087.24635495,44390314.313960455
68400.0,81696785.86677794,44423039.28900679
68460.0,81593324.19333869,44455616.2258204
68520.0,81482749.19668607,44488039.28446389
68580.0,81365051.91492979,44520302.63759641
68640.0,81240401.3412771,44552400.62597375
68700.0,81108873.99519622,44584327.676951244
68760.0,80970507.09585987,44616078.26981242
68820.0,80825357.18044318,44647646.9523849
68880.0,80673583.04282485,44679028.42981559
68940.0,80515276.54703796,44710217.50563563
69000.0,80350465.76191914,44741209.025858484
69060.0,80179272.52948001,44771997.9602665
69120.0,80001846.04614338,44802579.42561882
69180.0,79818293.86869207,44832948.64889989
69240.0,79628635.5396593,44863100.890572995
69300.0,79433058.02054147,44893031.58938681
69360.0,79231701.53458637,44922736.32117332
69420.0,79024685.68586396,44952210.78043407
69480.0,78812034.13128088,44981450.69697194
69540.0,78593986.75512981,45010452.02230253
69600.0,78370679.436169,45039210.83903862
69660.0,78142223.78253151,45067723.33942061
69720.0,77908709.34876019,45095985.805865824
69780.0,77670367.567612,45123994.73257412
69840.0,77427350.95974608,45151746.75682427
69900.0,77179763.7104535,45179238.61687031
69960.0,76927761.03380074,45206467.195272475
70020.0,76671566.46370219,45233429.57682212
70080.0,76411349.42235154,45260123.0013474
70140.0,76147207.15555725,45286544.80130823
70200.0,75879360.22789228,45312692.50680103
70260.0,75608024.7195517,45338563.84088537
70320.0,75333387.09777685,45364156.69349364
70380.0,75055538.00314057,45389469.03902616
70440.0,74774762.92329507,45414499.101959944
70500.0,74491270.75429727,45439245.29060023
70560.0,74205250.64721422,45463706.17950892
70620.0,73916829.71074574,45487880.45608601
70680.0,73626314.77859326,45511767.0726586
70740.0,73333921.89142181,45535365.16834881
70800.0,73039833.13446848,45558674.03950654
70860.0,72744240.19165733,45581693.147171356
70920.0,72447442.03665528,45604422.20714554
70980.0,72149670.9317094,45626861.132525556
71040.0,71851101.4023647,45649009.98410482
71100.0,71551988.47303858,45670869.037681974
71160.0,71252622.56777012,45692438.81300246
71220.0,70953251.11356524,45713720.03650757
71280.0,70654040.04586022,45734713.57186897
71340.0,70355306.001552,45755420.54615802
71400.0,70057329.55987512,45775842.318438455
71460.0,69760370.84376939,45795980.46161673
71520.0,69464587.85847381,45815836.67587584
71580.0,69170354.10644357,45835412.96877657
71640.0,68877939.05544654,45854711.56683911
71700.0,68587590.38749358,45873734.89639614
71760.0,68299523.66596119,45892485.55590246
71820.0,68014098.03863104,45910966.43516957
71880.0,67731591.56324571,45929180.646461785
71940.0,67452236.2256587,45947131.485143356
72000.0,67176301.20006555,45964822.45990579
72060.0,66904127.55077315,45982257.35173832
72120.0,66635997.75125075,45999440.16405073
72180.0,66372123.749398686,46016375.063124165
72240.0,66112823.34649292,46033066.46535288
72300.0,65858414.65715814,46049519.03646641
72360.0,65609179.27039752,46065737.660209306
72420.0,65365303.60021887,46081727.35858545
72480.0,65127147.992580995,46097493.43526922
72540.0,64895001.58141865,46113041.41553899
72600.0,64669127.740028515,46128377.02407163
72660.0,64449713.42936558,46143506.12102067
72720.0,64237121.69842397,46158434.8467446
72780.0,64031616.4963838,46173169.5389537
72840.0,63833423.261823185,46187716.70017517
72900.0,63642758.764001936,46202082.989939645
72960.0,63459943.89954222,46216275.30976662
73020.0,63285221.781377755,46230300.73825603
73080.0,63118771.83627642,46244166.47807378
73140.0,62960832.17699648,46257879.90358561
73200.0,62811673.269871615,46271448.58667274
73260.0,62671508.96774251,46284880.2495565
73320.0,62540464.34630467,46298182.69153419
73380.0,62418790.26181839,46311363.8915099
73440.0,62306698.48529663,46324431.97532835
73500.0,62204365.360991925,46337395.18625542
73560.0,62111853.63355135,46350261.79184049
73620.0,62029418.788402356,46363040.24090045
73680.0,61957206.32796021,46375739.0732189
73740.0,61895326.92036875,46388366.89083253
73800.0,61843836.422819324,46400932.31321626
73860.0,61802925.66437548,46413444.086856514
73920.0,61772688.50671918,46425911.00602848
73980.0,61753162.059031256,46438341.86657431
74040.0,61744396.38069061,46450745.476391256
74100.0,61746506.33086684,46463130.70785237
74160.0,61759532.12313648,46475506.437152766
74220.0,61783433.850034855,46487881.479523726
74280.0,61818252.49615678,46500264.654819876
74340.0,61864024.70454355,46512664.78399641
74400.0,61920735.3372997,46525090.64734584
74460.0,61988266.62953397,46537550.90196485
74520.0,62066649.79516861,46550054.20220092
74580.0,62155843.72103582,46562609.14147593
74640.0,62255771.2156851,46575224.22352915
74700.0,62366261.61064341,46587907.78769551
74760.0,62487315.181405395,46600668.14675948
74820.0,62618823.86231473,46613513.50018013
74880.0,62760637.125777125,46626451.90052115
74940.0,62912580.26690585,46639491.234681584
75000.0,63074582.36736922,46652639.307587735
75060.0,63246488.64320916,46665903.77548192
75120.0,63428081.13710566,46679292.0960583
75180.0,63619186.821662344,46692811.56511305
75240.0,63819670.29790852,46706469.34719662
75300.0,64029336.949007444,46720272.428951055
75360.0,64247908.82255594,46734227.55346826
75420.0,64475221.58716321,46748341.3116494
75480.0,64711083.26832825,46762620.120835945
75540.0,64955267.29239654,46777070.19801749
75600.0,65207443.96388876,46791697.478784055
75660.0,65467465.28729686,46806507.762533866
75720.0,65735091.10420965,46821506.63998369
75780.0,66010053.936971985,46836699.472364515
75840.0,66292032.1263871,46852091.349464215
75900.0,66580850.26358142,46867687.20631332
75960.0,66876245.387698874,46883491.75463985
76020.0,67177912.24260926,46899509.450368315
76080.0,67485559.51579522,46915744.505624965
76140.0,67798977.19440353,46932200.95376427
76200.0,68117891.92688613,46948882.600199796
76260.0,68441968.09269461,46965792.97430876
76320.0,68770951.2417979,46982935.394330375
76380.0,69104603.7302606,47000312.981397085
76440.0,69442648.30403501,47017928.62921705
76500.0,69784725.4077501,47035784.940415904
76560.0,70130622.99309061,47053884.3432785
76620.0,70480081.7115601,47072229.05539148
76680.0,70832821.28179723,47090821.0680882
76740.0,71188477.20971203,47109662.08149056
76800.0,71546870.68596497,47128753.65071281
76860.0,71907730.04164006,47148097.11393758
76920.0,72270759.30128795,47167693.57430212
76980.0,72635644.34554923,47187543.88667254
77040.0,73002192.03796893,47207648.75283399
77100.0,73370139.19556989,47228008.66757542
77160.0,73739177.67012297,47248623.884529196
77220.0,74109046.46857056,47269494.45374756
77280.0,74479541.23258078,47290620.26646405
77340.0,74850409.95059557,47312001.01874033
77400.0,75221334.92480673,47333636.16130318
77460.0,75592110.24777952,47355524.98708665
77520.0,75962522.618623,47377666.62612035
77580.0,76332333.11714981,47400060.02634543
77640.0,76701216.36984548,47422703.887507334
77700.0,77069022.8691434,47445596.79791786
77760.0,77435531.97429214,47468737.1799984
77820.0,77800505.4162767,47492123.27732783
77880.0,78163652.65239915,47515753.11505901
77940.0,78524840.15385982,47539624.621632375
78000.0,78883854.75420287,47563735.56788819
78060.0,79240452.20153058,47588083.54377878
78120.0,79594399.98205687,47612665.968078524
78180.0,79945558.59418309,47637480.160423964
78240.0,80293730.47401732,47662523.29716751
78300.0,80638665.96072333,47687792.37200549
78360.0,80980190.74034013,47713284.25437022
78420.0,81318159.79980989,47738995.71232388
78480.0,81652391.45040792,47764923.384906515
78540.0,81982630.9314483,47791063.72680609
78600.0,82308762.09569928,47817413.114873946
78660.0,82630634.65235028,47843967.82237774
78720.0,82948081.17101648,47870724.0063325
78780.0,83260847.01502869,47897677.64152572
78840.0,83568868.93987523,47924824.666866936
78900.0,83871993.15683903,47952160.91666919
78960.0,84170047.11107144,47979682.10678652
79020.0,84462834.32608442,48007383.81689987
79080.0,84750286.18416184,48035261.58804347
79140.0,85032264.72705899,48063310.87018071
79200.0,85308592.2461364,48091526.992435224
79260.0,85579130.11834596,48119905.19313613
79320.0,85843804.3063225,48148440.669016
79380.0,86102492.5351452,48177128.53890726
79440.0,86355011.87710395,48205963.79822615
79500.0,86601281.23122402,48234941.39628879
79560.0,86841221.06714311,48264056.23766952
79620.0,87074724.63054748,48293303.16185406
79680.0,87301603.70385255,48322676.88214171
79740.0,87521834.36873291,48352172.10974637
79800.0,87735331.52814692,48381783.50780532
79860.0,87941993.03325665,48411505.678748555
79920.0,88141657.59397139,48441333.12012635
79980.0,88334325.8652318,48471260.34649178
80040.0,88519917.88573316,48501281.828905
80100.0,88698325.94857383,48531391.97431299
80160.0,88869445.7416612,48561585.12833047
80220.0,89033272.08960213,48591855.64961788
80280.0,89189740.16872291,48622197.86525249
80340.0,89338736.70791753,48652606.03466449
80400.0,89480214.07694519,48683074.39887514
80460.0,89614161.26493338,48713597.20787295
80520.0,89740528.49970742,48744168.69169697
80580.0,89859196.98435324,48774783.009115174
80640.0,89970175.48987395,48805434.34280622
80700.0,90073447.2085972,48836116.880252905
80760.0,90168977.37018164,48866824.80037915
80820.0,90256641.73950605,48897552.20716395
80880.0,90336505.223298,48928293.270232305
80940.0,90408545.30410996,48959042.15980523
81000.0,90472722.63200939,48989793.034229085
81060.0,90528966.3836883,49020540.01672313
81120.0,90577338.63967387,49051277.29381111
81180.0,90617830.88086249,49081999.062907234
81240.0,90650398.3278282,49112699.5054958
81300.0,90675026.39450936,49143372.80947293
81360.0,90691771.46405253,49174013.22146009
81420.0,90700640.08316845,49204615.00986223
81480.0,90701582.25429574,49235172.42314974
81540.0,90694639.43863559,49265679.757230304
81600.0,90679862.53140233,49296131.36221132
81660.0,90657273.24125801,49326521.62075581
81720.0,90626816.61361603,49356844.89167567
81780.0,90588589.98048526,49387095.621748164
81840.0,90542639.00834998,49417268.307515465
81900.0,90488992.86078566,49447357.48301237
81960.0,90427615.4540101,49477357.67186376
82020.0,90358636.30756018,49507263.50846632
82080.0,90282104.00521645,49537069.67842008
82140.0,90198042.99028262,49566770.90070778
82200.0,90106473.42631899,49596361.9244491
82260.0,90007519.84324172,49625837.60491504
82320.0,89901246.43235481,49655192.85916244
82380.0,89787673.28030987,49684422.63368622
82440.0,89666876.68314448,49713521.94522149
82500.0,89538976.54258911,49742485.91220139
82560.0,89404052.87351328,49771309.725400016
82620.0,89262121.79990752,49799988.60127112
82680.0,89113315.64143337,49828517.866176896
82740.0,88957750.06260179,49856892.9439118
82800.0,88795521.13559215,49885109.34115215
82860.0,88626641.43435213,49913162.58669393
82920.0,88451299.19482075,49941048.35847984
82980.0,88269606.25180228,49968762.42781702
83040.0,88081658.64164194,49996300.647624694
83100.0,87887514.80226085,50023658.924992666
83160.0,87687369.77344774,50050833.31954422
83220.0,87481348.29930866,50077819.992204465
83280.0,87269543.2214565,50104615.1818509
83340.0,87052069.40266854,50131215.220886774
83400.0,86829118.38933228,50157616.59007271
83460.0,86600831.60329169,50183815.88195855
83520.0,86367299.05842817,50209809.76355085
83580.0,86128691.8775848,50235595.03427162
83640.0,85885198.45595825,50261168.63787398
83700.0,85636977.04380831,50286527.6403155
83760.0,85384115.12352028,50311669.17862725
83820.0,85126839.84600633,50336590.56063683
83880.0,84865336.71212108,50361289.23456493
83940.0,84599775.8350833,50385762.77752455
84000.0,84330257.4089525,50410008.84511843
84060.0,84057049.2128695,50434025.290777065
84120.0,83780338.99434389,50457810.107969336
84180.0,83500294.2128451,50481361.41524295
84240.0,83217071.0580293,50504677.44775206
84300.0,82930934.16681533,50527756.63402897
84360.0,82642087.87710719,50550597.55240954
84420.0,82350696.84061463,50573198.90229455
84480.0,82056972.55653581,50595559.53699216
84540.0,81761176.25005113,50617678.49846346
84600.0,81463528.33572002,50639554.98770974
84660.0,81164190.19554111,50661188.32237156
84720.0,80863427.66178708,50682578.01028899
84780.0,80561497.92750312,50703723.74271448
84840.0,80258636.6050157,50724625.3784021
84900.0,79955000.93648307,50745282.887630425
84960.0,79650909.72392565,50765696.465904646
85020.0,79346615.04815364,50785866.4860756
85080.0,79042353.0766302,50805793.486492075
85140.0,78738315.38663986,50825478.13899394
85200.0,78434832.02011263,50844921.345952466
85260.0,78132161.57382561,50864124.1891811
85320.0,77830533.00200352,50883087.90845875
85380.0,77530187.6365277,50901813.90967313
85440.0,77231446.81769268,50920303.82042315
85500.0,76934579.10925218,50938559.45220478
85560.0,76639803.674588,50956582.7651237
85620.0,76347408.51764081,50974375.915616006
85680.0,76057703.32482956,50991941.27094459
85740.0,75770963.34015515,51009281.38435901
85800.0,75487394.50650544,51026398.94598289
85860.0,75207327.59221192,51043296.86956516
85920.0,74931056.77618007,51059978.266147986
85980.0,74658857.36970134,51076446.43021188
86040.0,74390924.99882244,51092704.78346753
86100.0,74127621.11755987,51108756.98997212
86160.0,73869222.00465511,51124606.8959712
86220.0,73615981.3468257,51140258.51354313
86280.0,73368128.78235798,51155716.00329891
86340.0,73126001.06415425,51170983.74830298
86400.0,72889867.35581048,51186066.306363754
86460.0,72659953.7209963,51200968.379517555
86520.0,72436517.39735256,51215694.83514712
86580.0,72219864.03778559,51230250.73896045
86640.0,72010249.02158388,51244641.319488585
86700.0,71807864.00087161,51258871.92342035
86760.0,71612986.68454883,51272948.07470743
86820.0,71425884.54305686,51286875.4668763
86880.0,71246791.90003864,51300659.93955113
86940.0,71075858.6849263,51314307.41970667
87000.0,70913375.51637577,51327824.01839402
87060.0,70759564.2488062,51341215.98271547
87120.0,70614620.02963027,51354489.67696265
87180.0,70478675.45093569,51367651.53916084
87240.0,70351994.63463593,51380708.17127602
87300.0,70234757.09928761,51393666.28050489
87360.0,70127103.34803547,51406532.65211721
87420.0,70029166.15695529,51419314.14388442
87480.0,69941151.48036635,51432017.73602193
87540.0,69863198.02027428,51444650.4846746
87600.0,69795385.22899364,51457219.48107482
87660.0,69737839.7351959,51469731.88371282
87720.0,69690703.50819176,51482194.928599596
87780.0,69654068.91498445,51494615.89509747
87840.0,69627949.32438846,51507002.051811464
87900.0,69612460.34617832,51519360.72641513
87960.0,69607675.77349891,51531699.27692474
88020.0,69613637.85398613,51544025.07009247
88080.0,69630290.70431368,51556345.41452995
88140.0,69657735.9501855,51568667.66812807
88200.0,69695977.06512675,51580999.17111923
88260.0,69744985.91020569,51593347.224646814
88320.0,69804692.14354098,51605719.062227584
88380.0,69875126.84844255,51618121.91883737
88440.0,69956241.89766642,51630562.97716765
88500.0,70047939.44577019,51643049.334095515
88560.0,70150135.75321692,51655588.01053124
88620.0,70262793.05428189,51668185.982801884
88680.0,70385813.92117096,51680850.14243543
88740.0,70519033.73336235,51693587.25101618
88800.0,70662358.40193814,51706403.98828032
88860.0,70815685.21124795,51719306.94656726
88920.0,70978871.68447408,51732302.60428514
88980.0,71151691.2663401,51745397.269600086
89040.0,71334044.3262004,51758597.1665385
89100.0,71525768.79445562,51771908.39322396
89160.0,71726675.0005081,51785336.90372684
89220.0,71936504.59023039,51798888.462359324
89280.0,72155134.61229424,51812568.73530955
89340.0,72382358.36466466,51826383.234724835
89400.0,72617935.51465689,51840337.296657674
89460.0,72861613.94702093,51854436.07375383
89520.0,73113223.31238315,51868684.5906698
89580.0,73372529.94425194,51883087.70209216
89640.0,73639250.28794461,51897650.059914015
89700.0,73913145.47581486,51912376.14380425
89760.0,74194005.23111184,51927270.280894704
89820.0,74481576.21649471,51942336.617525026
89880.0,74775539.04660292,51957579.07575538
89940.0,75075674.95344429,51973001.4212375
90000.0,75381740.94850603,51988607.24758901
90060.0,75693470.96146218,52004399.96158892
90120.0,76010516.71453662,52020382.72906758
90180.0,76332685.8786674,52036558.579466514
90240.0,76659709.37143281,52052930.355259046
90300.0,76991299.04555787,52069500.699903764
90360.0,77327130.80549803,52086272.03463523
90420.0,77666997.49209034,52103246.63679678
90480.0,78010625.3571235,52120426.5961604
90540.0,78357707.37684098,52137813.79349683
90600.0,78707955.68692505,52155409.91395606
90660.0,79061146.31986666,52173216.490002334
90720.0,79417007.9995073,52191234.87063032
90780.0,79775219.48188108,52209466.18894575
90840.0,80135533.17792563,52227911.41152764
90900.0,80497712.5422472,52246571.346267395
90960.0,80861492.63637185,52265446.62416325
91020.0,81226541.75000162,52284537.65588759
91080.0,81592655.77113211,52303844.716569565
91140.0,81959588.9382513,52323367.918822154
91200.0,82327080.2901254,52343107.203276955
91260.0,82694806.7501011,52363062.298311025
91320.0,83062593.95472422,52383232.818453215
91380.0,83430194.90234332,52403618.21706378
91440.0,83797342.61150832,52424217.77375305
91500.0,84163761.72602884,52445030.58945946
91560.0,84529272.54811421,52466055.64972069
91620.0,84893641.05126353,52487291.789472856
91680.0,85256595.99757518,52508737.6691902
91740.0,85617911.0997623,52530391.8048544
91800.0,85977402.84895882,52552252.59638649
91860.0,86334851.4860713,52574318.3043484
91920.0,86689982.76760153,52596587.014833555
91980.0,87042620.37919755,52619056.70391663
92040.0,87392578.06461039,52641725.23153117
92100.0,87739651.20681235,52664590.32988641
92160.0,88083563.40629107,52687649.55714969
92220.0,88424188.88265201,52710900.396008186
92280.0,88761339.34092556,52734340.21326756
92340.0,89094812.89681192,52757966.25139851
92400.0,89424370.43811047,52781775.60476651
92460.0,89749898.1258793,52805765.30140578
92520.0,90071219.03590083,52829932.2623231
92580.0,90388129.81428704,52854273.28471582
92640.0,90700442.53498529,52878785.052364945
92700.0,91008041.84579611,52903464.18297559
92760.0,91310766.97155878,52928307.199009605
92820.0,91608413.30257763,52953310.49965832
92880.0,91900844.099285,52978470.40508443
92940.0,92187942.6560247,53003783.16961054
93000.0,92469564.41386855,53029244.963961676
93060.0,92745503.60754545,53054851.8360723
93120.0,93015674.59114775,53080599.78887841
93180.0,93279959.37004207,53106484.759632535
93240.0,93538226.55265686,53132502.6114942
93300.0,93790278.35899152,53158649.09107457
93360.0,94036070.97431554,53184919.92776046
93420.0,94275488.16010095,53211310.78725459
93480.0,94508397.2851207,53237817.26125835
93540.0,94734651.5979597,53264434.858652
93600.0,94954205.87878387,53291159.07084439
93660.0,95166959.97675027,53317985.33663934
93720.0,95372780.00331767,53344909.02080495
93780.0,95571570.0395087,53371925.43860322
93840.0,95763283.43410158,53399029.88744944
93900.0,95947836.04188308,53426217.62301138
93960.0,96125092.70194276,53453483.826765485
94020.0,96295008.12516975,53480823.663586415
94080.0,96457534.2092538,53508232.28000585
94140.0,96612602.74001509,53535704.79145264
94200.0,96760077.286319,53563236.23890159
94260.0,96899962.98742981,53590821.679225296
94320.0,97032210.28974313,53618456.150351584
94380.0,97156756.3345131,53646134.66286535
94440.0,97273495.00409412,53673852.172612004
94500.0,97382450.11607262,53701603.66336976
94560.0,97483581.21191241,53729384.10597671
94620.0,97576824.08010817,53757188.4433097
94680.0,97662123.00223167,53785011.59575515
94740.0,97739500.26448114,53812848.51068152
94800.0,97808931.24016593,53840694.13266221
94860.0,97870350.44341913,53868543.377640545
94920.0,97923752.4007629,53896391.170954786
94980.0,97969157.9450941,53924232.46392645
95040.0,98006558.2968944,53952062.21508363
95100.0,98035886.81283462,53979875.35363111
95160.0,98057188.12205248,54007666.84970199
95220.0,98070481.72062756,54035431.69839192
95280.0,98075773.95532043,54063164.911400065
95340.0,98072999.47982211,54090861.47185848
95400.0,98062250.59669237,54118516.43357221
95460.0,98043546.38660812,54146124.87477462
95520.0,98016892.13267492,54173681.88938386
95580.0,97982272.77328834,54201182.574182294
95640.0,97939779.3708663,54228622.09538473
95700.0,97889447.04783925,54255995.65334865
95760.0,97831280.23107673,54283298.46323444
95820.0,97765314.05661692,54310525.77418835
95880.0,97691638.55256256,54337672.903586574
95940.0,97610305.00427838,54364735.21259264
96000.0,97521317.22148007,54391708.07634819
96060.0,97424760.45774043,54418586.934800036
96120.0,97320723.94339316,54445367.29498018
96180.0,97209275.26854599,54472044.71729681
96240.0,97090417.88981406,54498614.77538441
96300.0,96964287.10183972,54525073.138204634
96360.0,96830971.59712644,54551415.54073198
96420.0,96690547.3528824,54577637.77583599
96480.0,96543041.97143,54603735.664017335
96540.0,96388616.4912988,54629705.13625306
96600.0,96227367.41304351,54655542.19356783
96660.0,96059370.60635099,54681242.894010276
96720.0,95884704.06246816,54706803.3537922
96780.0,95703528.51547256,54732219.79840577
96840.0,95515957.19875531,54757488.532854564
96900.0,95322066.1437669,54782605.918372154
96960.0,95121983.63649946,54807568.40458387
97020.0,94915870.35978653,54832372.549268596
97080.0,94703856.40905544,54857014.99912013
97140.0,94486018.21758845,54881492.45632734
97200.0,94262534.23387815,54905801.74137521
97260.0,94033565.30492,54929939.78182156
97320.0,93799258.46982406,54953903.60345411
97380.0,93559690.74648173,54977690.28684477
97440.0,93315090.55329001,55001297.06040785
97500.0,93065619.04730377,55024721.258553624
97560.0,92811425.09009933,55047960.31380058
97620.0,92552631.74519737,55071011.74061767
97680.0,92289471.74562538,55093873.2025372
97740.0,92022121.71798268,55116542.4772551
97800.0,91750730.9402847,55139017.43950235
97860.0,91475472.3385306,55161296.07524669
97920.0,91196578.67809723,55183376.518018045
97980.0,90914243.21785936,55205257.02426412
98040.0,90628615.47052492,55226935.94620185
98100.0,90339917.65736982,55248411.77599462
98160.0,90048382.29669559,55269683.15161852
98220.0,89754218.82114388,55290748.84231462
98280.0,89457576.55125397,55311607.711489804
98340.0,89158726.19832131,55332258.79049336
98400.0,88857899.47520868,55352701.25432551
98460.0,88555315.51701477,55372934.41353494
98520.0,88251139.86176744,55392957.6811648
98580.0,87945673.43037304,55412770.65484052
98640.0,87639151.92709537,55432373.07653898
98700.0,87331792.52749692,55451764.82088606
98760.0,87023807.41499394,55470945.891720876
98820.0,86715494.6023577,55489916.47381598
98880.0,86407102.9310014,55508676.90249146
98940.0,86098846.09016472,55527227.64184117
99000.0,85790980.98377146,55545569.310533255
99060.0,85483800.93270782,55563702.7033995
99120.0,85177565.88244368,55581628.770699166
99180.0,84872483.91576365,55599348.58627392
99240.0,84568854.15049781,55616863.4022136
99300.0,84266962.78787038,55634174.64051309
99360.0,83967078.18692856,55651283.88178509
99420.0,83669400.00964953,55668192.82332272
99480.0,83374266.40129448,55684903.36227205
99540.0,83081953.2754857,55701417.55751811
99600.0,82792721.29209901,55717737.620008826
99660.0,82506796.12067004,55733865.89123138
99720.0,82224512.96531323,55749804.90872481
99780.0,81946146.1461005,55765557.36887957
99840.0,81671940.96796075,55781126.10902326
99900.0,81402154.9018472,55796514.11430423
99960.0,81137105.24161468,55811724.55315615
100020.0,80877063.30008753,55826760.74916511
100080.0,80622253.99500872,55841626.15278971
100140.0,80372961.21953437,55856324.376316816
100200.0,80129478.9430766,55870859.19941069
100260.0,79892069.80762152,55885234.54986443
100320.0,79660932.5364819,55899454.464928195
100380.0,79436371.33963208,55913523.15403441
100440.0,79218650.72988951,55927444.97456957
100500.0,79008014.8006593,55941224.41924187
100560.0,78804640.2887026,55954866.07548856
100620.0,78608834.41688375,55968374.70300281
100680.0,78420829.13980636,55981755.18836443
100740.0,78240830.76829141,55995012.529388815
100800.0,78069024.6361171,56008151.82230949
100860.0,77905676.6431581,56021178.309412904
100920.0,77750991.79198717,56034097.34239898
100980.0,77605131.76792559,56046914.35631789
101040.0,77468283.57281046,56059634.88435618
101100.0,77340665.03426743,56072264.5758398
101160.0,77222447.50629294,56084809.16832525
101220.0,77113741.52219154,56097274.45128545
101280.0,77014729.24051462,56109666.30838807
101340.0,76925574.21119317,56121990.70619909
101400.0,76846408.10614784,56134253.6750748
101460.0,76777284.57465394,56146461.26283328
101520.0,76718375.30843551,56158619.604467794
101580.0,76669784.40310834,56170734.88196256
101640.0,76631588.5130655,56182813.30795495
101700.0,76603811.26731552,56194861.094361655
101760.0,76586578.27942659,56206884.51251323
101820.0,76579940.93338697,56218889.84923737
101880.0,76583912.12936367,56230883.3841491
101940.0,76598498.9066008,56242871.386222355
102000.0,76623761.9987571,56254860.1454062
102060.0,76659703.6060093,56266855.938152
102120.0,76706271.49454142,56278864.99547068
102180.0,76763455.01272336,56290893.527483165
102240.0,76831249.60690516,56302947.72706029
102300.0,76909608.33235414,56315033.74501061
102360.0,76998414.45605081,56327157.6492961
102420.0,77097640.50989138,56339325.47756827
102480.0,77207218.25375041,56351543.2133857
102540.0,77327052.16491565,56363816.77040824
102600.0,77456967.93072684,56376151.94652539
102660.0,77596919.67459789,56388554.4992595
102720.0,77746780.3669021,56401030.09848125
102780.0,77906395.44170123,56413584.31059054
102840.0,78075580.03875604,56426222.58114373
102900.0,78254231.46009663,56438950.283113964
102960.0,78442183.1154258,56451772.67986939
103020.0,78639226.70018849,56464694.90119748
103080.0,78845172.09394142,56477721.95427824
103140.0,79059865.61103255,56490858.74523621
103200.0,79283107.07112709,56504110.05240243
103260.0,79514640.70954281,56517480.494387984
103320.0,79754277.26816642,56530974.5691695
103380.0,80001818.64916563,56544596.64930879
103440.0,80257037.66563147,56558350.965443544
103500.0,80519637.86709933,56572241.56654596
103560.0,80789437.35428128,56586272.386816956
103620.0,81066200.46753803,56600447.214889176
103680.0,81349671.5961705,56614769.68270242
103740.0,81639544.91440235,56629243.236913934
103800.0,81935627.85524984,56643871.20490141
103860.0,82237662.0753161,56658656.757108465
103920.0,82545362.81771347,56673602.89224738
103980.0,82858443.12751055,56688712.43652624
104040.0,83176684.1277876,56703988.08340701
104100.0,83499818.3020941,56719432.3659538
104160.0,83827537.85969344,56735047.63409536
104220.0,84159580.35579842,56750836.08125812
104280.0,84495706.39711952,56766799.75807967
104340.0,84835644.79899508,56782940.55453793
104400.0,85179070.14814267,56799260.1692469
104460.0,85525749.44195111,56815760.16308532
104520.0,85875427.81232922,56832441.94704012
104580.0,86227835.14548591,56849306.77388948
104640.0,86582633.02628359,56866355.699492924
104700.0,86939622.05723396,56883589.66302171
104760.0,87298536.13530108,56901009.449088305
104820.0,87659095.48833837,56918615.680364355
104880.0,88020996.54083931,56936408.80442641
104940.0,88384032.87873666,56954389.1498091
105000.0,88747945.29396616,56972556.89617719
105060.0,89112447.03886229,56990912.059022814
105120.0,89477273.94033237,57009454.50301899
105180.0,89842213.7604321,57028183.972076274
105240.0,90207017.42091037,57047100.06868336
105300.0,90571393.75724837,57066202.23032927
105360.0,90935120.18598117,57085489.76902839
105420.0,91297980.91165587,57104961.87554098
105480.0,91659739.02233489,57124617.60770639
105540.0,92020100.8878093,57144455.85857626
105600.0,92378887.15039752,57164475.42181025
105660.0,92735880.16435014,57184674.970216006
105720.0,93090850.68792498,57205053.04951096
105780.0,93443522.09851472,57225608.05180762
105840.0,93793741.41727634,57246338.28614178
105900.0,94141296.40536664,57267241.945132844
105960.0,94485957.50839058,57288317.09550842
106020.0,94827493.36053745,57309561.67743543
106080.0,95165750.96726494,57330973.5492057
106140.0,95500533.44952981,57352550.462659806
106200.0,95831611.73909995,57374290.04530186
106260.0,96158800.30687611,57396189.82523499
106320.0,96481946.81595252,57418247.250173315
106380.0,96800870.3011267,57440459.67152185
106440.0,97115342.71792845,57462824.31810945
106500.0,97425224.72811304,57485338.34650946
106560.0,97730365.0963937,57507998.83454429
106620.0,98030599.12011653,57530802.77392841
106680.0,98325700.1236954,57553747.03565494
106740.0,98615575.1469039,57576828.44549825
106800.0,98900074.33311073,57600043.75217668
106860.0,99179036.9491537,57623389.621461906
106920.0,99452275.3783903,57646862.62132549
106980.0,99719705.6245953,57670459.28032901
107040.0,99981191.8642973,57694176.05868325
107100.0,100236574.96050802,57718009.33537895
107160.0,100485713.88853367,57741955.418555416
107220.0,100728526.18428402,57766010.57846908
107280.0,100964892.61402582,57790171.027034834
107340.0,101194655.70926495,57814432.89661685
107400.0,101417720.97810349,57838792.275433324
107460.0,101634007.53658415,57863245.215277635
107520.0,101843412.74058776,57887787.71947703
107580.0,102045780.82606195,57912415.713401504
107640.0,102241063.73759323,57937125.10471933
107700.0,102429182.19136871,57961911.766048945
107760.0,102610046.11059208,57986771.52904703
107820.0,102783513.45334119,58011700.15560478
107880.0,102949570.4864501,58036693.40940391
107940.0,103108143.53641498,58061747.02259291
108000.0,103259144.17610255,58086856.687678196
108060.0,103402476.76947643,58112018.05363145
108120.0,103538129.11608535,58137226.77231205
108180.0,103666044.05670857,58162478.47352359
108240.0,103786134.83840638,58187768.748670414
108300.0,103898352.11441968,58213093.17158773
108360.0,104002685.23752159,58238447.32001848
108420.0,104099093.54470566,58263826.75899174
108480.0,104187492.00031655,58289227.01631548
108540.0,104267877.43249479,58314643.62793304
108600.0,104340240.78792082,58340072.13465127
108660.0,104404557.89808103,58365508.073780715
108720.0,104460745.51200189,58390946.94653911
108780.0,104508846.5235307,58416384.28772885
108840.0,104548853.53910488,58441815.637922555
108900.0,104580748.50885765,58467236.53757596
108960.0,104604481.24299374,58492642.50933005
109020.0,104620109.41694547,58518029.1174245
109080.0,104627637.78437077,58543391.938473426
109140.0,104627050.12709597,58568726.54990203
109200.0,104618342.41818927,58594028.53664285
109260.0,104601574.04084902,58619293.52593676
109320.0,104576766.34381351,58644517.166341744
109380.0,104543905.07408619,58669695.10814523
109440.0,104503032.29753229,58694823.034235895
109500.0,104454209.23678057,58719896.67051126
109560.0,104397473.91025825,58744911.77305219
109620.0,104332814.1886658,58769864.10059222
109680.0,104260318.16536833,58794749.46933662
109740.0,104180049.05810885,58819563.73920473
109800.0,104092059.6171126,58844302.80799047
109860.0,103996346.10114032,58868962.580406174
109920.0,103893036.48177788,58893539.03995932
109980.0,103782198.17460364,58918028.21570108
110040.0,103663886.20554931,58942426.17534658
110100.0,103538143.08442222,58966729.018348806
110160.0,103405098.92279874,58990932.92352552
110220.0,103264838.0755298,59015034.12393489
110280.0,103117418.03239773,59039028.89211142
110340.0,102962927.49324585,59062913.55692988
110400.0,102801498.88749826,59086684.52721823
110460.0,102633233.60687707,59110338.27468138
110520.0,102458191.78659177,59133871.3113328
110580.0,102276508.23489998,59157280.22990228
110640.0,102088317.86510812,59180561.703674085
110700.0,101893739.18268438,59203712.47737545
110760.0,101692835.12575646,59226729.33688161
110820.0,101485786.49506484,59249609.17291744
110880.0,101272730.82227962,59272348.95735974
110940.0,101053795.48642433,59294945.73752689
111000.0,100829071.1692019,59317396.61613861
111060.0,100598759.66453771,59339698.81119447
111120.0,100363009.4762843,59361849.626888365
111180.0,100121950.75075679,59383846.443468966
111240.0,99875720.17710468,59405686.7205637
111300.0,99624522.06474693,59427368.03341771
111360.0,99368521.95287353,59448888.051693276
111420.0,99107852.71078452,59470244.521622784
111480.0,98842696.70065074,59491435.29244035
111540.0,98573260.64186987,59512458.329207115
111600.0,98299726.87825295,59533311.69939478
111660.0,98022230.81181124,59553993.54738641
111720.0,97740999.99561836,59574502.14376032
111780.0,97456243.2854704,59594835.874915294
111840.0,97168159.28844611,59614993.23726161
111900.0,96876885.94127664,59634972.804395124
111960.0,96582694.91475095,59654773.2985593
112020.0,96285796.83056054,59674393.55754805
112080.0,95986391.81954513,59693832.528780386
112140.0,95684661.9640495,59713089.25935035
112200.0,95380879.84470986,59732162.94415536
112260.0,95075271.13830665,59751052.9004323
112320.0,94768036.60742442,59769758.554121934
112380.0,94459401.27376553,59788279.45253071
112440.0,94149637.5626966,59806615.28930241
112500.0,93838984.95747738,59824765.88645877
112560.0,93527643.55915791,59842731.17306469
112620.0,93215879.72409679,59860511.220241584
112680.0,92903964.2143124,59878106.243135124
112740.0,92592148.61261992,59895516.59032484
112800.0,92280630.57504837,59912742.7147848
112860.0,91969715.70262694,59929785.230993114
112920.0,91659671.05185719,59946644.89402226
112980.0,91350751.7847726,59963322.592849
113040.0,91043169.5444792,59979819.32689976
113100.0,90737247.7182211,59996136.2650384
113160.0,90433253.25774707,60012274.7151936
113220.0,90131434.21845096,60028236.11397646
113280.0,89832036.59725416,60044022.025249384
113340.0,89535374.8608495,60059634.17603584
113400.0,89241720.29232779,60075074.43324023
113460.0,88951310.28965569,60090344.7853589
113520.0,88664421.33494473,60105447.36281639
113580.0,88381355.07062308,60120384.450881794
113640.0,88102382.96633734,60135158.47332924
113700.0,87827727.46413587,60149771.96620038
113760.0,87557690.9372981,60164227.61966615
113820.0,87292557.54910587,60178528.26802116
113880.0,87032594.07355072,60192676.880142085
113940.0,86778002.96378951,60206676.52526249
114000.0,86529107.18763904,60220530.43613743
114060.0,86286168.06681687,60234241.97618513
114120.0,86049429.80367923,60247814.6301428
114180.0,85819106.12420398,60261251.987732954
114240.0,85595497.73574464,60274557.789071195
114300.0,85378849.48422164,60287735.894947916
114360.0,85169375.24393952,60300790.27026219
114420.0,84967298.80943537,60313724.9889508
114480.0,84772887.31449978,60326544.25641701
114540.0,84586364.4558706,60339252.38643245
114600.0,84407907.39722934,60351853.77649046
114660.0,84237743.5034278,60364352.93385673
114720.0,84076099.9094516,60376754.47516196
114780.0,83923172.7197597,60389063.109895155
114840.0,83779096.01038593,60401283.6077533
114900.0,83644094.30842286,60413420.845717095
114960.0,83518348.51051202,60425479.78499935
115020.0,83402016.58040394,60437465.45886237
115080.0,83295196.6918558,60449382.94125705
115140.0,83198091.43518004,60461237.40112881
115200.0,83110834.21447109,60473034.066135764
115260.0,83033529.8699462,60484778.20762655
115320.0,82966264.06974497,60496475.13055169
115380.0,82909183.86287035,60508130.20529549
115440.0,82862380.0558024,60519748.83827393
115500.0,82825900.06014578,60531336.44929827
115560.0,82799812.95374216,60542898.48278967
115620.0,82784206.61977476,60554440.41747415
115680.0,82779125.99048279,60565967.74401616
115740.0,82784558.22172509,60577485.935036235
115800.0,82800553.2397079,60589000.477681145
115860.0,82827137.75326514,60600516.861562856
115920.0,82864309.21006967,60612040.563606605
115980.0,82911993.40935978,60623577.011017755
116040.0,82970220.29854222,60635131.63526156
116100.0,83038955.19849648,60646709.838653415
116160.0,83118137.90356195,60658316.98124892
116220.0,83207664.67041814,60669958.35847616
116280.0,83307515.34246346,60681639.244432814
116340.0,83417605.81504035,60693364.85896123
116400.0,83537816.81434609,60705140.34965988
116460.0,83668027.7047627,60716970.79136782
116520.0,83808160.70967948,60728861.208421536
116580.0,83958088.95425582,60740816.54951563
116640.0,84117637.74460986,60752841.66329911
116700.0,84286673.34079362,60764941.31968857
116760.0,84465064.66818221,60777120.21144011
116820.0,84652646.65280655,60789382.93688508
116880.0,84849194.12015793,60801733.96932003
116940.0,85054565.19247942,60814177.70006562
117000.0,85268580.92519498,60826718.41966825
117060.0,85491041.07815619,60839360.30724308
117120.0,85721683.43955244,60852107.39901168
117180.0,85960356.13682728,60864963.6451652
117240.0,86206841.0130279,60877932.87616205
117300.0,86460897.73111582,60891018.79168889
117360.0,86722266.60682413,60904224.951103576
117420.0,86990758.65105233,60917554.80991806
117480.0,87266133.98323748,60931011.694071956
117540.0,87548118.58667023,60944598.78283796
117600.0,87836461.46766447,60958319.12094246
117660.0,88130942.89715599,60972175.63485179
117720.0,88431307.51667404,60986171.11491388
117780.0,88737253.8850579,61000308.192229286
117840.0,89048545.63180356,61014589.37218834
117900.0,89364938.36398037,61029017.030708335
117960.0,89686167.12618577,61043593.4041038
118020.0,90011908.87976989,61058320.55991247
118080.0,90341947.3437077,61073200.451570906
118140.0,90676019.01385197,61088234.89472087
118200.0,91013846.29125468,61103425.56040439
118260.0,91355114.85629225,61118773.95680007
118320.0,91699608.2723567,61134281.47927247
118380.0,92047057.18256307,61149949.38383572
118440.0,92397170.9322393,61165778.77671739
118500.0,92749663.60791509,61181770.617138244
118560.0,93104307.6142038,61197925.74719749
118620.0,93460836.97214271,61214244.87275386
118680.0,93818951.95907679,61230728.54671054
118740.0,94178398.68397997,61247377.192560606
118800.0,94538942.03969279,61264191.11420058
118860.0,94900322.82470965,61281170.484069586
118920.0,95262235.52796295,61298315.320115946
118980.0,95624461.22512074,61315625.5298512
119040.0,95986760.2599096,61333100.90017885
119100.0,96348882.19707634,61350741.09226796
119160.0,96710520.60923062,61368545.6136763
119220.0,97071491.62526014,61386513.8804159
119280.0,97431554.1330926,61404645.18839008
119340.0,97790456.02738123,61422938.70816836
119400.0,98147929.76416299,61441393.47754323
119460.0,98503790.57422626,61460008.44343809
119520.0,98857810.28194642,61478782.440344974
119580.0,99209736.79423018,61497714.17860583
119640.0,99559342.8850009,61516802.257194795
119700.0,99906444.36132994,61536045.185567796
119760.0,100250827.30248109,61555441.368993096
119820.0,100592240.88359101,61574989.090332404
119880.0,100930499.24652126,61594686.542863026
119940.0,101265419.86263832,61614531.832167566
120000.0,101596804.02643962,61634522.9682647
120060.0,101924403.09412353,61654657.84089132
120120.0,102248073.31815484,61674934.27219863
120180.0,102567634.61485314,61695349.998780094
120240.0,102882897.65664424,61715902.66727204
120300.0,103193636.17102495,61736589.816151716
120360.0,103499729.47833696,61757408.92864533
120420.0,103801006.99817306,61778357.40800235
120480.0,104097282.51894957,61799432.56991018
120540.0,104388372.7502147,61820631.64416619
120600.0,104674160.23079956,61841951.80764212
120660.0,104954490.97184196,61863390.16625187
120720.0,105229182.20538786,61884943.740824
120780.0,105498093.83179466,61906609.48850953
120840.0,105761111.87572324,61928384.315911315
120900.0,106018099.14845815,61950265.067689255
120960.0,106268876.53687567,61972248.50591802
121020.0,106513347.23669705,61994331.35109937
121080.0,106751400.92601423,62016510.27556662
121140.0,106982917.33623198,62038781.8986774
121200.0,107207721.14144132,62061142.75968867
121260.0,107425758.86350209,62083589.378245726
121320.0,107636923.93543336,62106118.2281751
121380.0,107841100.8524678,62128725.733179696
121440.0,108038154.81169285,62151408.25742797
121500.0,108228038.98855881,62174162.14914705
121560.0,108410662.85021754,62196983.719088346
121620.0,108585914.74398807,62219869.230200775
121680.0,108753703.25827755,62242814.90772942
121740.0,108913985.35702033,62265816.96315046
121800.0,109066687.52063046,62288871.57918863
121860.0,109211701.99086186,62311974.89302993
121920.0,109348980.68840939,62335123.025803246
121980.0,109478484.39747903,62358312.08697967
122040.0,109600156.61344455,62381538.165901236
122100.0,109713893.51371706,62404797.3085783
122160.0,109819690.28065427,62428085.566423126
122220.0,109917511.55293263,62451398.981242225
122280.0,110007313.09851831,62474733.580907226
122340.0,110089009.31567843,62498085.35909986
122400.0,110162624.33706161,62521450.329187095
122460.0,110228131.44590828,62544824.49925898
122520.0,110285490.3550618,62568203.865495905
122580.0,110334658.76257658,62591584.411211565
122640.0,110375664.65987095,62614962.141274504
122700.0,110408498.37384348,62638333.06363762
122760.0,110433123.6317537,62661693.17632976
122820.0,110449541.37151909,62685038.48565814
122880.0,110457783.51000041,62708365.02131455
122940.0,110457857.4498136,62731668.82435433
123000.0,110449731.021055,62754945.92786492
123060.0,110433448.3438134,62778192.39418181
123120.0,110409045.34593885,62801404.31082496
123180.0,110376546.55106972,62824577.78488256
123240.0,110335923.99882217,62847708.91741126
123300.0,110287264.93529245,62870793.85951242
123360.0,110230609.40246621,62893828.78925121
123420.0,110165988.7480489,62916809.90736438
123480.0,110093410.40399423,62939733.425584316
123540.0,110012973.6247729,62962595.611208014
123600.0,109924733.03716217,62985392.76529828
123660.0,109828724.29567412,63008121.21339647
123720.0,109724998.10005379,63030777.31275954
123780.0,109613657.90822716,63053357.47785671
123840.0,109494775.63754174,63075858.16494958
123900.0,109368391.3773145,63098275.85657784
123960.0,109234599.03863852,63120607.0875469
124020.0,109093506.40096381,63142848.45151082
124080.0,108945202.73156174,63164996.59187834
124140.0,108789732.67682387,63187048.18012626
124200.0,108627233.28383844,63208999.9603696
124260.0,108457816.761328,63230848.737192854
124320.0,108281586.77772892,63252591.3713823
124380.0,108098601.60891289,63274224.75789341
124440.0,107909032.3618107,63295745.880171105
124500.0,107712998.74572225,63317151.78516655
124560.0,107510609.00299613,63338439.57766069
124620.0,107301964.60488853,63359606.41686493
124680.0,107087241.0629745,63380649.55192081
124740.0,106866575.45477735,63401566.30319684
124800.0,106640080.61422195,63422354.050461754
124860.0,106407901.00833541,63443010.24794271
124920.0,106170216.53232017,63463532.44116288
124980.0,105927181.52361593,63483918.25445258
125040.0,105678913.34094316,63504165.373016156
125100.0,105425599.15601957,63524271.576269396
125160.0,105167423.12782046,63544234.73616947
125220.0,104904556.63649695,63564052.81087015
125280.0,104637121.37769085,63583723.82072016
125340.0,104365346.81148747,63603245.8997009
125400.0,104089421.1012647,63622617.27539543
125460.0,103809523.81956004,63641836.26465615
125520.0,103525806.09388869,63660901.259794414
125580.0,103238513.6397771,63679810.77359278
125640.0,102947846.65951233,63698563.41728233
125700.0,102653988.17801803,63717157.89210845
125760.0,102357130.69713013,63735592.99363757
125820.0,102057522.86758895,63753867.638308026
125880.0,101755380.40625353,63771980.84744432
125940.0,101450889.0174974,63789931.73270876
126000.0,101144281.5545655,63807719.51833822
126060.0,100835808.68373138,63825343.54935458
126120.0,100525700.56863348,63842803.2815236
126180.0,100214144.48474172,63860098.260697745
126240.0,99901412.27768087,63877228.16279708
126300.0,99587755.33850016,63894192.78378315
126360.0,99273415.52723472,63910992.03484842
126420.0,98958584.06075446,63927625.91810704
126480.0,98643566.1155391,63944094.58043979
126540.0,98328613.36276919,63960398.287780866
126600.0,98013966.16398114,63976537.41947575
126660.0,97699851.49376091,63992512.461671054
126720.0,97386571.76923093,64008324.04278259
126780.0,97074387.94518603,64023972.91353621
126840.0,96763536.46111831,64039459.9350819
126900.0,96454277.35018021,64054786.08988809
126960.0,96146907.55999406,64069952.49890043
127020.0,95841694.41221325,64084960.40722036
127080.0,95538867.37957431,64099811.16594197
127140.0,95238716.24086823,64114506.26036147
127200.0,94941529.11435187,64129047.308877505
127260.0,94647576.11766286,64143436.054190464
127320.0,94357076.04142985,64157674.33882158
127380.0,94070344.43950498,64171764.150456384
127440.0,93787656.55604535,64185707.60262474
127500.0,93509274.3202542,64199506.92813891
127560.0,93235421.63911113,64213164.46092864
127620.0,92966415.00624453,64226682.67933265
127680.0,92702518.80218476,64240064.18127008
127740.0,92443976.09622432,64253311.67394972
127800.0,92191028.13656273,64266427.97275845
127860.0,91943969.82310162,64279416.02618423
127920.0,91703055.09547739,64292278.89629178
127980.0,91468502.68917526,64305019.74195183
128040.0,91240565.52928936,64317641.83463568
128100.0,91019511.21564451,64330148.56502491
128160.0,90805577.41224378,64342543.42871743
128220.0,90598952.61641736,64354830.00297466
128280.0,90399895.39256838,64367011.979302816
128340.0,90208640.00599594,64379093.15182581
128400.0,90025401.74666907,64391077.40817854
128460.0,89850332.77213188,64402968.699801125
128520.0,89683691.11974038,64414771.09122033
128580.0,89525671.6283104,64426488.73029503
128640.0,89376449.01350817,64438125.83863608
128700.0,89236169.47288583,64449686.69813923
128760.0,89105048.16187327,64461175.68297787
128820.0,88983246.8032726,64472597.234501064
128880.0,88870893.52424367,64483955.8454367
128940.0,88768123.95535211,64495256.06326356
129000.0,88675104.0134135,64506502.504170604
129060.0,88591957.44977869,64517699.83329455
129120.0,88518760.8682528,64528852.7426974
129180.0,88455634.56280413,64539965.971596666
129240.0,88402690.777837,64551044.302518785
129300.0,88360011.12677997,64562092.54698479
129360.0,88327616.86924538,64573115.51744966
129420.0,88305609.36980589,64584118.06443731
129480.0,88294044.04039283,64595105.05515833
129540.0,88292952.46667352,64606081.36243554
129600.0,88302313.35939857,64617051.84021191
129660.0,88322191.81919895,64628021.363571
129720.0,88352589.86399603,64638994.79951014
129780.0,88393480.5027321,64649976.9935477
129840.0,88444821.00668132,64660972.76250017
129900.0,88506617.80717067,64671986.917255215
129960.0,88578826.86830784,64683024.239485614
130020.0,88661363.09386222,64694089.462768674
130080.0,88754163.07210055,64705187.282699175
130140.0,88857175.85319261,64716322.36272246
130200.0,88970313.00642934,64727499.31693614
130260.0,89093433.44209723,64738722.68594819
130320.0,89226455.40580851,64749996.964364335
130380.0,89369273.42255612,64761326.58997786
130440.0,89521757.83637916,64772715.932777494
130500.0,89683715.1358279,64784169.26574441
130560.0,89855048.94172916,64795690.809713155
130620.0,90035603.43968937,64807284.70618995
130680.0,90225201.81271578,64818955.00789175
130740.0,90423633.9276126,64830705.663660325
130800.0,90630762.51443952,64842540.552123986
130860.0,90846396.95998654,64854463.457400404
130920.0,91070316.75272277,64866478.05561091
130980.0,91302306.26385343,64878587.91736457
131040.0,91542187.2715798,64890796.525127485
131100.0,91789742.03965285,64903107.255340084
131160.0,92044712.28157547,64915523.360109635
131220.0,92306882.68183199,64928047.98714289
131280.0,92576040.11403404,64940684.18098516
131340.0,92851945.73910002,64953434.87150965
131400.0,93134309.58970675,64966302.85083303
131460.0,93422922.56424057,64979290.81053792
131520.0,93717542.69433358,64992401.32690826
131580.0,94017912.60349509,65005636.85416617
131640.0,94323726.77626558,65018999.70280888
131700.0,94634777.85188225,65032492.084653564
131760.0,94950804.21036524,65046116.0883538
131820.0,95271526.85809086,65059873.67177197
131880.0,95596656.45357086,65073766.65756897
131940.0,95925966.51941583,65087796.76209914
132000.0,96259189.82848948,65101965.57712931
132060.0,96596030.95512304,65116274.55731014
132120.0,96936221.59875627,65130725.0328058
132180.0,97279521.06110553,65145318.22210598
132240.0,97625661.1849284,65160055.219820514
132300.0,97974334.67808941,65174936.979212016
132360.0,98325298.52870788,65189964.34165513
132420.0,98678302.06661664,65205138.03341995
132480.0,99033080.23015045,65220458.65941484
132540.0,99389317.7625705,65235926.680738136
132600.0,99746800.54212105,65251542.460765906
132660.0,100105271.51146545,65267306.24595392
132720.0,100464463.48678744,65283218.161523916
132780.0,100824082.25664712,65299278.19952442
132840.0,101183919.79874648,65315486.25806066
132900.0,101543724.20342715,65331842.12169288
132960.0,101903225.5181017,65348345.45355046
133020.0,102262163.40108523,65364995.79994087
133080.0,102620328.13323154,65381792.6134365
133140.0,102977478.713865,65398735.23898874
133200.0,103333344.64586106,65415822.90088373
133260.0,103687701.44437705,65433054.72373087
133320.0,104040339.67619155,65450429.73946105
133380.0,104391031.06970572,65467946.879060805
133440.0,104739506.316087,65485604.95434723
133500.0,105085578.32057649,65503402.69518599
133560.0,105429039.46482158,65521338.74045537
133620.0,105769673.80767727,65539411.63451339
133680.0,106107219.92114507,65557619.806993924
133740.0,106441523.88224274,65575961.62129417
133800.0,106772382.83075213,65594435.35277823
133860.0,107099584.04962492,65613039.18455629
133920.0,107422905.41384038,65631771.20347622
133980.0,107742196.57906514,65650629.432484545
134040.0,108057270.43816274,65669611.814313404
134100.0,108367918.27851486,65688716.20199314
134160.0,108673957.9257165,65707940.370921455
134220.0,108975243.28291585,65727282.03516463
134280.0,109271603.5833562,65746738.836571336
134340.0,109562834.67648242,65766308.330023736
134400.0,109848794.78600234,65785988.0114773
134460.0,110129342.53422846,65805775.31827013
134520.0,110404323.9019189,65825667.6236152
134580.0,110673539.68962525,65845662.216600485
134640.0,110936888.81394964,65865756.3461002
134700.0,111194234.94041768,65885947.205162264
134760.0,111445434.11014482,65906231.92773795
134820.0,111690313.22022812,65926607.57584319
134880.0,111928791.18086503,65947071.1806497
134940.0,112160743.8780101,65967619.723423086
135000.0,112386032.67021093,65988250.12917721
135060.0,112604525.48590052,66008959.26971774
135120.0,112816146.56975903,66029743.98876749
135180.0,113020789.09024346,66050601.08823552
135240.0,113218319.85376887,66071527.316614196
135300.0,113408647.8749956,66092519.38781526
135360.0,113591702.83628307,66113573.99040767
135420.0,113767395.26204312,66134687.77918553
135480.0,113935597.49543433,66155857.358333565
135540.0,114096259.6490223,66177079.31596556
135600.0,114249316.9123716,66198350.217556894
135660.0,114394696.9671822,66219666.60267393
135720.0,114532278.48389946,66241024.963364124
135780.0,114662051.9310162,66262421.793663576
135840.0,114783958.2990921,66283853.567738414
135900.0,114897930.86093561,66305316.73652128
135960.0,115003889.44867548,66326807.72183114
136020.0,115101830.07298456,66348322.950040735
136080.0,115191711.1649774,66369858.83549706
136140.0,115273471.63869844,66391411.771946244
136200.0,115347072.45488755,66412978.14229115
136260.0,115412515.20916577,66434554.336508185
136320.0,115469775.79321693,66456136.740318365
136380.0,115518798.81745346,66477721.72143456
136440.0,115559586.33153227,66499305.654860295
136500.0,115592145.56556116,66520884.925150715
136560.0,115616469.8956751,66542455.92030472
136620.0,115632509.69310759,66564015.01287072
136680.0,115640308.05288118,66585558.600684606
136740.0,115639877.89926952,66607083.09357561
136800.0,115631224.76164876,66628584.9100967
136860.0,115614320.93113485,66650060.46293362
136920.0,115589234.41796382,66671506.200863086
136980.0,115555989.27238937,66692918.58941829
137040.0,115514596.83851367,66714294.10528917
137100.0,115465070.53661782,66735629.2372066
137160.0,115407484.1180649,66756920.51230759
137220.0,115341879.21345732,66778164.482006386
137280.0,115268273.06623669,66799357.71128271
137340.0,115186720.1836689,66820496.79493163
137400.0,115097300.13584818,66841578.368442945
137460.0,115000072.17352559,66862599.09904316
137520.0,114895059.52688162,66883555.66991045
137580.0,114782357.73722114,66904444.81167552
137640.0,114662052.27114873,66925263.29792639
137700.0,114534220.03315353,66946007.941383995
137760.0,114398890.32211368,66966675.57308292
137820.0,114256199.64281136,66987263.08900356
137880.0,114106239.42682652,67007767.4303168
137940.0,113949093.86849962,67028185.58013766
138000.0,113784829.54475568,67048514.55577446
138060.0,113613592.68146932,67068751.44326933
138120.0,113435491.10261302,67088893.380567044
138180.0,113250615.05797648,67108937.54977131
138240.0,113059072.10242845,67128881.18455979
138300.0,112861014.37655315,67148721.58941533
138360.0,112656567.32504438,67168456.12789564
138420.0,112445827.24615881,67188082.20987149
138480.0,112228942.49539824,67207597.31398132
138540.0,112006071.08713338,67226998.99166568
138600.0,111777355.97735967,67246284.86049065
138660.0,111542899.43515486,67265452.5863992
138720.0,111302890.36096767,67284499.92107679
138780.0,111057492.51921283,67303424.69089872
138840.0,110806862.4078467,67322224.7936286
138900.0,110551119.39206855,67340898.18222404
138960.0,110290481.25042112,67359442.9072103
139020.0,110025121.0247951,67377857.09716178
139080.0,109755200.67720477,67396138.9537537
139140.0,109480879.60116874,67414286.75049688
139200.0,109202380.69766563,67432298.85995686
139260.0,108919893.63682653,67450173.73922306
139320.0,108633585.39612232,67467909.91995385
139380.0,108343654.74961855,67485506.02190377
139440.0,108050329.17336446,67502960.76508427
139500.0,107753814.30943017,67520272.96015711
139560.0,107454281.47857255,67537441.49348402
139620.0,107151967.95972653,67554465.3553088
139680.0,106847105.00622624,67571343.63694578
139740.0,106539913.3123894,67588075.52602929
139800.0,106230567.58626613,67604660.28657016
139860.0,105919342.44942936,67621097.30165502
139920.0,105606471.82000373,67637386.05573666
139980.0,105292181.48634292,67653526.13093194
140040.0,104976674.3676258,67669517.1970145
140100.0,104660234.78232203,67685359.04608743
140160.0,104343106.52596791,67701051.57497437
140220.0,104025516.1380065,67716594.77761154
140280.0,103707701.10739717,67731988.74952333
140340.0,103389945.4225578,67747233.70748529
140400.0,103072503.49640343,67762329.97662586
140460.0,102755600.53255878,67777277.97771767
140520.0,102439506.27066484,67792078.24598965
140580.0,102124502.03021103,67806731.43582499
140640.0,101810850.32443427,67821238.31248397
140700.0,101498772.3880102,67835599.73426457
140760.0,101188567.34856251,67849816.68550682
140820.0,100880510.9413481,67863890.2663572
140880.0,100574868.44037738,67877821.68806674
140940.0,100271860.59051004,67891612.25379787
141000.0,99971805.73430675,67905263.39995979
141060.0,99674972.72259198,67918776.67487371
141120.0,99381616.73884195,67932153.73272404
141180.0,99091981.54364881,67945396.32847878
141240.0,98806373.23757456,67958506.34415808
141300.0,98525058.73400865,67971485.77192448
141360.0,98248278.78603707,67984336.70274541
141420.0,97976295.61332256,67997061.33529127
141480.0,97709398.43779345,68009661.98715831
141540.0,97447847.42528848,68022141.08229953
141600.0,97191863.9613178,68034501.13436691
141660.0,96941723.60194458,68046744.76946543
141720.0,96697693.49540634,68058874.72235534
141780.0,96460021.72317387,68070893.82815339
141840.0,96228904.86791708,68082805.00033602
141900.0,96004626.24411042,68094611.26724671
141960.0,95787425.30467874,68106315.75331494
142020.0,95577525.16917652,68117921.67195283
142080.0,95375113.33672006,68129432.31032477
142140.0,95180453.54034953,68140851.06137164
142200.0,94993758.85321812,68152181.40221208
142260.0,94815217.39753091,68163426.88344166
142320.0,94645014.20360266,68174591.12767445
142380.0,94483375.06379001,68185677.84656872
142440.0,94330485.02763595,68196690.82347734
142500.0,94186491.47910912,68207633.8974376
142560.0,94051571.2746758,68218510.97545834
142620.0,93925906.70324071,68229326.03466229
142680.0,93809649.33739936,68240083.10922189
142740.0,93702900.53391124,68250786.26913139
142800.0,93605823.79908034,68261439.64624481
142860.0,93518552.9771331,68272047.42168829
142920.0,93441200.65723875,68282613.81683335
142980.0,93373819.95817643,68293143.06825648
143040.0,93316554.44757321,68303639.46564713
143100.0,93269486.30627693,68314107.32595767
143160.0,93232674.90976064,68324550.98378827
143220.0,93206153.3387142,68334974.78033412
143280.0,93190010.52065992,68345383.08675803
143340.0,93184284.77774562,68355780.28294513
143400.0,93188979.9112904,68366170.74304068
143460.0,93204106.89096934,68376558.83846015
143520.0,93229698.36915925,68386948.9469596
143580.0,93265747.53766403,68397345.43613249
143640.0,93312201.77564704,68407752.64429435
143700.0,93369049.39000161,68418174.89763285
143760.0,93436266.68491249,68428616.50522354
143820.0,93513802.01917185,68439081.7474071
143880.0,93601547.08240679,68449574.85221736
143940.0,93699468.52406119,68460100.02673668
144000.0,93807487.79355507,68470661.43830618
144060.0,93925504.61877921,68481263.20556168
144120.0,94053374.1579686,68491909.37997985
144180.0,94191026.9676821,68502603.97739461
144240.0,94338338.2148664,68513350.95503084
144300.0,94495156.6770335,68524154.20065328
144360.0,94661321.20423074,68535017.52858496
144420.0,94836713.35819228,68545944.69760431
144480.0,95021171.71645387,68556939.39321014
144540.0,95214498.51404358,68568005.21268745
144600.0,95416520.79916759,68579145.6755864
144660.0,95627075.99006303,68590364.22818469
144720.0,95845971.07934211,68601664.23102513
144780.0,96072966.98632726,68613048.93999957
144840.0,96307884.18850042,68624521.53123756
144900.0,96550521.46313885,68636085.09228596
144960.0,96800659.78305429,68647742.61492287
145020.0,97058024.453981,68659496.9723242
145080.0,97322435.00180894,68671350.9582752
145140.0,97593657.37641263,68683307.26518637
145200.0,97871441.91631922,68695368.47785212
145260.0,98155515.38343544,68707537.06393456
145320.0,98445670.8252292,68719815.40157342
145380.0,98741657.5865201,68732205.76153418
145440.0,99043200.4525171,68744710.29729779
145500.0,99350035.28499703,68757331.04987003
145560.0,99661932.22718222,68770069.96214427
145620.0,99978630.22599095,68782928.86624968
145680.0,100299833.97923853,68795909.46967348
145740.0,100625293.66997302,68809013.3742434
145800.0,100954761.78936051,68822242.07729489
145860.0,101287971.96651718,68835596.96412714
145920.0,101624613.80228934,68849079.29012966
145980.0,101964456.52773783,68862690.2137785
146040.0,102307239.70235412,68876430.7846448
146100.0,102652692.05760995,68890301.93917169
146160.0,103000504.8339254,68904304.485516
146220.0,103350458.13685246,68918439.14027649
146280.0,103702286.81907894,68932706.51012014
146340.0,104055711.7573486,68947107.08627726
146400.0,104410450.2568699,68961641.24331439
146460.0,104766276.21101068,68976309.26255555
146520.0,105122930.13839915,68991111.31860627
146580.0,105480128.39923085,69006047.46968307
146640.0,105837617.44558558,69021117.6701642
146700.0,106195168.00880788,69036321.78073215
146760.0,106552529.13713594,69051659.55970044
146820.0,106909415.42278706,69067130.64914183
146880.0,107265604.98579606,69082734.60107675
146940.0,107620867.88053796,69098470.87436359
147000.0,107974964.00301902,69114338.83074263
147060.0,108327608.39031236,69130337.71673183
147120.0,108678612.84760562,69146466.7033268
147180.0,109027748.73316488,69162724.86966592
147240.0,109374779.78758994,69179111.20011333
147300.0,109719449.75560334,69195624.576307
147360.0,110061579.18863404,69212263.80864102
147420.0,110400951.13458443,69229027.62114649
147480.0,110737332.52603282,69245914.64511104
147540.0,111070503.39351241,69262923.42459393
147600.0,111400288.01421268,69280052.43458971
147660.0,111726484.38514245,69297300.07048999
147720.0,112048863.73025486,69314664.63737047
147780.0,112367243.33356561,69332144.3688752
147840.0,112681452.1571461,69349737.43210098
147900.0,112991304.01573336,69367441.92158723
147960.0,113296575.24428429,69385255.84426472
148020.0,113597121.09223823,69403177.15162101
148080.0,113892775.91431092,69421203.73134659
148140.0,114183367.32322954,69439333.40473334
148200.0,114468685.32955948,69457563.9115855
148260.0,114748615.69238234,69475892.94913337
148320.0,115023001.325771,69494318.15478736
148380.0,115291675.86045857,69512837.10250497
148440.0,115554468.1148767,69531447.300974
148500.0,115811270.00809382,69550146.2192395
148560.0,116061941.61007915,69568931.27392079
148620.0,116306322.90083079,69587799.82120658
148680.0,116544281.76642828,69606749.16823857
148740.0,116775716.56287774,69625776.58550143
148800.0,117000504.75381304,69644879.29847252
148860.0,117218492.89912148,69664054.47525634
148920.0,117429588.11864172,69683299.25109977
148980.0,117633695.39536174,69702610.72759767
149040.0,117830709.74521056,69721985.96874808
149100.0,118020484.46792327,69741421.98424071
149160.0,118202966.01455733,69760915.76703648
149220.0,118378066.12510455,69780464.27944423
149280.0,118545690.0997249,69800064.45059386
149340.0,118705720.20614915,69819713.16724937
149400.0,118858120.1595626,69839407.30660371
149460.0,119002815.91974635,69859143.72114132
149520.0,119139719.66763335,69878919.23315838
149580.0,119268753.13558714,69898730.63865472
149640.0,119389886.90374573,69918574.72697273
149700.0,119503064.69064784,69938448.27004434
149760.0,119608205.6247968,69958348.0125743
149820.0,119705270.90697843,69978270.6889437
149880.0,119794238.03661469,69998213.02975541
149940.0,119875068.5263229,70018171.75544433
150000.0,119947688.51055115,70038143.56214637
150060.0,120012098.64544776,70058125.15154393
150120.0,120068283.39871617,70078113.22438453
150180.0,120116220.87108402,70098104.47793895
150240.0,120155847.96385963,70118095.58955473
150300.0,120187201.0600708,70138083.25640923
150360.0,120210272.87990169,70158064.1780467
150420.0,120225048.57517584,70178035.05335468
150480.0,120231504.56489927,70197992.57708338
150540.0,120229684.23470657,70217933.46654436
150600.0,120219598.17412332,70237854.44849958
150660.0,120201238.64330113,70257752.25184278
150720.0,120174621.55129173,70277623.61700976
150780.0,120139797.33685796,70297465.30969572
150840.0,120096794.48547131,70317274.11207274
150900.0,120045612.42630978,70337046.81120364
150960.0,119986306.52210003,70356780.22126362
151020.0,119918934.31780948,70376471.18435322
151080.0,119843542.21922901,70396116.56601918
151140.0,119760136.88551417,70415713.23942906
151200.0,119668813.08497529,70435258.12032014
151260.0,119569635.52017523,70454748.15498887
151320.0,119462662.63732344,70474180.31774952
151380.0,119347926.07246676,70493551.60025238
151440.0,119225542.2426836,70512859.04503939
151500.0,119095588.94786167,70532099.73014942
151560.0,118958131.87131758,70551270.76425123
151620.0,118813242.08416888,70570369.28871499
151680.0,118661043.14434914,70589392.49830978
151740.0,118501630.77802904,70608337.63009298
151800.0,118335077.92321925,70627201.9543195
151860.0,118161494.9770657,70645982.78917637
151920.0,117981012.6339763,70664677.50870433
151980.0,117793744.49483989,70683283.53593929
152040.0,117599770.73089421,70701798.32962316
152100.0,117399240.90754433,70720219.41150795
152160.0,117192292.8043812,70738544.36158401
152220.0,116979057.79099308,70756770.81543872
152280.0,116759623.1908875,70774896.44679232
152340.0,116534177.51253241,70792919.00727509
152400.0,116302865.499621,70810836.30904372
152460.0,116065825.63547473,70828646.22219856
152520.0,115823183.64290968,70846346.66964966
152580.0,115575135.24334608,70863935.65453905
152640.0,115321842.39601998,70881411.24681164
152700.0,115063450.2849847,70898771.57649267
152760.0,114800123.11433274,70916014.84104012
152820.0,114532063.01390634,70933139.32010289
152880.0,114259448.9266147,70950143.36625929
152940.0,113982432.3421083,70967025.39410388
153000.0,113701215.3872027,70983783.89998353
153060.0,113416006.11998825,71000417.46416229
153120.0,113126999.89689909,71016924.74567983
153180.0,112834353.92827363,71033304.46725546
153240.0,112538307.51006378,71049555.44730355
153300.0,112239073.93549278,71065676.58956897
153360.0,111936859.74569568,71081666.88031864
153420.0,111631840.34656475,71097525.37600352
153480.0,111324277.90180361,71113251.23703784
153540.0,111014394.4115709,71128843.71190087
153600.0,110702400.42592664,71144302.13249229
153660.0,110388506.71628028,71159625.91405565
153720.0,110072978.71215403,71174814.57634999
153780.0,109756051.92630687,71189867.7317733
153840.0,109437939.52738988,71204785.07646737
153900.0,109118886.06660724,71219566.40238945
153960.0,108799158.6591275,71234211.60591896
154020.0,108479004.6075924,71248720.67993598
154080.0,108158637.8929393,71263093.70065755
154140.0,107838334.84173074,71277330.85174398
154200.0,107518362.22599263,71291432.4203721
154260.0,107198976.95450886,71305398.79319751
154320.0,106880391.5317848,71319230.4388968
154380.0,106562911.57244423,71332927.9441955
154440.0,106246800.96364304,71346491.9974276
154500.0,105932314.54413584,71359923.38482438
154560.0,105619687.42060313,71373222.98266436
154620.0,105309224.5604856,71386391.78420794
154680.0,105001192.82788986,71399430.88469037
154740.0,104695840.21264689,71412341.47380552
154800.0,104393425.51088953,71425124.83971137
154860.0,104094244.93587506,71437782.38333638
154920.0,103798566.12331887,71450315.60709316
154980.0,103506626.35341693,71462726.1029299
155040.0,103218704.05160764,71475015.56808032
155100.0,102935082.52640364,71487185.80674891
155160.0,102656025.86630626,71499238.72247186
155220.0,102381756.1900855,71511176.30170171
155280.0,102112566.92270137,71523000.64119977
155340.0,101848723.7467559,71534713.93710767
155400.0,101590479.29663736,71546318.47971752
155460.0,101338044.65850219,71557816.63725469
155520.0,101091714.01134141,71569210.88778481
155580.0,100851733.24299306,71580503.80037841
155640.0,100618330.8010276,71591698.02821213
155700.0,100391723.57333659,71602796.30395207
155760.0,100172178.74867028,71613801.45897698
155820.0,99959924.28642263,71624716.40808266
155880.0,99755158.84632905,71635544.1380435
155940.0,99558099.44753301,71646287.71453811
156000.0,99368980.62419951,71656950.28873412
156060.0,99188006.72260022,71667535.08551762
156120.0,99015340.94806491,71678045.38754012
156180.0,98851194.77999297,71688484.55365324
156240.0,98695764.49891007,71698856.01292561
156300.0,98549225.29134414,71709163.25641061
156360.0,98411699.45613894,71719409.81673284
156420.0,98283387.54684782,71729599.29802556
156480.0,98164442.35712141,71739735.35748073
156540.0,98054997.24347971,71749821.69779734
156600.0,97955151.3807091,71759862.05399768
156660.0,97865066.90391771,71769860.21747907
156720.0,97784856.14271455,71779820.0168379
156780.0,97714603.44133188,71789745.30708838
156840.0,97654389.31345393,71799639.96814665
156900.0,97604325.0618337,71809507.91655725
156960.0,97564481.8493194,71819353.09007895
157020.0,97534891.75613873,71829179.43271023
157080.0,97515613.63699499,71838990.90490437
157140.0,97506705.32964355,71848791.4831498
157200.0,97508194.51858723,71858585.1484305
157260.0,97520059.07925582,71868375.86721371
157320.0,97542334.55090038,71878167.6134699
157380.0,97575024.07142699,71887964.35630555
157440.0,97618109.2901185,71897770.05178338
157500.0,97671518.41565901,71907588.62258866
157560.0,97735258.46077506,71917423.98810206
157620.0,97809279.79521982,71927280.04284401
157680.0,97893509.9474133,71937160.64783055
157740.0,97987854.56299704,71947069.62231329
157800.0,98092267.32040048,71957010.76212245
157860.0,98206656.24764399,71966987.82236022
157920.0,98330896.83805056,71977004.50511694
157980.0,98464874.5068734,71987064.46334016
158040.0,98608492.34181982,71997171.30763723
158100.0,98761619.06232297,72007328.59331264
158160.0,98924081.49727751,72017539.80458121
158220.0,99095748.37955576,72027808.37059371
158280.0,99276476.12066828,72038137.66087048
158340.0,99466098.26523042,72048530.97674935
158400.0,99664397.3831233,72058991.53220631
158460.0,99871230.02544045,72069522.48203337
158520.0,100086410.73213907,72080126.9060493
158580.0,100309736.67392957,72090807.80266976
158640.0,100540969.72270046,72101568.07571062
158700.0,100779940.9705383,72112410.56073701
158760.0,101026434.60620289,72123338.00746623
158820.0,101280212.73469737,72134353.07158683
158880.0,101541034.45449847,72145458.31380092
158940.0,101808698.50316438,72156656.21496715
159000.0,102082968.48228724,72167949.16299255
159060.0,102363577.08811574,72179339.44134983
159120.0,102650286.18502292,72190829.24027278
159180.0,102942867.80113879,72202420.66076311
159240.0,103241070.52657433,72214115.70592733
159300.0,103544603.21785639,72225916.26619548
159360.0,103853235.90132926,72237824.14256413
159420.0,104166719.34031016,72249841.03951472
159480.0,104484792.11358687,72261968.56061105
159540.0,104807145.47245103,72274208.19089006
159600.0,105133561.69295563,72286561.33130437
159660.0,105463775.65565786,72299029.28106926
159720.0,105797510.94881478,72311613.23361161
159780.0,106134475.67403822,72324314.27095312
159840.0,106474439.29425973,72337133.38695286
159900.0,106817135.24072479,72350071.4739524
159960.0,107162276.5201146,72363129.31530505
160020.0,107509592.24974741,72376307.59162092
160080.0,107858843.21051621,72389606.8928274
160140.0,108209765.33168606,72403027.7090278
160200.0,108562064.86661042,72416570.4195737
160260.0,108915495.54122038,72430235.31104568
160320.0,109269812.99800259,72444022.57814409
160380.0,109624759.02791281,72457932.31867898
160440.0,109980036.37291582,72471964.51914802
160500.0,110335426.39287305,72486119.08433446
160560.0,110690682.55993798,72500395.82703835
160620.0,111045550.58777905,72514794.46535018
160680.0,111399746.60866477,72529314.61178158
160740.0,111753067.88985448,72543955.80374801
160800.0,112105272.90453576,72558717.48923337
160860.0,112456108.17366222,72573599.02249874
160920.0,112805321.58645436,72588599.66476718
160980.0,113152712.1358536,72603718.60344443
161040.0,113498050.64549462,72618954.94176115
161100.0,113841086.28243269,72634307.69086382
161160.0,114181600.37037183,72649775.7819582
161220.0,114519395.2681323,72665358.0742865
161280.0,114854255.66962397,72681053.34868954
161340.0,115185934.82829376,72696860.29606016
161400.0,115514248.80919138,72712777.54086058
161460.0,115839004.61032139,72728803.63787635
161520.0,116160001.96937598,72744937.06964882
161580.0,116476999.33352654,72761176.2312767
161640.0,116789848.50765875,72777519.4652323
161700.0,117098362.09913655,72793965.04691464
161760.0,117402346.65646154,72810511.18252647
161820.0,117701594.0230131,72827156.00375023
161880.0,117995965.1246098,72843897.5934911
161940.0,118285288.025833,72860733.97379209
162000.0,118569375.76766327,72877663.10038242
162060.0,118848057.14807549,72894682.86863406
162120.0,119121199.82295062,72911791.1280546
162180.0,119388648.82663044,72928985.67400302
162240.0,119650224.18446834,72946264.23854092
162300.0,119905792.07216203,72963624.50761065
162360.0,120155227.29549327,72981064.12430981
162420.0,120398392.23386088,72998580.68437982
162480.0,120635114.25171456,73016171.72336332
162540.0,120865297.19824313,73033834.74494874
162600.0,121088823.32848123,73051567.21306075
162660.0,121305569.2270375,73069366.549842
162720.0,121515380.06293303,73087230.12414624
162780.0,121718187.34541994,73105155.28346112
162840.0,121913884.39391896,73123139.33987617
162900.0,122102355.50376716,73141179.5668242
162960.0,122283483.86021346,73159273.19874372
163020.0,122457208.72765736,73177417.4517908
163080.0,122623441.31552956,73195609.51355082
163140.0,122782073.76741426,73213846.5360789
163200.0,122933027.37559843,73232125.64668167
163260.0,123076249.27203096,73250443.95745908
163320.0,123211668.64927185,73268798.5587419
163380.0,123339185.5991566,73287186.50844458
163440.0,123458759.57146204,73305604.85391559
163500.0,123570345.64695376,73324050.63035339
163560.0,123673891.06504436,73342520.85795233
163620.0,123769303.94253406,73361012.52758363
163680.0,123856581.90812485,73379522.63366155
163740.0,123935688.05396427,73398048.16148138
163800.0,124006579.94435334,73416586.08521138
163860.0,124069197.08582407,73435133.36130095
163920.0,124123551.98533496,73453686.9552336
163980.0,124169623.56605153,73472243.82922219
164040.0,124207377.48368576,73490800.93736209
164100.0,124236791.49358854,73509355.23007002
164160.0,124257886.16393693,73527903.66973884
164220.0,124270658.56427278,73546443.22212997
164280.0,124275082.4918003,73564970.84786761
164340.0,124271173.93565252,73583483.5178522
164400.0,124258961.56675948,73601978.21787004
164460.0,124238460.62394814,73620451.94366577
164520.0,124209653.09418133,73638901.68879725
164580.0,124172593.17315404,73657324.47096434
164640.0,124127317.67414908,73675717.32563023
164700.0,124073857.94177052,73694077.30399677
164760.0,124012210.44030559,73712401.46027364
164820.0,123942461.28904931,73730686.88431033
164880.0,123864657.55986317,73748930.68732181
164940.0,123778838.80379745,73767129.99911392
165000.0,123685039.72507831,73785281.96628699
165060.0,123583354.58465241,73803383.77385455
165120.0,123473848.6472949,73821432.63463706
165180.0,123356569.69543163,73839425.78286111
165240.0,123231590.60696998,73857360.48323298
165300.0,123099013.79452285,73875234.04160368
165360.0,122958922.69433035,73893043.79800887
165420.0,122811373.3246635,73910787.116662
165480.0,122656476.64004159,73928461.4058293
165540.0,122494343.1894867,73946064.11760299
165600.0,122325074.52779694,73963592.7445632
165660.0,122148734.88024835,73981044.80618425
165720.0,121965473.13832399,73998417.8794399
165780.0,121775407.93230425,74015709.58774713
165840.0,121578652.4493609,74032917.59891269
165900.0,121375298.20273693,74050039.61721425
165960.0,121165512.6628001,74067073.41079544
166020.0,120949428.81359066,74084016.79908702
166080.0,120727167.79419605,74100867.64843497
166140.0,120498858.79870127,74117623.87492478
166200.0,120264677.0554697,74134283.46091053
166260.0,120024773.2193769,74150844.44602726
166320.0,119779276.15825792,74167304.91922793
166380.0,119528352.3948518,74183663.03227359
166440.0,119272184.63548787,74199917.00545427
166500.0,119010940.86065638,74216065.12215884
166560.0,118744757.32059239,74232105.7173312
166620.0,118473837.38429026,74248037.20154688
166680.0,118198370.81622209,74263858.0559798
166740.0,117918541.65327549,74279566.83021417
166800.0,117634495.34274873,74295162.12824026
166860.0,117346469.12712099,74310642.64136462
166920.0,117054660.00155064,74326007.13358612
166980.0,116759258.29839857,74341254.43907115
167040.0,116460445.1665744,74356383.45872901
167100.0,116158463.6399821,74371393.18231294
167160.0,115853526.18503481,74386282.67728879
167220.0,115545828.52844432,74401051.08268927
167280.0,115235586.45854193,74415697.61618133
167340.0,114923047.76211002,74430221.58539823
167400.0,114608439.2282779,74444622.3802523
167460.0,114291960.77474917,74458899.46315968
167520.0,113973861.45933717,74473052.38651076
167580.0,113654392.45195779,74487080.7932653
167640.0,113333793.37169738,74500984.41265629
167700.0,113012266.75999245,74514763.04676983
167760.0,112690093.20617796,74528416.598329
167820.0,112367525.49913895,74541945.06057455
167880.0,112044809.15416889,74555348.51450364
167940.0,111722162.4443246,74568627.11898018
168000.0,111399880.2208161,74581781.13794512
168060.0,111078219.70432118,74594810.92679423
168120.0,110757425.18865205,74607716.92760146
168180.0,110437742.44719341,74620499.66949216
168240.0,110119463.6885594,74633159.78504817
168300.0,109802852.58052826,74645697.99994852
168360.0,109488149.32171224,74658115.12443952
168420.0,109175624.12184797,74670412.06387572
168480.0,108865563.40468489,74682589.82432473
168540.0,108558233.97940153,74694649.50540522
168600.0,108253868.51292048,74706592.28797017
168660.0,107952758.03186738,74718419.4547236
168720.0,107655179.46018574,74730132.38502426
168780.0,107361398.8726258,74741732.55085704
168840.0,107071637.39449131,74753221.50069486
168900.0,106786202.69040698,74764600.89010505
168960.0,106505357.9029131,74775872.4657488
169020.0,106229354.67625879,74787038.0611377
169080.0,105958425.8340586,74798099.58980091
169140.0,105692863.17910053,74809059.0660653
169200.0,105432920.53867629,74819918.59141019
169260.0,105178829.71156558,74830680.34650418
169320.0,104930831.66169804,74841346.59431253
169380.0,104689195.71604934,74851919.68999858
169440.0,104454161.66117007,74862402.0703
169500.0,104225936.15226051,74872796.24165644
169560.0,104004762.90504543,74883104.79320045
169620.0,103790883.34681106,74893330.39580166
169680.0,103584517.74503584,74903475.79444
169740.0,103385842.10720718,74913543.79242967
169800.0,103195097.36057384,74923537.27425587
169860.0,103012491.5092279,74933459.19380195
169920.0,102838216.03866181,74943312.56839406
169980.0,102672422.06838404,74953100.46444066
170040.0,102515331.04642813,74962826.02216189
170100.0,102367115.93281078,74972492.43835613
170160.0,102227928.1452121,74982102.9587041
170220.0,102097906.72735754,74991660.87332118
170280.0,101977230.57569478,75001169.53072159
170340.0,101866038.68414737,75010632.32366045
170400.0,101764437.64646702,75020052.67764734
170460.0,101672549.8269332,75029434.05643977
170520.0,101590507.18455546,75038779.96535185
170580.0,101518410.57055582,75048093.94023935
170640.0,101456317.82522295,75057379.53232269
170700.0,101404330.91739462,75066640.32367069
170760.0,101362531.4482967,75075879.91998996
170820.0,101330978.97925088,75085101.94284183
170880.0,101309679.76456153,75094310.0108972
170940.0,101298712.80372937,75103507.76547524
171000.0,101298107.1285348,75112698.85297106
171060.0,101307871.15527828,75121886.91761585
171120.0,101327981.91023669,75131075.59047441
171180.0,101358470.28920317,75140268.50834988
171240.0,101399319.87831181,75149469.2971971
171300.0,101450485.71704772,75158681.56214276
171360.0,101511920.69328523,75167908.88676852
171420.0,101583602.56717554,75177154.84185441
171480.0,101665471.81037986,75186422.97235425
171540.0,101757431.0430687,75195716.7842013
171600.0,101859410.25214787,75205039.75394534
171660.0,101971335.70524925,75214395.32750398
171720.0,102093106.72076118,75223786.91080002
171780.0,102224575.81739415,75233217.85348482
171840.0,102365652.63066092,75242691.46897964
171900.0,102516214.86491804,75252211.02339359
171960.0,102676121.41853641,75261779.72904436
172020.0,102845185.60233212,75271400.72865137
172080.0,103023292.9813228,75281077.12065022
172140.0,103210279.16089384,75290811.9418563
172200.0,103405959.63734582,75300608.16056553
172260.0,103610134.50258075,75310468.67130812
172320.0,103822648.23658495,75320396.31043252
172380.0,104043306.32735342,75330393.84263472
172440.0,104271885.82292154,75340463.95118736
172500.0,104508178.58818473,75350609.243235
172560.0,104751993.21680546,75360832.2557432
172620.0,105003110.34464814,75371135.44590272
172680.0,105261273.94720149,75381521.17853
172740.0,105526272.99909912,75391991.74185772
172800.0,105797885.68401888,75402549.34392098
172860.0,106075873.25535548,75413196.10681978
172920.0,106359952.12632766,75423934.05130956
172980.0,106649913.78784278,75434765.12301837
173040.0,106945511.4967716,75445691.17931996
173100.0,107246485.92357852,75456713.98512386
173160.0,107552551.16141655,75467835.20382667
173220.0,107863486.61474083,75479056.42011032
173280.0,108179032.495021,75490379.12650745
173340.0,108498911.09580693,75501804.71735871
173400.0,108822848.11160201,75513334.49015948
173460.0,109150606.92713252,75524969.65876447
173520.0,109481922.5352247,75536711.34371482
173580.0,109816503.61600448,75548560.56330429
173640.0,110154092.02174035,75560518.24521805
173700.0,110494439.64007448,75572585.23015583
173760.0,110837280.60591377,75584762.26585187
173820.0,111182314.23653781,75597049.99521697
173880.0,111529302.58102344,75609448.97816584
173940.0,111877990.01315987,75621959.68566324
174000.0,112228112.42936996,75634582.49695417
174060.0,112579367.0639687,75647317.6863947
174120.0,112931536.06724323,75660165.45289397
174180.0,113284360.9157366,75673125.90603308
174240.0,113637574.19741067,75686199.0631582
174300.0,113990899.17867887,75699384.8463305
174360.0,114344116.07838325,75712683.10208826
174420.0,114696974.67515467,75726093.59110549
174480.0,115049206.9857194,75739615.98223156
174540.0,115400564.85855167,75753249.85946646
174600.0,115750829.07178383,75766994.732048
174660.0,116099760.05034062,75780850.02758847
174720.0,116447091.47859778,75794815.08303182
174780.0,116792605.8639296,75808889.16156971
174840.0,117136086.56240898,75823071.45305936
174900.0,117477306.5358358,75837361.07058346
174960.0,117816002.93272907,75851757.03830025
175020.0,118151990.57966806,75866258.3182253
175080.0,118485057.01635127,75880863.80098681
175140.0,118814983.91523807,75895572.30393791
175200.0,119141529.2741614,75910382.56317429
175260.0,119464525.5730456,75925293.25917219
175320.0,119783771.11292611,75940303.00518648
175380.0,120099053.27726854,75955410.34363057
175440.0,120410164.50204255,75970613.74792552
175500.0,120716943.43362106,75985911.63841635
175560.0,121019204.26187888,76001302.37410448
175620.0,121316740.97928336,76016784.24585207
175680.0,121609381.27204144,76032355.48800583
175740.0,121896970.73749298,76048014.28460859
175800.0,122179340.1741166,76063758.76443437
175860.0,122456290.85906696,76079586.99101049
175920.0,122727686.33528814,76095496.98396556
175980.0,122993379.73612276,76111486.71555512
176040.0,123253219.0026329,76127554.10897267
176100.0,123507013.1973933,76143697.02518678
176160.0,123754662.16379018,76159913.29396696
176220.0,123996027.0006073,76176200.70074485
176280.0,124230963.74564871,76192556.98496708
176340.0,124459317.918902,76208979.83659482
176400.0,124680997.67522554,76225466.91749232
176460.0,124895881.8249861,76242015.8514969
176520.0,125103834.75077775,76258624.2195796
176580.0,125304738.78901924,76275289.56601842
176640.0,125498510.5316732,76292009.41009644
176700.0,125685046.75476663,76308781.2394155
176760.0,125864220.39160664,76325602.50185683
176820.0,126035950.76068245,76342470.62138817
176880.0,126200163.06259081,76359383.00009957
176940.0,126356772.1896981,76376337.01474507
177000.0,126505659.77429225,76393330.00551103
177060.0,126646782.2245833,76410359.30141717
177120.0,126780073.4719819,76427422.21272157
177180.0,126905462.5527401,76444516.02929455
177240.0,127022852.13754164,76461638.01172794
177300.0,127132223.55808763,76478785.4180042
177360.0,127233523.64226696,76495955.49182837
177420.0,127326690.2733201,76513145.45962732
177480.0,127411663.3506298,76530352.5312605
177540.0,127488433.0541268,76547573.91704047
177600.0,127556964.54448943,76564806.81927946
177660.0,127617204.61706522,76582048.42610073
177720.0,127669130.42208919,76599295.92171046
177780.0,127712741.03990921,76616546.4938057
177840.0,127748020.00285715,76633797.32832293
177900.0,127774923.07160228,76651045.60007446
177960.0,127793464.64983979,76668288.49253897
178020.0,127803652.76058717,76685523.19569638
178080.0,127805489.33494014,76702746.90396433
178140.0,127798939.14418131,76719956.80367473
178200.0,127784053.83138213,76737150.10233726
178260.0,127760850.39733444,76754324.01694345
178320.0,127729341.03137137,76771475.7723319
178380.0,127689524.02693084,76788602.59650095
178440.0,127641463.76305135,76805701.7428246
178500.0,127585194.40387419,76822770.47985353
178560.0,127520737.16635531,76839806.08693904
178620.0,127448127.60685088,76856805.8590317
178680.0,127367439.08103032,76873767.11934803
178740.0,127278724.17105612,76890687.21234961
178800.0,127182013.13780472,76907563.4962172
178860.0,127077378.74408694,76924393.35708533
178920.0,126964903.3244065,76941174.21220516
178980.0,126844657.8561595,76957903.50608513
179040.0,126716681.64189948,76974578.69983037
179100.0,126581084.56631592,76991197.29476051
179160.0,126437957.92257006,77007756.8261161
179220.0,126287388.2061286,77024254.86139564
179280.0,126129432.21005133,77040688.99036106
179340.0,125964228.33881031,77057056.85230434
179400.0,125791879.61642893,77073356.12413181
179460.0,125612481.44207536,77089584.51775199
179520.0,125426127.59650445,77105739.77947617
179580.0,125232965.25996684,77121819.70780243
179640.0,125033115.60643041,77137822.14464232
179700.0,124826682.81934333,77153744.96957545
179760.0,124613797.44846036,77169586.10858709
179820.0,124394615.29256201,77185343.54241559
179880.0,124169275.47227576,77201015.30089785
179940.0,123937890.75848864,77216599.45410146
180000.0,123700628.16563381,77232094.13033862
180060.0,123457651.86488521,77247497.51512188
180120.0,123209118.62313929,77262807.84860224
180180.0,122955149.4970441,77278023.41358672
180240.0,122695947.5494844,77293142.56276645
180300.0,122431684.95873708,77308163.70832251
180360.0,122162528.85502072,77323085.32014775
180420.0,121888628.70419659,77337905.91987641
180480.0,121610202.4937455,77352624.10357782
180540.0,121327436.74247861,77367238.53117467
180600.0,121040505.92694327,77381747.92233606
180660.0,120749594.57333076,77396151.059716
180720.0,120454927.58096866,77410446.80225293
180780.0,120156707.5122894,77424634.07762966
180840.0,119855115.41131003,77438711.87501971
180900.0,119550369.94848883,77452679.25746532
180960.0,119242702.0362818,77466535.36581373
181020.0,118932329.28767338,77480279.41418028
181080.0,118619438.27273405,77493910.67954096
181140.0,118304280.62156734,77507428.5231786
181200.0,117987092.07228024,77520832.38528095
181260.0,117668102.40016457,77534121.78283636
181320.0,117347507.12331124,77547296.29817073
181380.0,117025584.54073851,77560355.60622318
181440.0,116702575.27558535,77573299.46193394
181500.0,116378711.96395254,77586127.69747181
181560.0,116054220.27683534,77598840.2198047
181620.0,115729380.34819302,77611437.02856863
181680.0,115404443.39200565,77623918.20636368
181740.0,115079642.84929368,77636283.91274959
181800.0,114755232.31841311,77648534.39077125
181860.0,114431491.48808864,77660669.9754289
181920.0,114108679.73991866,77672691.0868288
181980.0,113787028.78591512,77684598.22092015
182040.0,113466817.44735378,77696391.96489723
182100.0,113148322.18555258,77708072.9962714
182160.0,112831807.6173079,77719642.07882117
182220.0,112517500.66883095,77731100.05003947
182280.0,112205702.16011423,77742447.84533574
182340.0,111896682.00399761,77753686.4877045
182400.0,111590700.9794712,77764817.08457679
182460.0,111287994.42076457,77775840.8193141
182520.0,110988864.58311448,77786758.97308262
182580.0,110693576.55759527,77797572.91247943
182640.0,110402379.65440735,77808284.08420804
182700.0,110115524.29880194,77818894.015313
182760.0,109833299.05330245,77829404.32556841
182820.0,109555963.39451316,77839816.71778007
182880.0,109283750.63344316,77850132.96906473
182940.0,109016921.61730017,77860354.93975946
183000.0,108755746.45785119,77870484.57632276
183060.0,108500474.14227,77880523.90426965
183120.0,108251317.01104927,77890475.01603465
183180.0,108008541.25731154,77900340.0885015
183240.0,107772393.39967203,77910121.37642264
183300.0,107543106.31967518,77919821.20782796
183360.0,107320867.28829011,77929441.96897994
183420.0,107105941.32046458,77938986.1297099
183480.0,106898546.36743799,77948456.22789098
183540.0,106698884.99850078,77957854.86429851
183600.0,106507140.4362172,77967184.69618475
183660.0,106323544.67944755,77976448.45312147
183720.0,106148290.53902048,77985648.92408356
183780.0,105981544.92625915,77994788.94889654
183840.0,105823481.71053518,78003871.4204245
183900.0,105674294.64915197,78012899.2909722
183960.0,105534146.27057247,78021875.56200273
184020.0,105403162.79710886,78030803.2722196
184080.0,105281503.82134797,78039685.50838293
184140.0,105169320.08831058,78048525.40234837
184200.0,105066739.22880524,78057326.12346448
184260.0,104973842.3470265,78066090.86336145
184320.0,104890770.50085752,78074822.85543095
184380.0,104817627.39507881,78083525.36260298
184440.0,104754497.5654408,78092201.67106193
184500.0,104701426.63010825,78100855.07755268
184560.0,104658520.61224464,78109488.90900089
184620.0,104625837.5500959,78118106.50686929
184680.0,104603411.35818361,78126711.21929662
184740.0,104591264.10719344,78135306.39724007
184800.0,104589450.26656741,78143895.40498985
184860.0,104597985.19671226,78152481.6074539
184920.0,104616850.72570354,78161068.35927683
184980.0,104646044.20714074,78169659.00989242
185040.0,104685567.75973757,78178256.90507719
185100.0,104735393.60482818,78186865.37726511
185160.0,104795451.38914205,78195487.73177317
185220.0,104865713.94774981,78204127.26083568
185280.0,104946131.638014,78212787.23634642
185340.0,105036634.46140043,78221470.90330176
185400.0,105137101.16478755,78230181.46325694
185460.0,105247481.61222081,78238922.09740412
185520.0,105367676.33049425,78247695.95064898
185580.0,105497566.97777785,78256506.12556884
185640.0,105637009.02084126,78265355.67401591
185700.0,105785907.07355092,78274247.61307876
185760.0,105944123.31485422,78283184.91143204
185820.0,106111493.66681127,78292170.48093653
185880.0,106287856.27975343,78301207.17745002
185940.0,106473072.021174,78310297.80824825
186000.0,106666969.60053635,78319445.12172963
186060.0,106869343.51916064,78328651.79647888
186120.0,107080019.03474556,78337920.45129457
186180.0,107298817.93414445,78347253.6441669
186240.0,107525540.25056215,78356653.86536741
186300.0,107759944.01812725,78366123.52403176
186360.0,108001846.5877376,78375664.96738774
186420.0,108251035.82806769,78385280.47136606
186480.0,108507285.14169477,78394972.23606052
186540.0,108770330.91162387,78404742.37394264
186600.0,109039978.33873351,78414592.93213068
186660.0,109315989.92251262,78424525.87876855
186720.0,109598111.89444612,78434543.09792526
186780.0,109886082.09082404,78444646.38703315
186840.0,110179681.14002934,78454837.47076887
186900.0,110478657.42166856,78465117.99081731
186960.0,110782735.29632677,78475489.49829662
187020.0,111091659.2193471,78485953.4603502
187080.0,111405190.42927074,78496511.26566416
187140.0,111723068.26479936,78507164.21757156
187200.0,112045000.23279627,78517913.5239867
187260.0,112370742.257287,78528760.31307137
187320.0,112700041.01338913,78539705.6304001
187380.0,113032631.49042597,78550750.4353505
187440.0,113368208.93922228,78561895.58852075
187500.0,113706545.16599885,78573141.87638552
187560.0,114047376.64295246,78584490.00011124
187620.0,114390431.13666904,78595940.57290834
187680.0,114735416.9832738,78607494.11396025
187740.0,115082104.53359388,78619151.06839286
187800.0,115430230.97443564,78630911.79679735
187860.0,115779518.59247105,78642776.57060625
187920.0,116129698.17402594,78654745.5749496
187980.0,116480536.18457055,78666818.9201809
188040.0,116831775.7553321,78678996.63455077
188100.0,117183136.84978916,78691278.65694797
188160.0,117534375.67914402,78703664.84860046
188220.0,117885257.72496727,78716154.9961543
188280.0,118235534.81558257,78728748.80744155
188340.0,118584927.2295935,78741445.90155502
188400.0,118933219.0795534,78754245.8293187
188460.0,119280177.2651625,78767148.06791656
188520.0,119625562.60633606,78780152.01907456
188580.0,119969103.7796664,78793256.99895383
188640.0,120310608.9017807,78806462.26355398
188700.0,120649850.21526666,78819766.9974019
188760.0,120986592.34059282,78833170.31124271
188820.0,121320595.16902603,78846671.24065414
188880.0,121651671.36881673,78860268.7629312
188940.0,121979607.10800344,78873961.78876323
189000.0,122304172.27318613,78887749.15717098
189060.0,122625159.32462646,78901629.64278427
189120.0,122942386.78620097,78915601.96421301
189180.0,123255655.96559341,78929664.77867587
189240.0,123564743.16070482,78943816.67416795
189300.0,123869474.45622936,78958056.18535085
189360.0,124169675.24240692,78972381.7934171
189420.0,124465162.90423873,78986791.92363909
189480.0,124755721.03164548,79001284.93475625
189540.0,125041210.14282393,79015859.14343244
189600.0,125321463.26536785,79030512.81562293
189660.0,125596308.6927098,79045244.16515696
189720.0,125865555.6186192,79060051.34777981
189780.0,126129081.95983645,79074932.48297173
189840.0,126386734.84198368,79089885.64427356
189900.0,126638350.89793655,79104908.85604408
189960.0,126883774.73025194,79120000.09605488
190020.0,127122892.79860762,79135157.30878067
190080.0,127355569.85761337,79150378.39860037
190140.0,127581651.27670412,79165661.22374335
190200.0,127801017.4220534,79181003.60740212
190260.0,128013563.63563721,79196403.34251036
190320.0,128219172.61020924,79211858.18780284
190380.0,128417698.7419907,79227365.85895133
190440.0,128609058.41425487,79242924.0481622
190500.0,128793156.09673643,79258530.42046097
190560.0,128969891.83698882,79274182.61234275
190620.0,129139131.68446423,79289878.22111584
190680.0,129300825.7996757,79305614.83143005
190740.0,129454888.76160693,79321390.00410391
190800.0,129601229.96211597,79337201.27453095
190860.0,129739751.76002564,79353046.15050879
190920.0,129870413.70696498,79368922.13025627
190980.0,129993148.78541383,79384826.69408132
191040.0,130107875.84968188,79400757.2999719
191100.0,130214533.65628465,79416711.38987969
191160.0,130313091.24440384,79432686.39925022
191220.0,130403500.08381987,79448679.75152025
191280.0,130485688.57812993,79464688.85090123
191340.0,130559631.9345813,79480711.09708615
191400.0,130625308.74966249,79496743.88631894
191460.0,130682689.03805746,79512784.60871057
191520.0,130731710.81807953,79528830.63822478
191580.0,130772385.77340344,79544879.35577416
191640.0,130804702.1092745,79560928.14185855
191700.0,130828643.72405578,79576974.3752176
191760.0,130844172.4003762,79593015.42591384
191820.0,130851322.20260479,79609048.67795534
191880.0,130850095.68270306,79625071.51942025
191940.0,130840486.40466022,79641081.3396407
192000.0,130822492.67859805,79657075.53068413
192060.0,130796158.20876448,79673051.50153014
192120.0,130761504.16240862,79689006.67100574
192180.0,130718533.79552673,79704938.46217793
192240.0,130667281.9226386,79720844.3121968
192300.0,130607801.90216766,79736721.6780595
192360.0,130540133.51490971,79752568.03234424
192420.0,130464289.72242238,79768380.85482322
192480.0,130380341.79877348,79784157.65062869
192540.0,130288352.75643101,79799895.94763891
192600.0,130188380.96956083,79815593.29499777
192660.0,130080449.10129695,79831247.25196019
192720.0,129964664.81402785,79846855.41433941
192780.0,129841100.75369348,79862415.40355177
192840.0,129709825.28834201,79877924.86524586
192900.0,129570896.4160099,79893381.46603926
192960.0,129424432.41964045,79908782.9122313
193020.0,129270524.08251809,79924126.94119315
193080.0,129109249.35367866,79939411.31733127
193140.0,128940702.49787752,79954633.83711399
193200.0,128765011.27112,79969792.33942269
193260.0,128582284.83344848,79984884.69971266
193320.0,128392610.6092746,79999908.82321036
193380.0,128196118.94214334,80014862.65818366
193440.0,127992946.92247286,80029744.19796787
193500.0,127783221.91039422,80044551.47787869
193560.0,127567040.63426252,80059282.56565191
193620.0,127344569.25470549,80073935.58290914
193680.0,127115953.98231418,80088508.69889408
193740.0,126881336.61182043,80103000.12903126
193800.0,126640833.43245137,80117408.12695801
193860.0,126394635.54629782,80131731.00762014
193920.0,126142901.47416198,80145967.13709617
193980.0,125885781.73413306,80160114.93004298
194040.0,125623427.82338025,80174172.84992342
194100.0,125356039.2772641,80188139.42378041
194160.0,125083791.81955558,80202013.23478034
194220.0,124806844.20278601,80215792.91688353
194280.0,124525382.53254387,80229477.16321327
194340.0,124239614.20459221,80243064.73253755
194400.0,123949731.50255708,80256554.4445036
194460.0,123655900.74203596,80269945.17153154
194520.0,123358341.84799157,80283235.85526888
194580.0,123057269.30062665,80296425.50480491
194640.0,122752891.08625256,80309513.19456491
194700.0,122445380.18397108,80322498.05342144
194760.0,122134989.31469099,80335379.2891766
194820.0,121821939.015263,80348156.17852865
194880.0,121506444.5335561,80360828.06533746
194940.0,121188706.29486737,80373394.35595904
195000.0,120868986.54604572,80385854.53817138
195060.0,120547517.86774515,80398208.17192395
195120.0,120224519.85595831,80410454.88523392
195180.0,119900223.29447295,80422594.3775208
195240.0,119574893.88216193,80434626.4302266
195300.0,119248776.02292714,80446550.90014754
195360.0,118922091.86279154,80458367.7124825
195420.0,118595100.59601146,80470076.87210287
195480.0,118268069.37265716,80481678.46587221
195540.0,117941252.29051356,80493172.65851556
195600.0,117614871.81428048,80504559.68279648
195660.0,117289213.16451819,80515839.85865717
195720.0,116964542.4829378,80527013.58723605
195780.0,116641118.62706019,80538081.34851089
195840.0,116319168.6771925,80549043.69144246
195900.0,115998994.00227903,80559901.2566219
195960.0,115680859.11015452,80570654.76484405
196020.0,115365018.07119446,80581305.01378997
196080.0,115051718.67289197,80591852.87598675
196140.0,114741255.72629023,80602299.3130777
196200.0,114433895.05449738,80612645.36682126
196260.0,114129882.31208491,80622892.15280269
196320.0,113829482.20924261,80633040.86614512
196380.0,113532979.11197625,80643092.78739347
196440.0,113240636.12994939,80653049.2758915
196500.0,112952686.34856161,80662911.76049384
196560.0,112669407.10815321,80672681.7529687
196620.0,112391067.93460304,80682360.84548675
196680.0,112117924.70360595,80691950.70633425
196740.0,111850193.29972109,80701453.0676009
196800.0,111588158.9480614,80710869.746223
196860.0,111332071.49979188,80720202.63307261
196920.0,111082168.5130949,80729453.68909943
196980.0,110838662.10817319,80738624.93747562
197040.0,110601821.84638688,80747718.48099235
197100.0,110371878.89963637,80756736.49025221
197160.0,110149044.67675717,80765681.19755182
197220.0,109933530.13155273,80774554.89664948
197280.0,109725576.01667044,80783359.95173463
197340.0,109525392.1375346,80792098.78791153
197400.0,109333158.44363539,80800773.8820318
197460.0,109149079.41779213,80809387.77007063
197520.0,108973361.72875997,80817943.04770085
197580.0,108806188.5791119,80826442.36307631
197640.0,108647703.28234988,80834888.40464258
197700.0,108498098.74036758,80843283.91612536
197760.0,108357542.52331065,80851631.68876103
197820.0,108226185.12497571,80859934.5560453
197880.0,108104132.03627534,80868195.38002352
197940.0,107991556.33754109,80876417.07173541
198000.0,107888583.21745728,80884602.57662804
198060.0,107795318.5904719,80892754.86866495
198120.0,107711848.71596238,80900876.9443304
198180.0,107638300.24298878,80908971.83482349
198240.0,107574759.87107271,80917042.59391436
198300.0,107521285.50692724,80925092.28919818
198360.0,107477940.98896089,80933124.0038684
198420.0,107444803.6256417,80941140.84076643
198480.0,107421918.99760544,80949145.91276063
198540.0,107409294.67857143,80957142.33124532
198600.0,107406970.03697295,80965133.21574856
198660.0,107414971.32511128,80973121.68995857
198720.0,107433301.60446234,80981110.87471537
198780.0,107461917.05745818,80989103.873865
198840.0,107500831.8162516,80997103.79177158
198900.0,107550020.67790303,81005113.72145064
198960.0,107609439.11514775,81013136.73875876
199020.0,107679007.19904424,81021175.89174648
199080.0,107758699.39903294,81029234.21709527
199140.0,107848445.00114782,81037314.72652102
199200.0,107948149.42207989,81045420.39962208
199260.0,108057709.41366747,81053554.18131858
199320.0,108177050.45549408,81061718.99055222
199380.0,108306062.27233511,81069917.7095657
199440.0,108444602.74568084,81078153.17437801
199500.0,108592548.05949573,81086428.1803585
199560.0,108749777.77649435,81094745.48330382
199620.0,108916145.37853064,81103107.79165825
199680.0,109091464.79807357,81111517.75470105
199740.0,109275595.40429185,81119977.97628398
199800.0,109468374.86965421,81128491.0083841
199860.0,109669624.57820292,81137059.34629157
199920.0,109879119.11257423,81145685.4146488
199980.0,110096705.34939829,81154371.58924669
200040.0,110322183.85517667,81163120.18320768
200100.0,110555340.11979696,81171933.44255897
200160.0,110795940.229304,81180813.54051663
200220.0,111043797.67704657,81189762.59180118
200280.0,111298689.69396004,81198782.64186174
200340.0,111560371.08093362,81207875.66026217
200400.0,111828604.60987218,81217043.54318121
200460.0,112103175.67215839,81226288.12029256
200520.0,112383843.43747827,81235611.14701822
200580.0,112670337.31500645,81245014.29573733
200640.0,112962421.97845435,81254499.16645585
200700.0,113259859.97628759,81264067.28627943
200760.0,113562397.61411715,81273720.1046679
200820.0,113869744.07661256,81283458.98246053
200880.0,114181670.98132606,81293285.21065614
200940.0,114497923.07140744,81303200.00249273
201000.0,114818234.8969793,81313204.49052092
201060.0,115142311.75923386,81323299.71799593
201120.0,115469925.45220421,81333486.65884742
201180.0,115800811.40780544,81343766.20693839
201240.0,116134692.15001883,81354139.17233585
201300.0,116471287.960844,81364606.28076759
201360.0,116810360.65695894,81375168.18612403
201420.0,117151645.37035419,81385825.46261619
201480.0,117494856.67339195,81396578.59877189
201540.0,117839733.72284898,81407428.00488205
201600.0,118186032.18126237,81418374.01802978
201660.0,118533490.55256653,81429416.89709392
201720.0,118881819.01104295,81440556.81443892
201780.0,119230778.96756303,81451793.871279
201840.0,119580123.2282585,81463128.09522578
201900.0,119929596.81887722,81474559.4380857
201960.0,120278908.54607692,81486087.76521225
202020.0,120627844.94539826,81497712.8787199
202080.0,120976158.75087951,81509434.50754179
202140.0,121323596.59802434,81521252.30572833
202200.0,121669891.13412727,81533165.84840739
202260.0,122014833.73469046,81545174.64932293
202320.0,122358186.92554769,81557278.15237044
202380.0,122699700.088014,81569475.72780348
202440.0,123039134.92395876,81581766.6759944
202500.0,123376286.46806815,81594150.23741427
202560.0,123710929.95792313,81606625.58685754
202620.0,124042819.29333495,81619191.82722074
202680.0,124371746.88757156,81631848.00101006
202740.0,124697513.02523655,81644593.09276034
202800.0,125019907.14805229,81657426.02591279
202860.0,125338689.08530189,81670345.65414687
202920.0,125653683.27824236,81683350.78058805
202980.0,125964696.51757261,81696440.1526652
203040.0,126271530.93253158,81709612.46081528
203100.0,126573961.46114315,81722866.33053473
203160.0,126871837.52881101,81736200.34447396
203220.0,127164976.10007961,81749613.03291671
203280.0,127453186.99537238,81763102.87174861
203340.0,127736278.8346589,81776668.28218323
203400.0,128014109.10070999,81790307.64525653
203460.0,128286511.58623865,81804019.2949
203520.0,128553304.4999384,81817801.51341563
203580.0,128814330.78651008,81831652.53884242
203640.0,129069456.59360746,81845570.57185797
203700.0,129318533.10418905,81859553.77142568
203760.0,129561387.4398674,81873600.24777092
203820.0,129797897.35186131,81887708.07735705
203880.0,130027938.10601357,81901875.30220363
203940.0,130251378.69367866,81916099.9280911
204000.0,130468055.53934014,81930379.91503558
204060.0,130677881.5554122,81944713.19984603
204120.0,130880741.45971565,81959097.68787068
204180.0,131076515.9294175,81973531.25185587
204240.0,131265070.26634055,81988011.72747704
204300.0,131446333.51202245,82002536.93211272
204360.0,131620206.50849614,82017104.656592
204420.0,131786579.67992088,82031712.6621756
204480.0,131945353.89655401,82046358.68366456
204540.0,132096468.02651632,82061040.44058532
204600.0,132239841.37210132,82075755.63147432
204660.0,132375374.26743905,82090501.92834796
204720.0,132503003.28932963,82105276.98736349
204780.0,132622677.2674348,82120078.45243236
204840.0,132734334.08577989,82134903.95203206
204900.0,132837884.10652387,82149751.09116954
204960.0,132933299.7039945,82164617.46956907
205020.0,133020539.76549517,82179500.67773293
205080.0,133099559.26631749,82194398.29581034
205140.0,133170283.4065383,82209307.88490386
205200.0,133232715.68862128,82224227.00999266
205260.0,133286826.70050344,82239153.23030558
205320.0,133332581.5633229,82254084.09773195
205380.0,133369941.38403085,82269017.15565957
205440.0,133398919.81269541,82283949.95433277
205500.0,133419506.1880481,82298880.04374407
205560.0,133431675.82288752,82313804.96954067
205620.0,133435425.74529637,82328722.27936728
205680.0,133430779.78525831,82343629.53068171
205740.0,133417746.05413258,82358524.28615662
205800.0,133396310.08693402,82373404.1070898
205860.0,133366504.82448725,82388266.5672231
205920.0,133328364.29426287,82403109.25304101
205980.0,133281915.38486403,82417929.76167248
206040.0,133227153.86922285,82432725.69181445
206100.0,133164148.56966504,82447494.66499579
206160.0,133092943.71314926,82462234.31838581
206220.0,133013579.65939271,82476942.30364652
206280.0,132926078.29323979,82491616.2815376
206340.0,132830528.38596947,82506253.9413528
206400.0,132726989.63852167,82520852.99242756
206460.0,132615512.5968021,82535411.16144946
206520.0,132496154.97482398,82549926.19451553
206580.0,132369015.66294244,82564395.86906342
206640.0,132234173.039574,82578817.9878702
206700.0,132091687.78626063,82593190.37387843
206760.0,131941653.33544298,82607510.87967113
206820.0,131784178.62329218,82621777.3919263
206880.0,131619360.60692765,82635987.82789354
206940.0,131447270.01243283,82650140.1277441
207000.0,131268035.83103372,82664232.2714262
207060.0,131081776.92464778,82678262.27567227
207120.0,130888608.21737961,82692228.19280487
207180.0,130688611.71331213,82706128.10115138
207240.0,130481950.35850367,82719960.12844071
207300.0,130268753.21644531,82733722.44192493
207360.0,130049144.90861449,82747413.24703683
207420.0,129823242.63564347,82761030.785188
207480.0,129591218.85051529,82774573.34969504
207540.0,129353220.59459198,82788039.27835792
207600.0,129109381.89024624,82801426.94963303
207660.0,128859854.75148977,82814734.78777283
207720.0,128604820.78413929,82827961.27130732
207780.0,128344444.60267897,82841104.92805907
207840.0,128078869.21143784,82854164.32883373
207900.0,127808280.92444079,82867138.09985699
207960.0,127532870.008488,82880024.92383525
208020.0,127252818.09939873,82892823.53738458
208080.0,126968276.60723583,82905532.72223748
208140.0,126679465.46842656,82918151.32493168
208200.0,126386582.94334649,82930678.25047013
208260.0,126089822.80687183,82943112.46094447
208320.0,125789356.5351362,82955452.96903035
208380.0,125485424.37040885,82967698.85771488
208440.0,125178235.82476719,82979849.27134961
208500.0,124867991.53094402,82991903.41300705
208560.0,124554894.95335233,83003860.54521084
208620.0,124239192.56691694,83015720.00222024
208680.0,123921108.29377812,83027481.18344267
208740.0,123600848.39199896,83039143.5482626
208800.0,123278646.95495738,83050706.62395418
208860.0,122954755.30177411,83062170.01053213
208920.0,122629410.272501,83073533.37648903
208980.0,122302822.18183622,83084796.45108144
209040.0,121975254.05083707,83095959.03937069
209100.0,121646960.29151906,83107021.0196439
209160.0,121318188.79529077,83117982.3414384
209220.0,120989151.97358748,83128843.01526466
209280.0,120660139.67844999,83139603.13472085
209340.0,120331407.24624681,83150262.86648111
209400.0,120003203.52415425,83160822.44833145
209460.0,119675764.02217501,83171282.18524747
209520.0,119349379.47657096,83181642.46511325
209580.0,119024311.31511688,83191903.75021201
209640.0,118700805.94397116,83202066.57282041
209700.0,118379120.97008994,83212131.5383132
209760.0,118059543.09885554,83222099.33338201
209820.0,117742337.34138122,83231970.71971543
209880.0,117427744.39377096,83241746.52694072
209940.0,117116040.54329859,83251427.66269846
210000.0,116807504.94215068,83261015.11334974
210060.0,116502402.52343167,83270509.9398022
210120.0,116200964.48485397,83279913.26777053
210180.0,115903481.86888845,83289226.3047677
210240.0,115610222.23823999,83298450.33328754
210300.0,115321443.24933152,83307586.70787127
210360.0,115037371.41316953,83316636.8461215
210420.0,114758299.02422173,83325602.2473699
210480.0,114484480.5778586,83334484.48178566
210540.0,114216156.43813989,83343285.18624744
210600.0,113953559.89002877,83352006.06223142
210660.0,113696963.48091564,83360648.88690208
210720.0,113446609.13234368,83369215.50428405
210780.0,113202714.93491375,83377707.81838329
210840.0,112965515.8957817,83386127.79791585
210900.0,112735259.7077812,83394477.47982477
210960.0,112512170.5600618,83402758.96249834
211020.0,112296439.07322511,83410974.39613801
211080.0,112088296.75617404,83419125.99430744
211140.0,111887961.21408075,83427216.02989134
211200.0,111695633.67137481,83435246.83035767
211260.0,111511472.06199268,83443220.7653851
211320.0,111335699.21075845,83451140.26522763
211380.0,111168497.49384172,83459007.80914718
211440.0,111010033.39135471,83466825.9208334
211500.0,110860447.25043167,83474597.1609269
211560.0,110719928.20234694,83482324.14080252
211620.0,110588625.29687819,83490009.51113312
211680.0,110466663.87496194,83497655.9551138
211740.0,110354167.35124405,83505266.18786985
211800.0,110251281.61784051,83512842.9627792
211860.0,110158119.93753059,83520389.0621773
211920.0,110074762.52280842,83527907.2879589
211980.0,110001312.06819473,83535400.46791367
212040.0,109937867.66723105,83542871.4546707
212100.0,109884503.47557315,83550323.11860873
212160.0,109841251.51777299,83557758.33591618
212220.0,109808190.95770088,83565180.00191046
212280.0,109785371.5693743,83572591.02270399
212340.0,109772824.22789441,83579994.3098487
212400.0,109770536.66269113,83587392.76814047
212460.0,109778557.04448555,83594789.31269747
212520.0,109796886.45767914,83602186.855652
212580.0,109825505.03067005,83609588.30023992
212640.0,109864374.95817557,83616996.53575289
212700.0,109913493.63587031,83624414.44748777
212760.0,109972819.92550194,83631844.90588541
212820.0,110042283.53661105,83639290.75833274
212880.0,110121821.75248541,83646754.83132997
212940.0,110211382.16699193,83654239.93342511
213000.0,110310882.70596103,83661748.84688216
213060.0,110420204.27695005,83669284.31729335
213120.0,110539261.1328032,83676849.06301843
213180.0,110667953.2817106,83684445.77121395
213240.0,110806160.20802388,83692077.09210218
213300.0,110953716.80819543,83699745.62648085
213360.0,111110517.30931683,83707453.94247714
213420.0,111276417.43817382,83715204.56476998
213480.0,111451256.18753749,83722999.96994784
213540.0,111634842.95569229,83730842.57826076
213600.0,111827039.13058355,83738734.76830356
213660.0,112027665.91032542,83746678.86578798
213720.0,112236523.34310557,83754677.13767943
213780.0,112453408.20531236,83762731.79136106
213840.0,112678145.28370295,83770844.98257665
213900.0,112910528.81964736,83779018.80693488
213960.0,113150324.81351456,83787255.29207414
214020.0,113397322.3527823,83795556.40423022
214080.0,113651314.69016162,83803924.04948974
214140.0,113912074.22106662,83812360.06803039
214200.0,114179338.07416104,83820866.22433463
214260.0,114452892.79620077,83829444.22113436
214320.0,114732505.32872482,83838095.69400883
214380.0,115017930.58449078,83846822.20811197
214440.0,115308884.55877554,83855625.24738188
214500.0,115605153.86258605,83864506.23440711
214560.0,115906485.12088375,83873466.51933062
214620.0,116212613.35612002,83882507.37670742
214680.0,116523260.95116109,83891630.00207758
214740.0,116838197.02673472,83900835.5251356
214800.0,117157160.28398284,83910125.00132523
214860.0,117479870.66767684,83919499.40670541
214920.0,117806061.61473131,83928959.64182769
214980.0,118135489.37946531,83938506.53820994
215040.0,118467889.23788033,83948140.85257928
215100.0,118802970.45921656,83957863.25972201
215160.0,119140481.77550961,83967674.3636026
215220.0,119480170.74787153,83977574.69713598
215280.0,119821773.26061755,83987564.71903215
215340.0,120164991.82775137,83997644.8046016
215400.0,120509594.23346658,84007815.26405253
215460.0,120855323.01823765,84018076.33555187
215520.0,121201913.74898015,84028428.18338412
215580.0,121549078.957871,84038870.89164309
215640.0,121896595.36993797,84049404.48220466
215700.0,122244208.11948472,84060028.90602587
215760.0,122591651.63050973,84070744.04026517
215820.0,122938662.89365354,84081549.68909848
215880.0,123285018.79527591,84092445.59490897
215940.0,123630473.57292114,84103431.43207985
216000.0,123974763.04920672,84114506.8019735
216060.0,124317651.07409331,84125671.24081609
216120.0,124658917.01310149,84136924.22409545
216180.0,124998326.40280043,84148265.16280727
216240.0,125335618.55679676,84159693.39626841
216300.0,125670586.15662532,84171208.20702025
216360.0,126003012.93919867,84182808.81842685
216420.0,126332677.52611956,84194494.39333887
216480.0,126659324.41524994,84206264.02471966
216540.0,126982776.7136694,84218116.75752348
216600.0,127302824.04882286,84230051.57948783
216660.0,127619251.49968357,84242067.41995312
216720.0,127931834.26767838,84254163.14720887
216780.0,128240402.98300281,84266337.58391957
216840.0,128544762.42102315,84278589.50003389
216900.0,128844705.00908916,84290917.60944165
216960.0,129140038.41570958,84303320.57426639
217020.0,129430601.08265495,84315797.01344483
217080.0,129716214.10282902,84328345.49799137
217140.0,129996678.12668201,84340964.5454157
217200.0,130271834.10665151,84353652.63092986
217260.0,130541529.0647589,84366408.18918279
217320.0,130805601.12787773,84379229.6118605
217380.0,131063859.83853433,84392115.23985572
217440.0,131316180.05729878,84405063.38136163
217500.0,131562417.96961614,84418072.30676529
217560.0,131802425.9063977,84431140.24763666
217620.0,132036032.92414184,84444265.39036523
217680.0,132263138.14413372,84457445.89553441
217740.0,132483610.72395626,84470679.88970041
217800.0,132697312.68464334,84483965.46347313
217860.0,132904107.72953936,84497300.67202891
217920.0,133103904.83136438,84510683.54762344
217980.0,133296591.36100414,84524112.09367722
218040.0,133482039.3285407,84537584.2805883
218100.0,133660147.35922314,84551098.05309962
218160.0,133830834.53115842,84564651.33595937
218220.0,133994006.66305347,84578242.03030284
218280.0,134149545.97245122,84591868.00719732
218340.0,134297386.2033321,84605527.12184313
218400.0,134437456.7224316,84619217.21239276
218460.0,134569681.96443707,84632936.09861964
218520.0,134693954.51279637,84646681.57319795
218580.0,134810243.3665352,84660451.42271574
218640.0,134918488.31188503,84674243.41966668
218700.0,135018625.5411648,84688055.32148327
218760.0,135110579.04839835,84701884.86721198
218820.0,135194332.24676105,84715729.79383099
218880.0,135269842.41123304,84729587.82908796
218940.0,135337056.26849186,84743456.68862192
219000.0,135395933.2186085,84757334.07945205
219060.0,135446467.2280088,84771217.70945713
219120.0,135488634.42912108,84785105.28249098
219180.0,135522392.1431227,84798994.4932385
219240.0,135547735.21212962,84812883.03749652
219300.0,135564668.20013514,84826768.6148324
219360.0,135573186.132354,84840648.92596959
219420.0,135573256.96427473,84854521.66538393
219480.0,135564910.98942944,84868384.53835388
219540.0,135548163.39484632,84882235.25681698
219600.0,135523025.8199717,84896071.53839162
219660.0,135489483.75668237,84909891.099227
219720.0,135447596.0543953,84923691.67403726
219780.0,135397390.82442293,84937471.00768466
219840.0,135338890.344368,84951226.85357349
219900.0,135272115.55855566,84964956.9732747
219960.0,135197135.91885117,84978659.14974649
220020.0,135113998.42021462,84992331.18118103
220080.0,135022735.96326193,85005970.87714125
220140.0,134923404.88863662,85019576.06493396
220200.0,134816085.21854618,85033144.59603849
220260.0,134700842.78336942,85046674.34220776
220320.0,134577721.0655654,85060163.18935463
220380.0,134446811.7117411,85073609.05064578
220440.0,134308205.2528067,85087009.8661608
220500.0,134161986.27218147,85100363.60123727
220560.0,134008208.75791842,85113668.2381134
220620.0,133846999.5292189,85126921.79571229
220680.0,133678459.52388549,85140122.3225552
220740.0,133502686.08068974,85153267.89574304
220800.0,133319761.17891107,85166356.6167439
220860.0,133129829.01206785,85179386.62826124
220920.0,132933006.63823189,85192356.10680822
220980.0,132729401.60903664,85205263.2600806
221040.0,132519130.76869738,85218106.32943691
221100.0,132302348.36271644,85230883.60000224
221160.0,132079189.69343159,85243593.3954698
221220.0,131849772.27364005,85256234.07322358
221280.0,131614247.48747054,85268804.0334769
221340.0,131372779.33080564,85281301.72263314
221400.0,131125521.0059514,85293725.63029797
221460.0,130872599.63049379,85306074.28215389
221520.0,130614200.69128758,85318346.25572082
221580.0,130350497.51499118,85330540.1769933
221640.0,130081659.52022499,85342654.71931687
221700.0,129807826.57659605,85354688.59532696
221760.0,129529214.05562782,85366640.5773238
221820.0,129246005.25674035,85378509.4885165
221880.0,128958378.19949058,85390294.2015265
221940.0,128666505.7947683,85401993.63693966
222000.0,128370611.58951356,85413606.77692683
222060.0,128070895.07852472,85425132.65866193
222120.0,127767542.0653016,85436570.37054919
222180.0,127460757.58113252,85447919.05734654
222240.0,127150772.41668218,85459177.92704397
222300.0,126837801.25049035,85470346.24642953
222360.0,126522036.60511467,85481423.33503145
222420.0,126203714.45636068,85492408.57676907
222480.0,125883071.6353688,85503301.42009662
222540.0,125560336.70966344,85514101.3756883
222600.0,125235707.55747983,85524808.00808232
222660.0,124909449.6185702,85535420.95381406
222720.0,124581804.23737147,85545939.91482794
222780.0,124253007.47448502,85556364.65696628
222840.0,123923275.14585865,85566695.00443232
222900.0,123592886.02079359,85576930.85665745
222960.0,123262088.81794891,85587072.18011314
223020.0,122931121.67168063,85597119.00537317
223080.0,122600226.41839544,85607071.42802326
223140.0,122269682.70959756,85616929.61874162
223200.0,121939747.70532826,85626693.817152
223260.0,121610659.1633876,85636364.32651675
223320.0,121282682.35069273,85645941.52104232
223380.0,120956095.12085025,85655425.84916475
223440.0,120631160.26329638,85664817.82940485
223500.0,120308112.2277356,85674118.04266614
223560.0,119987236.64171036,85683327.14588651
223620.0,119668806.38502544,85692445.86851573
223680.0,119353086.41645297,85701475.01029362
223740.0,119040304.89013629,85710415.43128578
223800.0,118730763.77606499,85719268.07159269
223860.0,118424727.44517802,85728033.94116482
223920.0,118122451.19943371,85736714.11727904
223980.0,117824176.98880458,85745309.74087173
224040.0,117530195.03230312,85753822.02938041
224100.0,117240765.02512562,85762252.26846896
224160.0,116956128.31644705,85770601.80702572
224220.0,116676536.24098341,85778872.05975088
224280.0,116402262.75566322,85787064.51312058
224340.0,116133558.26313518,85795180.71899115
224400.0,115870645.44544207,85803222.28709982
224460.0,115613780.221641,85811190.89387195
224520.0,115363215.40502357,85819088.28150186
224580.0,115119187.15002686,85826916.25341436
224640.0,114881894.44960769,85834676.66425736
224700.0,114651592.73778172,85842371.43490449
224760.0,114428508.5670701,85850002.5446568
224820.0,114212854.99309288,85857572.02756271
224880.0,114004813.25727889,85865081.96385667
224940.0,113804622.03131343,85872534.49521634
225000.0,113612480.13987716,85879931.81405494
225060.0,113428567.93191275,85887276.15852784
225120.0,113253057.16754752,85894569.81018269
225180.0,113086151.31566553,85901815.10235043
225240.0,112928020.9370556,85909014.41131012
225300.0,112778808.76000893,85916170.14881977
225360.0,112638672.2520617,85923284.76599316
225420.0,112507774.97575474,85930360.75486986
225480.0,112386254.65767491,85937400.64148584
225540.0,112274211.9835265,85944406.97597428
225600.0,112171785.86923096,85951382.3427012
225660.0,112079095.88828607,85958329.35507706
225720.0,111996243.0471105,85965250.65058266
225780.0,111923282.31729732,85972148.87850365
225840.0,111860330.6082464,85979026.71637022
225900.0,111807460.29199377,85985886.85809018
225960.0,111764725.44131024,85992732.0090682
226020.0,111732154.38488686,85999564.87935644
226080.0,111709817.83582655,86006388.1948969
226140.0,111697746.08619398,86013204.68677573
226200.0,111695943.5352054,86020017.08434826
226260.0,111704413.047565,86026828.11483441
226320.0,111723175.1940851,86033640.50801554
226380.0,111752218.1832898,86040456.98765384
226440.0,111791496.15914404,86047280.26247403
226500.0,111840986.24037822,86054113.03226951
226560.0,111900658.9127988,86060957.98615736
226620.0,111970460.6779504,86067817.79624255
226680.0,112050296.13484898,86074695.10654922
226740.0,112140117.65170394,86081592.54569851
226800.0,112239846.96483071,86088512.71882527
226860.0,112349387.86542116,86095458.20286298
226920.0,112468605.27670154,86102431.53630397
226980.0,112597421.09977314,86109435.23431177
227040.0,112735713.48033653,86116471.77718863
227100.0,112883340.78638218,86123543.60519634
227160.0,113040147.80229801,86130653.11502124
227220.0,113206012.7371199,86137802.66865793
227280.0,113380779.1717357,86144994.58431344
227340.0,113564263.80453475,86152231.12937024
227400.0,113756295.19489041,86159514.52358279
227460.0,113956712.00208157,86166846.9418045
227520.0,114165327.54533166,86174230.5073645
227580.0,114381921.33011346,86181667.28322075
227640.0,114606310.25913289,86189159.28189653
227700.0,114838298.18076283,86196708.46210705
227760.0,115077672.98478192,86204316.72462618
227820.0,115324181.92462303,86211985.90166068
227880.0,115577635.21218273,86219717.77351706
227940.0,115837806.9605389,86227514.05916776
228000.0,116104458.58032964,86235376.41298912
228060.0,116377328.68515362,86243306.41884868
228120.0,116656207.45057622,86251305.6037597
228180.0,116940850.57640177,86259375.42889057
228240.0,117230996.19881509,86267517.28503409
228300.0,117526385.2282651,86275732.49342915
228360.0,117826787.04756702,86284022.31333303
228420.0,118131945.92856444,86292387.93550672
228480.0,118441581.72433834,86300830.47589244
228540.0,118755442.52047919,86309350.9831239
228600.0,119073281.75891799,86317950.44002044
228660.0,119394837.03501034,86326629.75951532
228720.0,119719814.59173366,86335389.77652273
228780.0,120047974.22508144,86344231.26208489
228840.0,120379057.91250207,86353154.918784
228900.0,120712799.35315523,86362161.37866195
228960.0,121048900.14672817,86371251.19490096
229020.0,121387131.18344472,86380424.86008005
229080.0,121727228.56762017,86389682.79714331
229140.0,122068919.48878686,86399025.35715684
229200.0,122411924.16204728,86408452.81757696
229260.0,122756008.6985733,86417965.39435817
229320.0,123100913.34875931,86427563.23526722
229380.0,123446362.18602416,86437246.41574086
229440.0,123792097.2795337,86447014.94368643
229500.0,124137883.1098834,86456868.76542923
229560.0,124483467.08517773,86466807.76133089
229620.0,124828573.05720153,86476831.7397202
229680.0,125172967.70234366,86486940.44817437
229740.0,125516416.53063956,86497133.57329386
229800.0,125858676.64110522,86507410.73858571
229860.0,126199474.08535376,86517771.49644183
229920.0,126538602.44492438,86528215.34585427
229980.0,126875830.46518642,86538741.7260054
230040.0,127210921.95191567,86549350.01505753
230100.0,127543622.37718236,86560039.52545184
230160.0,127873738.88287917,86570809.52007057
230220.0,128201050.32457931,86581659.20492971
230280.0,128525325.9343391,86592587.7267456
230340.0,128846341.1551657,86603594.17463005
230400.0,129163909.27081351,86614677.59001969
230460.0,129477823.66966814,86625836.96155825
230520.0,129787860.36982174,86637071.2206442
230580.0,130093826.06521921,86648379.24948744
230640.0,130395541.39401425,86659759.8848008
230700.0,130692815.41615252,86671211.91484797
230760.0,130985432.0057549,86682734.07295792
230820.0,131273230.11550425,86694325.0519136
230880.0,131556038.68494983,86705983.50140245
230940.0,131833682.80743855,86717708.02707301
231000.0,132105956.62021053,86729497.18255174
231060.0,132372730.5399244,86741349.48931813
231120.0,132633843.0621914,86753263.42845958
231180.0,132889128.4628796,86765237.43962865
231240.0,133138414.37617078,86777269.91937347
231300.0,133381580.68256204,86789359.23474655
231360.0,133618483.5199557,86801503.71718566
231420.0,133848966.86201242,86813701.65940626
231480.0,134072892.3243152,86825951.32002443
231540.0,134290149.69743326,86838250.93090223
231600.0,134500613.17749637,86850598.69314227
231660.0,134704136.82105145,86862992.77191147
231720.0,134900616.58663288,86875431.30733734
231780.0,135089952.50519463,86887912.41559464
231840.0,135272037.13859788,86900434.18700328
231900.0,135446734.91070676,86912994.67878172
231960.0,135613976.38788587,86925591.93219845
232020.0,135773672.0827288,86938223.96740676
232080.0,135925729.11293507,86950888.78259435
232140.0,136070034.57908532,86963584.34883796
232200.0,136206541.7432378,86976308.62723443
232260.0,136335175.80738297,86989059.56166485
232320.0,136455854.5804966,87001835.0769073
232380.0,136568500.0649693,87014633.0797444
232440.0,136673076.2745009,87027451.46983081
232500.0,136769527.24898505,87040288.134548
232560.0,136857781.60332704,87053140.94504046
232620.0,136937796.3419786,87066007.76355915
232680.0,137009546.32226533,87078886.4480766
232740.0,137072994.5057009,87091774.84922579
232800.0,137128080.3932315,87104670.80426289
232860.0,137174796.05333513,87117572.15062957
232920.0,137213127.24839166,87130476.72432812
232980.0,137243055.9148677,87143382.35893808
233040.0,137264532.49347866,87156286.87751031
233100.0,137277584.14704683,87169188.11232874
233160.0,137282207.5805525,87182083.89706065
233220.0,137278396.2006554,87194972.06590644
233280.0,137266134.01979056,87207850.45118265
233340.0,137245460.69778454,87220716.8976333
233400.0,137216391.4326026,87233569.25612558
233460.0,137178930.59785172,87246405.38086003
233520.0,137133097.31829375,87259223.13315639
233580.0,137078942.19811156,87272020.38953064
233640.0,137016499.4347842,87284795.03746213
233700.0,136945784.3623097,87297544.97053654
233760.0,136866851.17897493,87310268.09841345
233820.0,136779761.41054556,87322962.34868601
233880.0,136684568.21845528,87335625.6647121
233940.0,136581297.86651415,87348255.99869564
234000.0,136470039.55606437,87360851.32781291
234060.0,136350865.68513802,87373409.64987324
234120.0,136223845.3330363,87385928.98244196
234180.0,136089024.5720892,87398407.35692048
234240.0,135946518.55787867,87410842.836224
234300.0,135796413.45664597,87423233.50731757
234360.0,135638789.11749727,87435577.479568
234420.0,135473726.44689083,87447872.8849858
234480.0,135301351.2698994,87460117.88969024
234540.0,135121768.4329333,87472310.68849894
234600.0,134935068.41120496,87484449.50121576
234660.0,134741366.74748525,87496532.57900819
234720.0,134540799.75862765,87508558.20967783
234780.0,134333490.76453626,87520524.7142919
234840.0,134119540.655299,87532430.4414102
234900.0,133899099.33683035,87544273.77956995
234960.0,133672313.3633536,87556053.15637888
235020.0,133439324.2380189,87567767.03717582
235080.0,133200242.96541215,87579413.91719835
235140.0,132955253.4450392,87590992.34014498
235200.0,132704512.11340374,87602500.89110754
235260.0,132448171.80919357,87613938.19560081
235320.0,132186372.58283167,87625302.91625027
235380.0,131919312.48790494,87636593.76753034
235440.0,131647163.80731991,87647809.50913067
235500.0,131370088.64175487,87658948.94330458
235560.0,131088260.13339166,87670010.91762708
235620.0,130801885.23396054,87680994.3335467
235680.0,130511152.95952156,87691898.14175086
235740.0,130216233.97464514,87702721.33743244
235800.0,129917333.7251389,87713462.96908326
235860.0,129614667.26224022,87724122.14086987
235920.0,129308439.46700612,87734698.00997621
235980.0,128998828.65286754,87745189.77978116
236040.0,128686071.5571517,87755596.71465085
236100.0,128370390.29329598,87765918.13614479
236160.0,128052002.56307527,87776153.42182237
236220.0,127731098.92931728,87786301.99827842
236280.0,127407940.35909437,87796363.35895918
236340.0,127082756.62938343,87806337.05615908
236400.0,126755770.80409391,87816222.69924231
236460.0,126427202.32708053,87826019.95365182
236520.0,126097316.66765387,87835728.55251381
236580.0,125766355.64306481,87845348.29055351
236640.0,125434545.91929686,87854879.0201754
236700.0,125102133.93802246,87864320.65640298
236760.0,124769387.7202638,87873673.18226813
236820.0,124436559.0591139,87882936.64461342
236880.0,124103876.05798982,87892111.14801092
236940.0,123771609.86457598,87901196.86558919
237000.0,123440028.67309427,87910194.0381987
237060.0,123109391.75124432,87919102.97206683
237120.0,122779926.02488978,87927924.03053162
237180.0,122451924.60435495,87936657.65071219
237240.0,122125653.00938337,87945304.3364377
237300.0,121801369.61934371,87953864.65635753
237360.0,121479313.24420543,87962339.2389126
237420.0,121159779.57037683,87970728.78663346
237480.0,120843033.48720053,87979034.06826574
237540.0,120529326.44297454,87987255.91529143
237600.0,120218913.24573922,87995395.2226981
237660.0,119912080.72708547,88003452.95698349
237720.0,119609091.8756112,88011430.15004724
237780.0,119310187.24362773,88019327.89344709
237840.0,119015633.55384064,88027147.3449255
237900.0,118725704.58783358,88034889.73010655
237960.0,118440657.12317207,88042556.33812295
238020.0,118160716.39455357,88050148.51358461
238080.0,117886156.52115639,88057667.66882846
238140.0,117617233.61545298,88065115.27929623
238200.0,117354192.64066543,88072492.8806467
238260.0,117097241.392385,88079802.05932003
238320.0,116846653.84343389,88087044.46913476
238380.0,116602664.38820931,88094221.82124124
238440.0,116365494.1073404,88101335.88069925
238500.0,116135349.51487982,88108388.46274559
238560.0,115912478.15091214,88115381.44304946
238620.0,115697094.6464744,88122316.74936162
238680.0,115489391.06979555,88129196.35577701
238740.0,115289567.53276898,88136022.28469808
238800.0,115097840.0236506,88142796.61076315
238860.0,114914398.3199068,88149521.45419674
238920.0,114739400.42457922,88156198.97277294
238980.0,114573035.06005952,88162831.36948077
239040.0,114415481.73496594,88169420.89015484
239100.0,114266900.53540719,88175969.81854764
239160.0,114127410.66236018,88182480.46602476
239220.0,113997184.83640222,88188955.18495387
239280.0,113876361.59965609,88195396.36008294
239340.0,113765062.65284973,88201806.40427767
239400.0,113663377.3114273,88208187.7503697
239460.0,113571445.22739884,88214542.86374404
239520.0,113489364.54626417,88220874.23190099
239580.0,113417211.40103462,88227184.35891555
239640.0,113355052.69026975,88233475.76310468
239700.0,113302981.0654831,88239750.98345572
239760.0,113261055.02072743,88246012.57105263
239820.0,113229302.52820346,88252263.0814247
239880.0,113207765.74727894,88258505.07808949
239940.0,113196488.29032817,88264741.13290624
240000.0,113195487.2565607,88270973.81943716
240060.0,113204741.02128504,88277205.70326667
240120.0,113224265.86206912,88283439.35148226
240180.0,113254055.52972916,88289677.32704514
240240.0,113294085.22093333,88295922.18416151
240300.0,113344283.53404474,88302176.45665836
240360.0,113404640.97960663,88308442.6734639
240420.0,113475101.89780544,88314723.34709112
240480.0,113555592.52841921,88321020.96914236
240540.0,113646016.23237675,88327338.00462833
240600.0,113746315.66450134,88333676.90180036
240660.0,113856395.26378848,88340040.08264355
240720.0,113976134.16494788,88346429.93660225
240780.0,114105413.15395358,88352848.8210322
240840.0,114244129.16274478,88359299.06526282
240900.0,114392149.67350206,88365782.96329725
240960.0,114549309.788873,88372302.76579367
241020.0,114715470.99883737,88378860.68668813
241080.0,114890488.04980887,88385458.90156196
241140.0,115074195.2092896,88392099.542594
241200.0,115266387.5033219,88398784.68885289
241260.0,115466911.22408839,88405516.37911282
241320.0,115675583.23666112,88412296.60458711
241380.0,115892205.72430733,88419127.30533771
241440.0,116116548.17722362,88426010.36221443
241500.0,116348436.4187508,88432947.61092412
241560.0,116587657.566991,88439940.83247307
241620.0,116833982.0097299,88446991.74908029
241680.0,117087172.502542,88454102.02235572
241740.0,117347025.57749674,88461273.26175882
241800.0,117613308.29430221,88468507.01735002
241860.0,117885764.35556325,88475804.77406998
241920.0,118164154.86390325,88483167.95613593
241980.0,118448252.1855396,88490597.92990965
242040.0,118737808.420757,88498095.99894555
242100.0,119032545.67437996,88505663.39663462
242160.0,119332228.40700392,88513301.29678586
242220.0,119636609.82542357,88521010.81091236
242280.0,119945432.00571999,88528792.98555198
242340.0,120258400.33488275,88536648.79326414
242400.0,120575287.40096353,88544579.14935514
242460.0,120895831.97677,88552584.90358119
242520.0,121219763.99652024,88560666.83804257
242580.0,121546796.88333385,88568825.66318363
242640.0,121876695.53716192,88577062.03061044
242700.0,122209195.36653061,88585376.52587272
242760.0,122544017.22015545,88593769.66494694
242820.0,122880890.1074457,88602241.8963387
242880.0,123219571.7481648,88610793.60825863
242940.0,123559799.20243119,88619425.1235943
243000.0,123901287.97434604,88628136.69466856
243060.0,124243786.2523254,88636928.51139472
243120.0,124587048.07510805,88645800.70279743
243180.0,124930815.5183372,88654753.33413607
243240.0,125274801.98586679,88663786.39991105
243300.0,125618777.94956852,88672899.8380244
243360.0,125962496.77125144,88682093.5256312
243420.0,126305706.14173965,88691367.27781658
243480.0,126648126.94588566,88700720.84106648
243540.0,126989547.7453634,88710153.91002542
243600.0,127329726.02891375,88719666.11990692
243660.0,127668411.90365054,88729257.044749
243720.0,128005352.86147232,88738926.19684568
243780.0,128340340.91716476,88748673.03778104
243840.0,128673145.38645892,88758496.9729062
243900.0,129003520.77944274,88768397.34776635
243960.0,129331243.0769557,88778373.45345479
244020.0,129656109.54352899,88788424.53191315
244080.0,129977903.02118059,88798549.7724464
244140.0,130296384.03167884,88808748.30630219
244200.0,130611358.56835346,88819019.21791449
244260.0,130922630.589128,88829361.54446109
244320.0,131229997.82417293,88839774.27439225
244380.0,131533228.08956504,88850256.34014605
244440.0,131832158.60679713,88860806.63525322
244500.0,132126601.16959624,88871424.00814508
244560.0,132416363.76485176,88882107.2612748
244620.0,132701239.63137516,88892855.1475564
244680.0,132981081.05464557,88903666.38490488
244740.0,133255714.26193611,88914539.64989065
244800.0,133524956.15342242,88925473.57550427
244860.0,133788632.71357708,88936466.75343569
244920.0,134046605.4918669,88947517.74283755
244980.0,134298718.0146976,88958625.06595092
245040.0,134544796.7351459,88969787.20396982
245100.0,134784700.98991168,88981002.60514142
245160.0,135018302.1503598,88992269.6877516
245220.0,135245461.56453282,89003586.83770922
245280.0,135466015.72214577,89014952.40250482
245340.0,135679857.77175596,89026364.70511408
245400.0,135886869.32485178,89037822.04120693
245460.0,136086928.68788785,89049322.67837307
245520.0,136279886.5125563,89060864.84939805
245580.0,136465666.33787578,89072446.77011353
245640.0,136644161.5793139,89084066.63206008
245700.0,136815261.15406686,89095722.60141832
245760.0,136978850.0524293,89107412.81808116
245820.0,137134862.5442993,89119135.4077141
245880.0,137283210.71114895,89130888.47635818
245940.0,137423794.28953615,89142670.10744214
246000.0,137556532.80670318,89154478.36663708
246060.0,137681371.43769014,89166311.3081321
246120.0,137798241.0930708,89178166.97117086
246180.0,137907052.4785156,89190043.37514535
246240.0,138007759.79732984,89201938.53021897
246300.0,138100319.252135,89213850.4378248
246360.0,138184680.69631228,89225777.08912984
246420.0,138260765.91018593,89237716.45821215
246480.0,138328563.86548525,89249666.51843788
246540.0,138388041.87584797,89261625.2371912
246600.0,138439164.1240121,89273590.57511987
246660.0,138481877.60451275,89285560.48196232
246720.0,138516192.04460004,89297532.91181706
246780.0,138542090.6116253,89309505.81667964
246840.0,138559548.6648094,89321477.14454743
246900.0,138568548.05408704,89333444.84100176
246960.0,138569109.68950766,89345406.85870063
247020.0,138561235.81995034,89357361.15283743
247080.0,138544913.00658226,89369305.67732838
247140.0,138520157.96219516,89381238.39213413
247200.0,138487002.78941938,89393157.26698783
247260.0,138445468.82103974,89405060.27876993
247320.0,138395553.8240791,89416945.40578237
247380.0,138337309.35337535,89428810.64079271
247440.0,138270778.6921284,89440653.98901078
247500.0,138196002.00203857,89452473.46731697
247560.0,138112988.9357849,89464267.09685369
247620.0,138021825.14048553,89476032.92143416
247680.0,137922565.27632013,89487769.0000085
247740.0,137815260.64163178,89499473.40583111
247800.0,137699955.65523067,89511144.2247777
247860.0,137576747.04391178,89522779.5679922
247920.0,137445708.42017838,89534377.56626233
247980.0,137306902.14441758,89545936.36727326
248040.0,137160407.29031742,89557454.13963006
248100.0,137006331.56597397,89568929.07975735
248160.0,136844767.4196184,89580359.40817606
248220.0,136675788.156088,89591743.36484706
248280.0,136499507.34181312,89603079.21887727
248340.0,136316043.51900533,89614365.26968667
248400.0,136125507.80073872,89625599.84517726
248460.0,135927984.26155725,89636781.29516914
248520.0,135723620.73382565,89647908.0067671
248580.0,135512546.3818113,89658978.39980958
248640.0,135294887.09046575,89669990.92603804
248700.0,135070748.40687436,89680944.06415163
248760.0,134840301.16683343,89691836.33552228
248820.0,134603688.51020208,89702666.29746458
248880.0,134361046.5648692,89713432.54150204
248940.0,134112514.58561562,89724133.69407955
249000.0,133858273.41310123,89734768.42654197
249060.0,133598483.948983,89745335.45027658
249120.0,133333292.12309523,89755833.51305906
249180.0,133062870.38653874,89766261.40539555
249240.0,132787409.07316743,89776617.96477634
249300.0,132507086.28420962,89786902.07267511
249360.0,132222057.15947032,89797112.64897126
249420.0,131932526.67658068,89807248.6638925
249480.0,131638693.98288846,89817309.13655218
249540.0,131340753.63933127,89827293.13378777
249600.0,131038869.21486619,89837199.7626534
249660.0,130733277.34815939,89847028.18793231
249720.0,130424185.11171356,89856777.62496349
249780.0,130111795.52181247,89866447.33860675
249840.0,129796300.70041691,89876036.64056683
249900.0,129477946.70672368,89885544.90228738
249960.0,129156954.44129063,89894971.5488402
250020.0,128833533.37805015,89904316.05611862
250080.0,128507905.22070351,89913577.95371088
250140.0,128180321.73844524,89922756.83204737
250200.0,127851016.98705317,89931852.33807974
250260.0,127520205.36571199,89940864.17050065
250320.0,127188136.51761658,89949792.0881294
250380.0,126855066.21671599,89958635.91130903
250440.0,126521239.86556214,89967395.5193479
250500.0,126186874.88766846,89976070.84374751
250560.0,125852246.84986086,89984661.88206315
250620.0,125517613.43265238,89993168.69354282
250680.0,125183226.55299507,90001591.39767386
250740.0,124849312.20334679,90009930.16790733
250800.0,124516161.57477137,90018185.24719125
250860.0,124184034.33794698,90026356.94034858
250920.0,123853181.07327189,90034445.61182941
250980.0,123523849.14293355,90042451.68487056
251040.0,123196326.88849394,90050375.65121941
251100.0,122870878.15102737,90058218.06519787
251160.0,122547749.0372772,90065979.5393909
251220.0,122227205.01481737,90073660.74920115
251280.0,121909528.19745672,90081262.43674849
251340.0,121594983.0905721,90088785.40658706
251400.0,121283807.69582805,90096230.51930526
251460.0,120976281.83622438,90103598.70143767
251520.0,120672677.52824463,90110890.94352421
251580.0,120373255.95151715,90118108.29744932
251640.0,120078242.89183596,90125251.86792964
251700.0,119787928.31403738,90132322.82774992
251760.0,119502569.80788442,90139322.40996635
251820.0,119222414.76946461,90146251.90540583
251880.0,118947690.3020067,90153112.65776329
251940.0,118678673.82124548,90159906.07552072
252000.0,118415609.79624572,90166633.62402566
252060.0,118158725.24687642,90173296.82126984
252120.0,117908249.11017706,90179897.2382829
252180.0,117664435.94122088,90186436.5051644
252240.0,117427513.89443131,90192916.30473368
252300.0,117197684.57755402,90199338.36615409
252360.0,116975173.70703737,90205704.47060983
252420.0,116760207.88735816,90212016.45145527
252480.0,116552993.86265577,90218276.18943322
252540.0,116353702.73116821,90224485.60414971
252600.0,116162551.92336163,90230646.66503315
252660.0,115979735.04289147,90236761.38561682
252720.0,115805430.81193806,90242831.81995355
252780.0,115639779.7095564,90248860.05349013
252840.0,115482981.18992963,90254848.21702512
252900.0,115335192.68774663,90260798.47668602
252960.0,115196554.01845315,90266713.02970825
253020.0,115067189.14393935,90272594.10063884
253080.0,114947256.49033098,90278443.94947469
253140.0,114836879.28130658,90284264.86327697
253200.0,114736154.33815074,90290059.14988239
253260.0,114645185.21285248,90295829.13947324
253320.0,114564085.59663531,90301577.18695243
253380.0,114492941.01454318,90307305.66524453
253440.0,114431802.03420287,90313016.95699854
253500.0,114380748.78202303,90318713.46157251
253560.0,114339847.44423696,90324397.59171511
253620.0,114309143.34542124,90330071.76861452
253680.0,114288638.57634771,90335738.4116627
253740.0,114278387.89317496,90341399.9509111
253800.0,114278408.32585512,90347058.81813923
253860.0,114288698.63000701,90352717.44253342
253920.0,114309226.43662253,90358378.24333544
253980.0,114340005.33359475,90364043.64071088
254040.0,114381007.79303491,90369716.04603736
254100.0,114432183.0912273,90375397.85643764
254160.0,114493473.03066847,90381091.45303212
254220.0,114564842.12749329,90386799.20631851
254280.0,114646221.94061917,90392523.46840778
254340.0,114737513.41926667,90398266.56582482
254400.0,114838633.97444479,90404030.8034212
254460.0,114949500.79829687,90409818.46434902
254520.0,115070006.57128862,90415631.80430822
254580.0,115200006.24184582,90421473.04268615
254640.0,115339395.39958592,90427344.37217647
254700.0,115488046.76583381,90433247.9534235
254760.0,115645816.64122415,90439185.91119264
254820.0,115812519.10924895,90445160.32447214
254880.0,115988029.67931217,90451173.24098693
254940.0,116172180.9708215,90457226.66714129
255000.0,116364789.65347615,90463322.56431454
255060.0,116565654.71940888,90469462.84475563
255120.0,116774614.2484493,90475649.38083364
255180.0,116991472.42454727,90481883.99711478
255240.0,117216010.87827413,90488168.46511693
255300.0,117448018.18400434,90494504.50500385
255360.0,117687299.79911655,90500893.78961243
255420.0,117933636.3542018,90507337.93867624
255480.0,118186779.40469646,90513838.51205951
255540.0,118446512.08928359,90520397.01724318
255600.0,118712612.30096465,90527014.90815485
255660.0,118984842.18910222,90533693.5815369
255720.0,119262928.32946979,90540434.36866689
255780.0,119546653.48379338,90547238.54861413
255840.0,119835773.0619031,90554107.34188649
255900.0,120130031.7923506,90561041.90799445
255960.0,120429148.23578845,90568043.3393887
256020.0,120732897.76511817,90575112.6748529
256080.0,121041022.20276044,90582250.89170572
256140.0,121353249.89836176,90589458.90271689
256200.0,121669307.54260491,90596737.55579413
256260.0,121988956.40031509,90604087.64215437
256320.0,122311933.09709466,90611509.89062227
256380.0,122637954.10378037,90619004.9629867
256440.0,122966758.611176,90626573.45939478
256500.0,123298098.07235871,90634215.92129254
256560.0,123631708.09048447,90641932.82778674
256620.0,123967297.324098,90649724.58941787
256680.0,124304621.3924114,90657591.55921754
256740.0,124643425.77211563,90665534.03040542
256800.0,124983448.74886103,90673552.2347789
256860.0,125324394.75515766,90681646.33487709
256920.0,125666039.2888656,90689816.44065802
256980.0,126008125.19609033,90698062.60193643
257040.0,126350389.30667013,90706384.80704957
257100.0,126692556.98390883,90714782.98025304
257160.0,127034404.5099655,90723256.99367575
257220.0,127375682.3131062,90731806.66134998
257280.0,127716128.09352551,90740431.73631084
257340.0,128055491.99148504,90749131.91356783
257400.0,128393552.35074674,90757906.83674665
257460.0,128730069.98761778,90766756.09406449
257520.0,129064785.75723551,90775679.2137437
257580.0,129397476.752091,90784675.67252272
257640.0,129727925.4564012,90793744.89697169
257700.0,130055905.0487165,90802886.26138419
257760.0,130381161.41294862,90812099.08148466
257820.0,130703500.3772791,90821382.62844667
257880.0,131022710.25795817,90830736.12487048
257940.0,131338575.2292314,90840158.7438759
258000.0,131650856.62173726,90849649.6038475
258060.0,131959381.5343592,90859207.7837895
258120.0,132263948.43882845,90868832.3167172
258180.0,132564348.98612015,90878522.1881254
258240.0,132860375.55391157,90888276.33621225
258300.0,133151863.2609816,90898093.6618626
258360.0,133438626.60295491,90907973.02390186
258420.0,133720465.71193053,90917913.23580992
258480.0,133997204.96737114,90927913.0714022
258540.0,134268688.39633968,90937971.26943539
258600.0,134534747.35394418,90948086.5307079
258660.0,134795191.23197198,90958257.51300928
258720.0,135049877.1543606,90968482.84223965
258780.0,135298658.73976457,90978761.11163393
258840.0,135541384.84509167,90989090.88069594
258900.0,135777874.71707362,90999470.66837528
258960.0,136008018.79404643,91009898.96960922
259020.0,136231680.80433846,91020374.24916326
259080.0,136448721.2371236,91030894.9409159
259140.0,136658988.7124755,91041459.44514641
259200.0,136862388.34477893,91052066.14165096
259260.0,137058800.71569404,91062713.38408883
259320.0,137248096.88795784,91073399.49781023
259380.0,137430159.4570089,91084122.78255676
259440.0,137604904.2660936,91094881.52018014
259500.0,137772230.457959,91105673.97080159
259560.0,137932019.93327898,91116498.36885117
259620.0,138084189.5186519,91127352.93116911
259680.0,138228666.00940254,91138235.8593295
259740.0,138365367.31955454,91149145.3376063
259800.0,138494186.37926242,91160079.5272233
259860.0,138615074.43025416,91171036.57984464
259920.0,138727969.37883767,91182014.63450739
259980.0,138832806.09259135,91193011.81693482
260040.0,138929494.56851083,91204026.23381335
260100.0,139018014.6899158,91215055.98893587
260160.0,139098317.55134025,91226099.17656557
260220.0,139170349.26231092,91237153.88029759
260280.0,139234054.42360955,91248218.17272344
260340.0,139289424.2002681,91259290.12617528
260400.0,139336428.76239997,91270367.80788869
260460.0,139375025.5283903,91281449.27707101
260520.0,139405193.76279256,91292532.58994198
260580.0,139426935.9604382,91303615.805086
260640.0,139440241.41047513,91314696.98040952
260700.0,139445078.87970087,91325774.16841856
260760.0,139441462.32401717,91336845.4266228
260820.0,139429405.59084252,91347908.81750482
260880.0,139408917.10543534,91358962.40726745
260940.0,139379976.999025,91370004.25932351
261000.0,139342633.9168393,91381032.45004937
261060.0,139296913.05883417,91392045.06338167
261120.0,139242836.62832654,91403040.19011994
261180.0,139180412.16502854,91414015.92455019
261240.0,139109706.92112204,91424970.37815528
261300.0,139030762.77588046,91435901.673769
261360.0,138943613.25624454,91446807.9436456
261420.0,138848300.53966072,91457687.33143444
261480.0,138744903.16041306,91468538.00050949
261540.0,138633482.04682234,91479358.12990758
261600.0,138514081.9923899,91490145.91060998
261660.0,138386779.7267196,91500899.55285169
261720.0,138251664.9879513,91511617.28908165
261780.0,138108817.66098467,91522297.37167893
261840.0,137958293.71210918,91532938.06744896
261900.0,137800204.2932584,91543537.67024982
261960.0,137634650.22683084,91554094.49859536
262020.0,137461729.25830215,91564606.89492229
262080.0,137281511.25675917,91575073.21918096
262140.0,137094138.7391659,91585491.86544326
262200.0,136899724.39530596,91595861.2550382
262260.0,136698376.83375612,91606179.83558697
262320.0,136490200.01680163,91616446.07991022
262380.0,136275347.17461193,91626658.4972655
262440.0,136053949.41678545,91636815.62824848
262500.0,135826125.94796273,91646916.04203585
262560.0,135592014.5045293,91656958.34058762
262620.0,135351778.71431452,91666941.16452496
262680.0,135105567.75636595,91676863.18978576
262740.0,134853511.0634803,91686723.12307504
262800.0,134595779.7184985,91696519.71133883
262860.0,134332547.3180052,91706251.7422922
262920.0,134063980.63872491,91715918.04281625
262980.0,133790218.8443301,91725517.47261354
263040.0,133511465.7999416,91735048.93892908
263100.0,133227904.49749798,91744511.39173606
263160.0,132939714.36377977,91753903.82287425
263220.0,132647056.60032232,91763225.2618479
263280.0,132350154.15285505,91772474.78985406
263340.0,132049202.97662707,91781651.53357399
263400.0,131744390.92400973,91790754.66327569
263460.0,131435910.59700346,91799783.39384589
263520.0,131123992.85319744,91808736.99344955
263580.0,130808849.04199725,91817614.77902856
263640.0,130490674.39943548,91826416.11257894
263700.0,130169691.79556789,91835140.40738736
263760.0,129846138.8263122,91843787.1313225
263820.0,129520240.98016149,91852355.80401954
263880.0,129192199.55225487,91860845.99132018
263940.0,128862266.25887257,91869257.3166822
264000.0,128530683.95405377,91877589.45909978
264060.0,128197690.69240567,91885842.15194988
264120.0,127863492.17058569,91894015.17557974
264180.0,127528367.19052075,91902108.37385704
264240.0,127192562.02646331,91910121.64671184
264300.0,126856317.68224575,91918054.94887654
264360.0,126519865.24174455,91925908.28757215
264420.0,126183485.41755384,91933681.73371011
264480.0,125847433.33483094,91941375.41601527
264540.0,125511950.54370235,91948989.51788138
264600.0,125177291.1808625,91956524.28016323
264660.0,124843735.15285581,91963980.00695369
264720.0,124511543.7865399,91971357.06130083
264780.0,124180956.36371838,91978655.8601457
264840.0,123852247.13892311,91985876.8821844
264900.0,123525692.1636019,91993020.6682051
264960.0,123201555.79244424,92000087.8183691
265020.0,122880071.7395003,92007078.98520659
265080.0,122561530.96193926,92013994.88651413
265140.0,122246202.1167402,92020836.30023447
265200.0,121934345.60982123,92027604.06252171
265260.0,121626195.7436264,92034299.061771
265320.0,121322046.3400981,92040922.25201938
265380.0,121022157.95651682,92047474.64535071
265440.0,120726778.50518832,92053957.30897184
265500.0,120436151.86328222,92060371.36423835
265560.0,120150557.14189857,92066717.99455413
265620.0,119870246.75418083,92072998.43927056
265680.0,119595451.56307745,92079213.98875652
265740.0,119326420.38852468,92085365.98839521
265800.0,119063412.90226778,92091455.84097171
265860.0,118806668.57055144,92097485.00204813
265920.0,118556396.32835467,92103454.97301526
265980.0,118312845.01863573,92109367.31004336
266040.0,118076249.88635254,92115223.62095368
266100.0,117846832.4279958,92121025.5620601
266160.0,117624774.59149522,92126774.8291993
266220.0,117410320.18659532,92132473.17162827
266280.0,117203674.95014396,92138122.38338548
266340.0,117005030.65262239,92143724.30009402
266400.0,116814557.26831046,92149280.79400578
266460.0,116632468.50938159,92154793.78380884
266520.0,116458942.32474153,92160265.22652404
266580.0,116294134.80677867,92165697.11254255
266640.0,116138202.2974903,92171091.46564446
266700.0,115991320.53552185,92176450.34732498
266760.0,115853636.11797762,92181775.85019737
266820.0,115725264.96862464,92187070.09106052
266880.0,115606345.4646555,92192335.2159197
266940.0,115497011.17755155,92197573.39887354
267000.0,115397373.338657,92202786.83706225
267060.0,115307503.87506475,92207977.74181129
267120.0,115227519.5835434,92213148.34869398
267180.0,115157508.45578969,92218300.91103557
267240.0,115097540.85926631,92223437.69593638
267300.0,115047648.75492199,92228560.97563538
267360.0,115007917.71909136,92233673.0395365
267420.0,114978390.06808333,92238776.18448345
267480.0,114959087.74423587,92243872.71018101
267540.0,114950017.16631764,92248964.91571054
267600.0,114951214.8555604,92254055.10628001
267660.0,114962681.61635351,92259145.58521076
267720.0,114984390.01358162,92264238.64761066
267780.0,115016320.27882466,92269336.5821012
267840.0,115058459.54170911,92274441.67236993
267900.0,115110767.07448533,92279556.19093703
267960.0,115173166.36335929,92284682.39115477
268020.0,115245612.05231552,92289822.51420406
268080.0,115328042.79453255,92294978.7855291
268140.0,115420377.55057974,92300153.41044857
268200.0,115522492.25699186,92305348.56455293
268260.0,115634317.77256949,92310566.40602197
268320.0,115755746.37769671,92315809.06701742
268380.0,115886653.41293496,92321078.64992507
268440.0,116026886.97675125,92326377.22129898
268500.0,116176339.96918121,92331706.82191303
268560.0,116334867.1342264,92337069.4582652
268620.0,116502301.52579904,92342467.09777102
268680.0,116678473.138194,92347901.66812395
268740.0,116863234.56193627,92353375.06238468
268800.0,117056409.0434519,92358889.13246973
268860.0,117257791.52211075,92364445.68288028
268920.0,117467198.19115058,92370046.47549702
268980.0,117684445.80391221,92375693.22975275
269040.0,117909330.7020937,92381387.6181275
269100.0,118141614.42632023,92387131.25844146
269160.0,118381104.1502329,92392925.72408833
269220.0,118627585.6824985,92398772.53932309
269280.0,118880832.0956379,92404673.17647913
269340.0,119140580.48363288,92410629.04801114
269400.0,119406630.07557942,92416641.52040036
269460.0,119678742.11939612,92422711.9057486
269520.0,119956665.08972587,92428841.45899525
269580.0,120240135.90168983,92435031.37540805
269640.0,120528931.67606978,92441282.799596
269700.0,120822800.52926648,92447596.81911318
269760.0,121121471.32945517,92453974.46024092
269820.0,121424685.72568785,92460416.69089812
269880.0,121732203.61551489,92466924.42476308
269940.0,122043764.79021513,92473498.51686478
270000.0,122359083.24907967,92480139.75791638
270060.0,122677910.00431031,92486848.88261008
270120.0,122999992.29700531,92493626.56884162
270180.0,123325066.05378476,92500473.43526067
270240.0,123652834.76879065,92507390.03413579
270300.0,123983063.05643,92514376.86499535
270360.0,124315489.6523612,92521434.36894283
270420.0,124649845.98591453,92528562.92710058
270480.0,124985842.9456172,92535762.85611978
270540.0,125323248.54889251,92543034.4209219
270600.0,125661801.36801502,92550377.82822725
270660.0,126001228.853675,92557793.22415397
270720.0,126341261.82218014,92565280.6950312
270780.0,126681665.89713188,92572840.2751779
270840.0,127022185.71308932,92580471.9423108
270900.0,127362547.8097408,92588175.61359927
270960.0,127702505.87098071,92595951.15174307
271020.0,128041825.96009412,92603798.36777325
271080.0,128380261.48472859,92611717.0183082
271140.0,128717540.66769119,92619706.80004075
271200.0,129053442.54175149,92627767.36104555
271260.0,129387735.98471156,92635898.29858673
271320.0,129720185.12716949,92644099.15812422
271380.0,130050522.97088087,92652369.42648876
271440.0,130378555.01517533,92660708.54797167
271500.0,130704055.22210261,92669115.9174024
271560.0,131026792.91985197,92677590.87917936
271620.0,131346529.80076794,92686132.72563873
271680.0,131663077.36080867,92694740.70811117
271740.0,131976223.61508659,92703414.03178239
271800.0,132285744.58769718,92712151.85309716
271860.0,132591432.0880599,92720953.2832969
271920.0,132893104.95111172,92729817.39443277
271980.0,133190566.51327802,92738743.21598999
272040.0,133483600.68539023,92747729.7306502
272100.0,133772030.53054437,92756775.88297653
272160.0,134055683.28153743,92765880.58037479
272220.0,134334378.59518522,92775042.69146468
272280.0,134607909.20174497,92784261.04018885
272340.0,134876130.31155136,92793534.41962735
272400.0,135138878.37828624,92802861.58790018
272460.0,135395986.48606226,92812241.26746374
272520.0,135647267.9120995,92821672.1407893
272580.0,135892599.69982445,92831152.86444305
272640.0,136131831.82335046,92840682.0631576
272700.0,136364807.34552065,92850258.32834624
272760.0,136591372.7678309,92859880.21889606
272820.0,136811415.36829427,92869546.2701715
272880.0,137024803.16031766,92879254.98980433
272940.0,137231389.62826532,92889004.8545303
273000.0,137431054.92803827,92898794.31608492
273060.0,137623696.9537315,92908621.80512856
273120.0,137809202.11805072,92918485.7287474
273180.0,137987434.65546438,92928384.46560809
273240.0,138158308.69748676,92938316.37694578
273300.0,138321733.03409725,92948279.80541058
273360.0,138477612.74180114,92958273.07427283
273420.0,138625823.04538238,92968294.48089364
273480.0,138766312.28718397,92978342.31279498
273540.0,138899000.35458434,92988414.84142885
273600.0,139023804.14296302,92998510.32153884
273660.0,139140631.1466822,93008626.98911723
273720.0,139249442.97986308,93018763.07328883
273780.0,139350177.80470365,93028916.79117867
273840.0,139442763.7815885,93039086.34573399
273900.0,139527142.85878292,93049269.92875984
273960.0,139603287.97334445,93059465.72771837
274020.0,139671156.34656373,93069671.92229223
274080.0,139730687.49240276,93079886.68051685
274140.0,139781857.8993582,93090108.1668856
274200.0,139824651.89459515,93100334.54406892
274260.0,139859045.8217081,93110563.97116968
274320.0,139884990.60429934,93120794.5981673
274380.0,139902497.32067963,93131024.57908192
274440.0,139911561.7258638,93141252.0686199
274500.0,139912176.64262372,93151475.22153226
274560.0,139904312.46335006,93161692.18771273
274620.0,139888006.84432423,93171901.12689923
274680.0,139863269.65786907,93182100.20259407
274740.0,139830105.16849032,93192287.58083515
274800.0,139788518.37728766,93202461.43035403
274860.0,139738558.37246248,93212619.93219687
274920.0,139680254.1779285,93222761.27533212
274980.0,139613621.48518834,93232883.6537327
275040.0,139538699.87536326,93242985.2715821
275100.0,139455549.83680743,93253064.34782314
275160.0,139364219.50616872,93263119.1134486
275220.0,139264735.9613039,93273147.80689703
275280.0,139157173.30160993,93283148.68429343
275340.0,139041603.35583898,93293120.01893531
275400.0,138918093.30293897,93303060.1002608
275460.0,138786681.53493062,93312967.2275609
275520.0,138647476.56894642,93322839.72523975
275580.0,138500561.47929022,93332675.93724805
275640.0,138346016.34776452,93342474.2264101
275700.0,138183908.85673195,93352232.97170506
275760.0,138014363.7039516,93361950.58065464
275820.0,137837481.09834635,93371625.483965
275880.0,137653352.18842,93381256.13353099
275940.0,137462078.80793694,93390841.00473657
276000.0,137263796.60007867,93400378.60377903
276060.0,137058624.3832384,93409867.46397887
276120.0,136846664.1545657,93419306.14209503
276180.0,136628051.63844776,93428693.22562672
276240.0,136402933.16389662,93438027.33508334
276300.0,136171445.8705772,93447307.12195316
276360.0,135933702.3012385,93456531.26332946
276420.0,135689871.71771407,93465698.47419432
276480.0,135440110.7794717,93474807.50464252
276540.0,135184572.88494322,93483857.13913597
276600.0,134923385.7231711,93492846.19088955
276660.0,134656746.60980436,93501773.51694007
276720.0,134384823.72741336,93510638.01178189
276780.0,134107780.189831,93519438.6062276
276840.0,133825776.34180486,93528174.26676847
276900.0,133539018.87397946,93536844.00557826
276960.0,133247692.87825027,93545446.87578465
277020.0,132951970.5039087,93553981.96862158
277080.0,132652044.00033396,93562448.41774061
277140.0,132348128.65771186,93570845.40415324
277200.0,132040425.64087866,93579172.15312223
277260.0,131729115.24944389,93587427.92959839
277320.0,131414420.67370053,93595612.04745735
277380.0,131096564.8020935,93603723.86938134
277440.0,130775763.79950443,93611762.80535237
277500.0,130452204.98088513,93619728.3063633
277560.0,130126141.25708602,93627619.87855326
277620.0,129797801.84083055,93635437.07802641
277680.0,129467411.52911378,93643179.50984384
277740.0,129135178.25281484,93650846.82432708
277800.0,128801368.08466472,93658438.7295669
277860.0,128466219.97631949,93665954.98550443
277920.0,128129962.99908142,93673395.40174225
277980.0,127792831.92035106,93680759.83872016
278040.0,127455096.09342691,93688048.21512385
278100.0,127117004.90657476,93695260.50351468
278160.0,126778789.63259564,93702396.72636391
278220.0,126440709.69279324,93709456.96206942
278280.0,126103035.44323824,93716441.34725294
278340.0,125766024.31741714,93723350.07391174
278400.0,125429907.28516747,93730183.38365555
278460.0,125094965.80520296,93736941.57853198
278520.0,124761468.5075608,93743625.01819786
278580.0,124429677.34901562,93750234.11841989
278640.0,124099822.04425207,93756769.34407145
278700.0,123772200.98665963,93763231.22386533
278760.0,123447078.54477231,93769620.34296152
278820.0,123124710.85945585,93775937.34113593
278880.0,122805343.95777895,93782182.91054569
278940.0,122489268.57740118,93788357.80529013
279000.0,122176748.13695645,93794462.835469
279060.0,121868029.14200935,93800498.86348587
279120.0,121563370.00644086,93806466.80655186
279180.0,121263049.76323391,93812367.64105791
279240.0,120967326.72050327,93818202.39805822
279300.0,120676433.47138862,93823972.15768729
279360.0,120390636.45259602,93829678.05637607
279420.0,120110198.51303527,93835321.28602104
279480.0,119835368.27960756,93840903.09087154
279540.0,119566359.76501684,93846424.76004393
279600.0,119303442.70195502,93851887.6394306
279660.0,119046858.9333678,93857293.12565544
279720.0,118796838.4990368,93862642.66348757
279780.0,118553583.95440048,93867937.73989566
279840.0,118317351.28702168,93873179.89545894
279900.0,118088360.32679841,93878370.71655892
279960.0,117866813.80024222,93883511.83166473
280020.0,117652908.76488611,93888604.91007338
280080.0,117446871.38465883,93893651.66810136
280140.0,117248898.09224665,93898653.8626664
280200.0,117059159.26520012,93903613.28566478
280260.0,116877841.49106331,93908531.76740433
280320.0,116705136.16701396,93913411.1775926
280380.0,116541211.46230076,93918253.42032419
280440.0,116386200.61660889,93923060.42657071
280500.0,116240275.07984276,93927834.16232543
280560.0,116103586.90598239,93932576.62441774
280620.0,115976271.56316665,93937289.83693404
280680.0,115858420.85719548,93941975.841855
280740.0,115750186.98256952,93946636.71194278
280800.0,115651678.68937741,93951274.54142514
280860.0,115562987.59444954,93955891.44231236
280920.0,115484182.6778949,93960489.53954336
280980.0,115415371.3851885,93965070.9791858
281040.0,115356623.44293128,93969637.92036082
281100.0,115307983.43469688,93974192.52986227
281160.0,115269495.8927166,93978736.98213774
281220.0,115241220.20835276,93983273.46245056
281280.0,115223185.35361119,93987804.16037956
281340.0,115215387.11221643,93992331.26273653
281400.0,115217844.10127418,93996856.95843773
281460.0,115230566.48106626,94001383.43669878
281520.0,115253541.60262224,94005912.88217318
281580.0,115286715.89594987,94010447.46623749
281640.0,115330081.81664436,94014989.35681066
281700.0,115383600.35929202,94019540.71165676
281760.0,115447214.59984343,94024103.67458016
281820.0,115520831.41393192,94028680.36773309
281880.0,115604408.98470087,94033272.90256003
281940.0,115697863.47837877,94037883.3708673
282000.0,115801090.62227353,94042513.84049524
282060.0,115913973.65853257,94047166.35268798
282120.0,116036424.6380098,94051842.92824845
282180.0,116168322.02426176,94056545.56041856
282240.0,116309516.9141082,94061276.2090907
282300.0,116459871.87107646,94066036.80328028
282360.0,116619256.02046026,94070829.24255295
282420.0,116787513.55511726,94075655.39175893
282480.0,116964454.59566414,94080517.07383282
282540.0,117149924.85894252,94085416.0773973
282600.0,117343754.58072774,94090354.15351266
282660.0,117545757.88434236,94095333.01229651
282720.0,117755708.27943146,94100354.31434812
282780.0,117973439.11461024,94105419.68349732
282840.0,118198746.36230475,94110530.69891497
282900.0,118431412.42671141,94115688.89228249
282960.0,118671198.16568652,94120895.74327345
283020.0,118917910.3083526,94126152.68933347
283080.0,119171321.9080341,94131461.1185871
283140.0,119431187.3465146,94136822.36593355
283200.0,119697263.80735345,94142237.71369657
283260.0,119969332.51222071,94147708.39677188
283320.0,120247149.97852184,94153235.59744568
283380.0,120530447.6312486,94158820.44013758
283440.0,120818984.00113867,94164463.9971996
283500.0,121112519.81941807,94170167.2894371
283560.0,121410800.03418024,94175931.28282364
283620.0,121713538.03483817,94181756.88188265
283680.0,122020498.53802171,94187644.94060858
283740.0,122331426.57711999,94193596.2583579
283800.0,122646058.20950764,94199611.57800929
283860.0,122964099.4975799,94205691.57968327
283920.0,123285319.77873047,94211836.8941801
283980.0,123609454.8557446,94218048.09594676
284040.0,123936230.57536235,94224325.70103325
284100.0,124265366.84579632,94230670.16590014
284160.0,124596624.78126183,94237081.8961821
284220.0,124929740.60647222,94243561.2414872
284280.0,125264433.84132774,94250108.4919304
284340.0,125600441.99219804,94256723.88199164
284400.0,125937521.59917285,94263407.5945902
284460.0,126275412.82979694,94270159.75768559
284520.0,126613832.27647799,94276980.43936396
284580.0,126952538.31641768,94283869.656711
284640.0,127291286.07627435,94290827.37518056
284700.0,127629822.70186204,94297853.50696701
284760.0,127967864.77141643,94304947.9046207
284820.0,128305194.33127789,94312110.37490228
284880.0,128641567.77786057,94319340.6734286
284940.0,128976736.4336144,94326638.50365816
285000.0,129310435.41676189,94334003.51353459
285060.0,129642456.68801214,94341435.30750944
285120.0,129972565.51795626,94348933.44097124
285180.0,130300517.22629665,94356497.41820358
285240.0,130626074.42843194,94364126.69397351
285300.0,130949034.00674708,94371820.68079008
285360.0,131269174.24922875,94379578.74503912
285420.0,131586256.20950271,94387400.20340878
285480.0,131900071.65957162,94395284.32939789
285540.0,132210423.96723223,94403230.35579793
285600.0,132517105.919704,94411237.47251305
285660.0,132819885.69894034,94419304.8214369
285720.0,133118585.56898765,94427431.50786015
285780.0,133413016.62903371,94435616.59816484
285840.0,133702986.31012793,94443859.11909515
285900.0,133988274.12811951,94452158.0519407
285960.0,134268730.79631695,94460512.34752281
286020.0,134544177.15741286,94468920.91996038
286080.0,134814429.5543152,94477382.64576456
286140.0,135079299.66524774,94485896.36290011
286200.0,135338647.51393005,94494460.88096112
286260.0,135592311.09896263,94503074.97658427
286320.0,135840116.38196945,94511737.39096092
286380.0,136081907.8870252,94520446.83376336
286440.0,136317555.56649518,94529201.98850419
286500.0,136546915.1585573,94538001.50958692
286560.0,136769822.78035215,94546844.0182282
286620.0,136986156.32527217,94555728.11123784
286680.0,137195796.1395305,94564652.36155769
286740.0,137398616.1408096,94573615.31694151
286800.0,137594463.00346297,94582615.49428178
286860.0,137783248.3853899,94591651.39323412
286920.0,137964863.371064,94600721.49193296
286980.0,138139195.99397036,94609824.2463762
287040.0,138306116.95217052,94618958.08682473
287100.0,138465558.79097065,94628121.43075454
287160.0,138617427.97376928,94637312.67742044
287220.0,138761623.56860676,94646530.20633024
287280.0,138898050.46954876,94655772.37848212
287340.0,139026652.3646286,94665037.54448466
287400.0,139147354.59388673,94674324.04073715
287460.0,139260067.42437822,94683630.18629833
287520.0,139364730.11433846,94692954.28895442
287580.0,139461297.62860623,94702294.64850786
287640.0,139549714.31280994,94711649.55457051
287700.0,139629901.74667317,94721017.28182642
287760.0,139701833.66839543,94730396.10092287
287820.0,139765476.4087487,94739784.27693033
287880.0,139820793.36518005,94749180.06873697
287940.0,139867717.6229918,94758581.7227387
288000.0,139906257.35598814,94767987.48849562
288060.0,139936390.35475743,94777395.61240028
288120.0,139958091.4445121,94786804.33706336
288180.0,139971328.2867183,94796211.89982614
288240.0,139976120.50323677,94805616.54358207
288300.0,139972465.0466651,94815016.51205306
288360.0,139960348.19219336,94824410.04756702
288420.0,139939772.1984879,94833795.39438435
288480.0,139910768.1410421,94843170.80468939
288540.0,139873352.1378482,94852534.53547192
288600.0,139827521.91265348,94861884.84469794
288660.0,139773314.31252524,94871219.99944077
288720.0,139710771.84875032,94880538.27704869
288780.0,139639929.7824341,94889837.96362783
288840.0,139560797.2604827,94899117.34860848
288900.0,139473445.6787999,94908374.73766978
288960.0,139377928.94153252,94917608.44909085
289020.0,139274298.00621372,94926816.81312595
289080.0,139162583.5788784,94935998.16778885
289140.0,139042881.3414723,94945150.8723279
289200.0,138915259.91440064,94954273.30158973
289260.0,138779781.5545717,94963363.84468307
289320.0,138636511.37909186,94972420.90555707
289380.0,138485556.30205646,94981442.91165213
289440.0,138327003.86210233,94990428.30985911
289500.0,138160927.4944089,94999375.56357612
289560.0,137987426.57950753,95008283.1580676
289620.0,137806619.11427638,95017149.60429843
289680.0,137618611.38916695,95025973.43648253
289740.0,137423487.84267646,95034753.20753373
289800.0,137221381.90966785,95043487.49919048
289860.0,137012422.4594683,95052174.92104109
289920.0,136796734.30105275,95060814.1096545
289980.0,136574412.63044754,95069403.7224252
290040.0,136345624.64972857,95077942.4524474
290100.0,136110509.8103031,95086429.02273858
290160.0,135869204.37827468,95094862.18554989
290220.0,135621834.1933852,95103240.7201804
290280.0,135368579.61440963,95111563.44421807
290340.0,135109597.02200502,95119829.20854495
290400.0,134845032.75701055,95128036.89522852
290460.0,134575045.69937918,95136185.42007962
290520.0,134299825.99986497,95144273.73907585
290580.0,134019547.39228514,95152300.84493032
290640.0,133734365.72609755,95160265.7633616
290700.0,133444472.29509045,95168167.56037539
290760.0,133150066.39313276,95176005.3438737
290820.0,132851338.40619084,95183778.2617739
290880.0,132548452.9487169,95191485.49665156
290940.0,132241632.91724744,95199126.27772407
291000.0,131931085.90354191,95206699.87764692
291060.0,131617015.64803924,95214205.61167504
291120.0,131299601.7384771,95221642.83264099
291180.0,130979090.46692125,95229010.94466124
291240.0,130655699.02785121,95236309.39708877
291300.0,130329638.06281094,95243537.68311672
291360.0,130001116.79097733,95250695.33944042
291420.0,129670387.70726037,95257781.95512249
291480.0,129337681.53034501,95264797.16705646
291540.0,129003214.34777926,95271740.65690638
291600.0,128667223.46205455,95278612.15542595
291660.0,128329965.9509016,95285411.44647625
291720.0,127991684.34261036,95292138.36397853
291780.0,127652598.36390612,95298792.78717408
291840.0,127312971.49502978,95305374.6495729
291900.0,126973063.40043929,95311883.93811367
291960.0,126633126.31704986,95318320.69158243
292020.0,126293381.40295476,95324684.99417363
292080.0,125954116.00579587,95330976.98904043
292140.0,125615589.95736246,95337196.87258291
292200.0,125278056.93557999,95343344.89312974
292260.0,124941754.08281888,95349421.34749016
292320.0,124606972.65324932,95355426.59201105
292380.0,124273975.4997024,95361361.03668737
292440.0,123943012.78734729,95367225.14250408
292500.0,123614340.37768722,95373019.42255232
292560.0,123288244.3394212,95378744.44817105
292620.0,122964989.13411762,95384400.84445687
292680.0,122644817.92319965,95389989.28584242
292740.0,122328001.68964335,95395510.5017481
292800.0,122014817.58792886,95400965.27779035
292860.0,121705527.84230721,95406354.45266528
292920.0,121400364.63845915,95411678.91194136
292980.0,121099610.01570606,95416939.59822105
293040.0,120803528.01914564,95422137.50739814
293100.0,120512372.94008021,95427273.68660648
293160.0,120226365.76553854,95432349.22735125
293220.0,119945790.91623643,95437365.27844371
293280.0,119670896.12199122,95442323.03843626
293340.0,119401916.75204864,95447223.75304325
293400.0,119139076.73959868,95452068.7127542
293460.0,118882639.15268967,95456859.26078935
293520.0,118632836.80417393,95461596.78686118
293580.0,118389881.17770343,95466282.72276776
293640.0,118153994.17235519,95470918.54447792
293700.0,117925412.46282646,95475505.77510475
293760.0,117704348.88971281,95480045.97998928
293820.0,117490985.97532655,95484540.76046616
293880.0,117285538.54022945,95488991.7604212
293940.0,117088211.80741023,95493400.66428873
294000.0,116899193.62508814,95497769.1934644
294060.0,116718632.56835774,95502099.0982542
294120.0,116546731.47915754,95506392.16891535
294180.0,116383659.2724434,95510650.2286958
294240.0,116229569.2845681,95514875.130624
294300.0,116084585.76434903,95519068.7515483
294360.0,115948880.77307864,95523233.00185843
294420.0,115822587.26840554,95527369.81748235
294480.0,115705816.85925905,95531481.15551041
294540.0,115598674.27357708,95535568.99277219
294600.0,115501288.00589761,95539635.33065674
294660.0,115413754.30551066,95543682.18852171
294720.0,115336139.55039106,95547711.59759375
294780.0,115268525.68821083,95551725.60412553
294840.0,115210994.60000542,95555726.26936686
294900.0,115163603.03844568,95559715.66443688
294960.0,115126369.62059224,95563695.8625565
295020.0,115099351.26735155,95567668.94683652
295080.0,115082581.26352781,95571637.0054613
295140.0,115076074.77685726,95575602.12800074
295200.0,115079802.4797583,95579566.39636491
295260.0,115093793.97677061,95583531.89678767
295320.0,115118033.5732686,95587500.71061872
295380.0,115152487.05416161,95591474.91056663
295440.0,115197098.97676449,95595456.55639648
295500.0,115251849.79899119,95599447.70223255
295560.0,115316682.64140908,95603450.38898431
295620.0,115391514.68665412,95607466.63909547
295680.0,115476265.46434347,95611498.4570389
295740.0,115570867.67077845,95615547.83200619
295800.0,115675224.92666091,95619616.73202538
295860.0,115789207.79115678,95623707.09727769
295920.0,115912713.01674955,95627820.84543654
295980.0,116045628.06461042,95631959.86980693
296040.0,116187819.84321126,95636126.0351846
296100.0,116339115.33204655,95640321.16979389
296160.0,116499391.77100286,95644547.07550727
296220.0,116668494.88729441,95648805.52148901
296280.0,116846254.82324453,95653098.2410722
296340.0,117032470.17964053,95657426.9254088
296400.0,117226991.46821925,95661793.23402071
296460.0,117429630.70222813,95666198.78703998
296520.0,117640181.70626679,95670645.16156834
296580.0,117858431.11202453,95675133.89026558
296640.0,118084195.4818037,95679666.46744835
296700.0,118317261.83717142,95684244.34315507
296760.0,118557392.54168963,95688868.91820532
296820.0,118804367.16665302,95693541.54772794
296880.0,119057973.31166768,95698263.5428298
296940.0,119317978.03048003,95703036.16648863
297000.0,119584117.2852301,95707860.6273207
297060.0,119856168.64069271,95712738.08803841
297120.0,120133895.81111054,95717669.66269979
297180.0,120417050.94209383,95722656.41442186
297240.0,120705348.6368331,95727699.34785391
297300.0,120998569.443831,95732799.42254533
297360.0,121296458.15742455,95737957.54577674
297420.0,121598749.80907695,95743174.57064325
297480.0,121905163.81602879,95748451.29295978
297540.0,122215467.13874614,95753788.4609061
297600.0,122529397.45496152,95759186.76917103
297660.0,122846676.68910761,95764646.85583097
297720.0,123167035.35893151,95770169.30413872
297780.0,123490229.45971684,95775754.64771228
297840.0,123815994.45292929,95781403.36644822
297900.0,124144043.35238512,95787115.88205466
297960.0,124474121.850826,95792892.56469034
298020.0,124805978.95126827,95798733.733683
298080.0,125139351.7484367,95804639.65518355
298140.0,125473948.07475619,95810610.53633058
298200.0,125809532.40421742,95816646.5367064
298260.0,126145850.23860972,95822747.76456839
298320.0,126482640.91502368,95828914.2756606
298380.0,126819618.59335689,95835146.06820387
298440.0,127156561.38433458,95841443.09581065
298500.0,127493217.04711823,95847805.26142901
298560.0,127829325.09421688,95854232.41573624
298620.0,128164623.61683005,95860724.35690585
298680.0,128498892.17173842,95867280.83898997
298740.0,128831888.25592262,95873901.56753325
298800.0,129163353.97445166,95880586.19653063
298860.0,129493053.66606703,95887334.3329429
298920.0,129820770.5386832,95894145.54053137
298980.0,130146273.92788427,95901019.33711722
299040.0,130469310.52413751,95907955.19008413
299100.0,130789672.82422687,95914952.52561755
299160.0,131107149.49033085,95922010.7279771
299220.0,131421523.41010688,95929129.13838057
299280.0,131732547.47527103,95936307.04903351
299340.0,132040043.89283681,95943543.71707197
299400.0,132343808.22978406,95950838.35925888
299460.0,132643632.18244994,95958190.15124908
299520.0,132939294.4913426,95965598.22503516
299580.0,133230629.95901045,95973061.6802192
299640.0,133517448.32523632,95980579.57902679
299700.0,133799549.57910086,95988150.94439216
299760.0,134076744.13676319,95995774.7620848
299820.0,134348875.56536415,96003449.98738064
299880.0,134615770.27766892,96011175.5416604
299940.0,134877237.39466488,96018950.30898447
300000.0,135133119.82144743,96026773.14288695
300060.0,135383270.62708476,96034642.86843868
300120.0,135627533.59471735,96042558.28041914
300180.0,135865727.6195897,96050518.13837221
300240.0,136097728.7238663,96058521.17805757
300300.0,136323400.0379716,96066566.1088987
300360.0,136542601.47953656,96074651.61336747
300420.0,136755167.49989152,96082776.3419248
300480.0,136961002.419245,96090938.92700414
300540.0,137159981.61278585,96099137.97725084
300600.0,137351975.55603075,96107372.07656798
300660.0,137536852.53540257,96115639.78370404
300720.0,137714527.60860196,96123939.64161004
300780.0,137884894.67502037,96132270.17323449
300840.0,138047835.0512714,96140629.87903388
300900.0,138203251.14706403,96149017.24120098
300960.0,138351068.99617404,96157430.72839296
301020.0,138491201.25102282,96165868.79307756
301080.0,138623540.27245077,96174329.86750549
301140.0,138748022.8035501,96182812.37257345
301200.0,138864586.02191204,96191314.71792193
301260.0,138973161.4949424,96199835.30082913
301320.0,139073652.7699165,96208372.50064376
301380.0,139166031.07196778,96216924.69227651
301440.0,139250244.8364731,96225490.24166825
301500.0,139326239.5121286,96234067.50520466
301560.0,139393945.36154127,96242654.82670413
301620.0,139453352.7590047,96251250.5493881
301680.0,139504426.61510956,96259853.01081723
301740.0,139547123.71913177,96268460.5412822
301800.0,139581408.9442937,96277071.46541798
301860.0,139607284.04002824,96285684.10953936
301920.0,139624733.045205,96294296.79811957
301980.0,139633724.12598377,96302907.85063852
302040.0,139634256.80724436,96311515.58781703
302100.0,139626344.23245013,96320118.33432043
302160.0,139609989.58730766,96328714.41677733
302220.0,139585172.42642346,96337302.15908617
302280.0,139551926.93691948,96345879.893262
302340.0,139510277.65159565,96354445.95751253
302400.0,139460246.12924364,96362998.69564183
302460.0,139401825.60261735,96371536.45142579
302520.0,139335082.60111347,96380057.58314925
302580.0,139260053.78606305,96388560.45766897
302640.0,139176772.06717318,96397043.44966134
302700.0,139085265.28899378,96405504.94061066
302760.0,138985611.3038822,96413943.32871278
302820.0,138877865.837838,96422357.02447444
302880.0,138762073.09205562,96430744.4484181
302940.0,138638295.45243135,96439104.0346736
303000.0,138506622.0147835,96447434.23625381
303060.0,138367127.4824704,96455733.52218655
303120.0,138219867.25487673,96464000.37367758
303180.0,138064938.1473219,96472233.29229496
303240.0,137902440.38161218,96480430.8006229
303300.0,137732467.50854576,96488591.4409212
303360.0,137555085.9882646,96496713.76974781
303420.0,137370426.90202364,96504796.37072314
303480.0,137178601.4302143,96512837.85056883
303540.0,136979717.645727,96520836.83847062
303600.0,136773865.2943564,96528791.98243423
303660.0,136561197.07396272,96536701.96170542
303720.0,136341839.0303622,96544565.48147401
303780.0,136115909.8944966,96552381.2714035
303840.0,135883533.24641526,96560148.08656445
303900.0,135644872.26785955,96567864.71522808
303960.0,135400071.15720966,96575529.97508635
304020.0,135149258.9584673,96583142.71023206
304080.0,134892592.6983279,96590701.79665434
304140.0,134630245.64071596,96598206.14541031
304200.0,134362379.69958553,96605654.70035197
304260.0,134089133.76741195,96613046.43355392
304320.0,133810697.80288853,96620380.35535386
304380.0,133527254.61656053,96627655.51290584
304440.0,133238983.25847864,96634870.98940279
304500.0,132946031.85321888,96642025.89794737
304560.0,132648622.61811952,96649119.39611919
304620.0,132346947.20599833,96656150.67991078
304680.0,132041193.54210985,96663118.98295572
304740.0,131731540.68697882,96670023.57474624
304800.0,131418219.73766407,96676863.7708413
304860.0,131101437.77893831,96683638.9280954
304920.0,130781390.40070832,96690348.44235605
304980.0,130458287.26196814,96696991.75119327
305040.0,130132366.53117302,96703568.33946629
305100.0,129803849.7904776,96710077.73601517
305160.0,129472939.05355695,96716519.5097701
305220.0,129139873.25591017,96722893.27697004
305280.0,128804896.24858898,96729198.70208238
305340.0,128468242.63779163,96735435.49593888
305400.0,128130119.30313751,96741603.41024284
305460.0,127790792.81153272,96747702.24925311
305520.0,127450510.96621294,96753731.86604749
305580.0,127109516.43999396,96759692.16146746
305640.0,126768028.44733767,96765583.07946625
305700.0,126426329.77426817,96771404.61954375
305760.0,126084673.18531835,96777156.83080076
305820.0,125743302.58389167,96782839.81015196
305880.0,125402461.00258005,96788453.70210811
305940.0,125062431.18469317,96793998.70651734
306000.0,124723472.90445371,96799475.07400712
306060.0,124385828.61838871,96804883.10253964
306120.0,124049762.39284323,96810223.14160085
306180.0,123715554.02030247,96815495.59523179
306240.0,123383467.25685003,96820700.91883321
306300.0,123053739.95572118,96825839.61404121
306360.0,122726653.95674299,96830912.23729675
306420.0,122402482.70555185,96835919.39814816
306480.0,122081490.42472368,96840861.75739378
306540.0,121763906.7170775,96845740.02025534
306600.0,121450027.45353219,96850554.94930294
306660.0,121140115.84958422,96855307.35800971
306720.0,120834426.08733363,96859998.10893485
306780.0,120533194.93267411,96864628.11026943
306840.0,120236708.55045785,96869198.32545133
306900.0,119945222.09971488,96873709.76704943
306960.0,119658974.0383286,96878163.49345116
307020.0,119378207.50046149,96882560.6097316
307080.0,119103190.59323265,96886902.27248727
307140.0,118834166.94815016,96891189.6850045
307200.0,118571354.49746068,96895424.09219442
307260.0,118314997.90366128,96899606.78577214
307320.0,118065342.28377132,96903739.10429966
307380.0,117822614.76570158,96907822.42962885
307440.0,117587007.72544514,96911858.18007691
307500.0,117358762.32636543,96915847.81991033
307560.0,117138095.61384498,96919792.85459507
307620.0,116925210.9937618,96923694.82809597
307680.0,116720276.61904527,96927555.31596473
307740.0,116523518.70267366,96931375.93662894
307800.0,116335123.32269698,96935158.34352681
307860.0,116155259.54460378,96938904.22175738
307920.0,115984083.29587473,96942615.28548968
307980.0,115821784.09802024,96946293.28447907
308040.0,115668517.94431943,96949939.99750203
308100.0,115524414.91019784,96953557.22728054
308160.0,115389614.20395525,96957146.80223706
308220.0,115264264.26627329,96960710.57826667
308280.0,115148486.78315355,96964250.4335031
308340.0,115042368.779829,96967768.2615526
308400.0,114946028.89803083,96971265.97762974
308460.0,114859570.81970872,96974745.51562664
308520.0,114783078.47133525,96978208.82425281
308580.0,114716592.59886399,96981657.8586247
308640.0,114660208.3092699,96985094.59082739
308700.0,114613981.78689468,96988521.00233294
308760.0,114577951.1959391,96991939.0804895
308820.0,114552125.42528419,96995350.8128277
308880.0,114536557.53671055,96998758.1956412
308940.0,114531260.13515365,97002163.22612081
309000.0,114536222.04971313,97005567.89773706
309060.0,114551426.08366333,97008974.19907387
309120.0,114576875.77895662,97012384.11785878
309180.0,114612542.03076605,97015799.63462822
309240.0,114658364.26097825,97019222.71662791
309300.0,114714299.4367662,97022655.3212293
309360.0,114780302.1311714,97026099.39547484
309420.0,114856302.39772683,97029556.87133333
309480.0,114942191.42925134,97033029.65818053
309540.0,115037901.83492102,97036519.65084901
309600.0,115143340.99040239,97040028.72475204
309660.0,115258399.03390585,97043558.73256238
309720.0,115382924.68584757,97047111.49621083
309780.0,115516825.39491193,97050688.81829077
309840.0,115659965.34768268,97054292.47369924
309900.0,115812191.22850093,97057924.2062752
309960.0,115973332.61731449,97061585.72551852
310020.0,116143255.39500771,97065278.71364887
310080.0,116321791.00128682,97069004.81896769
310140.0,116508746.64603736,97072765.65120353
310200.0,116703936.91377793,97076562.7829758
310260.0,116907190.43396576,97080397.75254667
310320.0,117118310.36068201,97084272.05892874
310380.0,117337069.02734488,97088187.15596499
310440.0,117563270.72018084,97092144.45854793
310500.0,117796711.62816578,97096145.3410928
310560.0,118037171.5106438,97100191.1344022
310620.0,118284392.78971061,97104283.11849634
310680.0,118538174.45484605,97108422.5335864
310740.0,118798285.31170136,97112610.57428502
310800.0,119064482.2783652,97116848.3873553
310860.0,119336496.52723937,97121137.06678781
310920.0,119614113.25643542,97125477.66427714
310980.0,119897083.48763466,97129871.18266867
311040.0,120185143.0840698,97134318.57308175
311100.0,120478026.7506956,97138820.73473607
311160.0,120775501.07100968,97143378.52114877
311220.0,121077307.44502124,97147992.73532343
311280.0,121383165.51685266,97152664.12560514
311340.0,121692818.27148588,97157393.39023145
311400.0,122006018.35737967,97162181.17924245
311460.0,122322502.13651384,97167028.09138986
311520.0,122641977.52225946,97171934.66870707
311580.0,122964200.15947074,97176901.40575516
311640.0,123288913.04525182,97181928.74723369
311700.0,123615851.54524516,97187017.08655958
311760.0,123944716.27563193,97192166.75922877
311820.0,124275279.09708005,97197378.05658066
311880.0,124607277.3032515,97202651.21919064
311940.0,124940441.30811633,97207986.43559553
312000.0,125274490.96093056,97213383.84031193
312060.0,125609194.83656427,97218843.52325681
312120.0,125944295.50844547,97224365.52479184
312180.0,126279521.64366789,97229949.83309837
312240.0,126614615.41087952,97235596.386822
312300.0,126949345.06551881,97241305.08013202
312360.0,127283461.30550751,97247075.7593916
312420.0,127616693.7722084,97252908.21915977
312480.0,127948809.57040536,97258802.20943458
312540.0,128279579.13151644,97264757.43633458
312600.0,128608763.66242692,97270773.5603703
312660.0,128936096.04600906,97276850.19105263
312720.0,129261370.50355044,97282986.89871044
312780.0,129584361.70369257,97289183.21077739
312840.0,129904839.80851631,97295438.61096875
312900.0,130222553.35179667,97301752.53517601
312960.0,130537314.90595703,97308124.38379003
313020.0,130848908.56825216,97314553.51627699
313080.0,131157110.76883984,97321039.24974816
313140.0,131461700.02226408,97327580.85939991
313200.0,131762495.86108945,97334177.58641173
313260.0,132059297.42643031,97340828.6340731
313320.0,132351888.67584893,97347533.1649122
313380.0,132640079.31925206,97354290.30566548
313440.0,132923696.9694951,97361099.15073894
313500.0,133202556.87249276,97367958.75987229
313560.0,133476451.49942872,97374868.15381403
313620.0,133745222.71330991,97381826.32380818
313680.0,134008707.07738204,97388832.23060879
313740.0,134266736.76671466,97395884.80366983
313800.0,134519113.52651638,97402982.9353568
313860.0,134765712.11811948,97410125.49494056
313920.0,135006378.72022116,97417311.32315642
313980.0,135240956.13747716,97424539.23158644
314040.0,135469276.7579588,97431808.00069733
314100.0,135691228.02172452,97439116.39038616
314160.0,135906673.15342593,97446463.13537529
314220.0,136115465.16800886,97453846.9432868
314280.0,136317470.21207199,97461266.49717547
314340.0,136512586.1526517,97468720.46160674
314400.0,136700694.52445894,97476207.47955768
314460.0,136881658.89452878,97483726.16900912
314520.0,137055379.51679182,97491275.12996824
314580.0,137221764.97510535,97498852.94607452
314640.0,137380715.39245299,97506458.18300174
314700.0,137532105.13482466,97514089.38356453
314760.0,137675868.82066327,97521745.07922544
314820.0,137811925.9563741,97529423.78722565
314880.0,137940192.92847753,97537124.01000409
314940.0,138060562.64768034,97544844.23073901
315000.0,138172996.71077383,97552582.9264495
315060.0,138277428.21228114,97560338.56257325
315120.0,138373784.62389737,97568109.59190708
315180.0,138461993.4708199,97575894.45462914
315240.0,138542027.5066978,97583691.58691922
315300.0,138613838.8244352,97591499.41703102
315360.0,138677366.06574255,97599316.36274044
315420.0,138732571.4697689,97607140.83584431
315480.0,138779439.0096468,97614971.24629958
315540.0,138817939.84074247,97622805.99978778
315600.0,138848023.8256628,97630643.49367101
315660.0,138869687.979141,97638482.12596251
315720.0,138882927.52602157,97646320.29498571
315780.0,138887732.71775234,97654156.39842914
315840.0,138884064.66193068,97661988.8278105
315900.0,138871955.17846894,97669815.98191318
315960.0,138851410.75147536,97677636.26196818
316020.0,138822434.791032,97685448.07106805
316080.0,138785017.48673028,97693249.81165569
316140.0,138739207.62839937,97701039.89664653
316200.0,138685028.89010358,97708816.74465287
316260.0,138622495.91816702,97716578.77826576
316320.0,138551633.68148863,97724324.42600916
316380.0,138472502.19337663,97732052.1289804
316440.0,138385144.18669987,97739760.3375617
316500.0,138289585.5022591,97747447.50820903
316560.0,138185885.84305626,97755112.10986461
316620.0,138074116.38642374,97762752.6261194
316680.0,137954338.86056706,97770367.553409
316740.0,137826590.2311406,97777955.39631061
316800.0,137690964.85473478,97785514.67840502
316860.0,137547544.98239,97793043.9399661
316920.0,137396409.72672504,97800541.73735094
316980.0,137237611.61040384,97808006.63795155
317040.0,137071274.98263782,97815437.23377757
317100.0,136897494.550117,97822832.13582417
317160.0,136716360.32998562,97830189.973167
317220.0,136527959.25893033,97837509.39236234
317280.0,136332426.4918705,97844789.06654909
317340.0,136129875.34369096,97852027.69129425
317400.0,135920406.5370798,97859223.98219138
317460.0,135704141.19832596,97866376.67869791
317520.0,135481225.05134293,97873484.54876079
317580.0,135251789.76137003,97880546.38613328
317640.0,135015946.4814847,97887561.0064762
317700.0,134773850.21925613,97894527.2556193
317760.0,134525656.94471484,97901444.00971468
317820.0,134271516.32231548,97908310.17401761
317880.0,134011549.56090626,97915124.67748815
317940.0,133745945.13434532,97921886.48546265
318000.0,133474868.8239983,97928594.59533785
318060.0,133198482.89755164,97935248.0358778
318120.0,132916932.89217514,97941845.86402874
318180.0,132630425.42332256,97948387.17641027
318240.0,132339140.43089452,97954871.1042486
318300.0,132043249.24739355,97961296.81172138
318360.0,131742929.82100788,97967663.49717358
318420.0,131438397.44401592,97973970.40012191
318480.0,131129848.37291524,97980216.79762998
318540.0,130817462.19509478,97986402.001133
318600.0,130501448.3977187,97992525.3620363
318660.0,130182030.03139375,97998586.27423163
318720.0,129859418.68742292,98004584.17189977
318780.0,129533801.16423039,98010518.52480629
318840.0,129205417.37489696,98016388.8482632
318900.0,128874496.95349352,98022194.70115225
318960.0,128541265.08130339,98027935.68504618
319020.0,128205915.9285897,98033611.4383363
319080.0,127868716.94631088,98039221.6499775
319140.0,127529903.3663862,98044766.0533835
319200.0,127189705.04749838,98050244.42537488
319260.0,126848343.91033545,98055656.58464663
319320.0,126506091.16661951,98061002.40099047
319380.0,126163193.1527466,98066281.79057375
319440.0,125819882.46620639,98071494.71331522
319500.0,125476406.74454522,98076641.17566851
319560.0,125133038.82302088,98081721.23530939
319620.0,124790033.89831002,98086734.99777663
319680.0,124447624.94798765,98091682.61225678
319740.0,124106082.86957417,98096564.27865899
319800.0,123765679.54293913,98101380.24775171
319860.0,123426676.33154878,98106130.81914242
319920.0,123089303.77295966,98110816.33545034
319980.0,122753853.1064732,98115437.19364855
320040.0,122420592.20057885,98119993.84063147
320100.0,122089781.49710031,98124486.77177607
320160.0,121761657.52791658,98128916.52641553
320220.0,121436516.72919035,98133283.69902238
320280.0,121114623.32183412,98137588.93312182
320340.0,120796229.21390778,98141832.91893953
320400.0,120481584.9667031,98146016.39310579
320460.0,120170976.49103732,98150140.14523046
320520.0,119864664.269682,98154205.01309352
320580.0,119562887.52283946,98158211.87862033
320640.0,119265906.60644858,98162161.67179544
320700.0,118973992.53496677,98166055.37261176
320760.0,118687397.586027,98169894.00751886
320820.0,118406343.7129901,98173678.64370841
320880.0,118131096.43232666,98177410.39722162
320940.0,117861907.10757065,98181090.43025777
321000.0,117599014.98847286,98184719.94886677
321060.0,117342619.85426645,98188300.19553196
321120.0,117092987.4543123,98191832.46146223
321180.0,116850344.48266353,98195318.0792506
321240.0,116614904.75392249,98198758.42043003
321300.0,116386862.85968994,98202154.89184727
321360.0,116166457.63495927,98205508.94389042
321420.0,115953893.34791845,98208822.0639957
321480.0,115749352.74725614,98212095.77259654
321540.0,115553021.75473864,98215331.62368484
321600.0,115365105.67224365,98218531.20839539
321660.0,115185781.87337609,98221696.14976174
321720.0,115015197.10255323,98224828.09697412
321780.0,114853523.79282297,98227928.73014507
321840.0,114700928.94895644,98230999.75926864
321900.0,114557558.41138722,98234042.9202476
321960.0,114423518.39854163,98237059.96748546
322020.0,114298963.51147312,98240052.682884
322080.0,114184018.23602974,98243022.87020761
322140.0,114078789.92863314,98245972.35187243
322200.0,113983349.1815249,98248902.96208279
322260.0,113897820.39382046,98251816.55683827
322320.0,113822285.01843001,98254715.005919
322380.0,113756803.74735875,98257600.18900877
322440.0,113701423.58384238,98260473.99313882
322500.0,113656221.07500379,98263338.3181773
322560.0,113621237.2127593,98266195.07020383
322620.0,113596483.88530564,98269046.15609095
322680.0,113581982.68054081,98271893.4853071
322740.0,113577760.73466048,98274738.97094557
322800.0,113583817.33464164,98277584.52454476
322860.0,113600114.62698717,98280432.04918748
322920.0,113626648.17407973,98283283.44571757
322980.0,113663395.38688557,98286140.60937002
323040.0,113710313.85899551,98289005.42609544
323100.0,113767316.3243911,98291879.76423812
323160.0,113834372.96963876,98294765.48521945
323220.0,113911412.43317461,98297664.43583165
323280.0,113998345.51458207,98300578.44494055
323340.0,114095056.21148783,98303509.3185287
323400.0,114201472.09775148,98306458.84780128
323460.0,114317481.56062816,98309428.8019309
323520.0,114442949.49249423,98312420.9237207
323580.0,114577738.51010637,98315436.92920677
323640.0,114721731.88510025,98318478.51151228
323700.0,114874782.51138467,98321547.33523792
323760.0,115036712.81842206,98324645.03084266
323820.0,115207367.69951044,98327773.1988376
323880.0,115386589.98825294,98330933.40943216
323940.0,115574201.13989949,98334127.19860247
324000.0,115769985.35452773,98337356.06122394
324060.0,115973774.18322122,98340621.4598764
324120.0,116185374.55424431,98343924.82031594
324180.0,116404579.24665497,98347267.52889013
324240.0,116631144.69132873,98350650.9258484
324300.0,116864888.2662153,98354076.31666067
324360.0,117105587.83680074,98357544.9647406
324420.0,117353006.49906956,98361058.08875287
324480.0,117606896.01913236,98364616.86055952
324540.0,117867046.64034514,98368222.41237684
324600.0,118133218.29491961,98371875.8312091
324660.0,118405149.51656024,98375578.15493582
324720.0,118682592.50851037,98379330.3748829
324780.0,118965315.47505711,98383133.4388216
324840.0,119253065.47519408,98386988.24710317
324900.0,119545561.50041905,98390895.64751929
324960.0,119842561.14930233,98394856.44247898
325020.0,120143815.49426427,98398871.38784575
325080.0,120449063.55278134,98402941.1907555
325140.0,120758009.52655928,98407066.50323673
325200.0,121070421.07118297,98411247.93396881
325260.0,121386036.70234266,98415486.04294656
325320.0,121704586.53248312,98419781.33997525
325380.0,122025780.34634311,98424134.2809685
325440.0,122349384.10793656,98428545.27835548
325500.0,122675133.25858103,98433014.6954947
325560.0,123002750.46194032,98437542.84436429
325620.0,123331962.70669179,98442129.98640637
325680.0,123662530.34298524,98446776.33871967
325740.0,123994191.97467719,98451482.07009485
325800.0,124326666.35482612,98456247.29740328
325860.0,124659701.09682487,98461072.09095868
325920.0,124993054.23157932,98465956.47647795
325980.0,125326470.69552001,98470900.43271188
326040.0,125659668.37149204,98475903.88650997
326100.0,125992418.43147355,98480966.72267279
326160.0,126324479.39020784,98486088.7816624
326220.0,126655604.33168621,98491269.8586442
326280.0,126985515.44314337,98496509.69784695
326340.0,127314007.31074822,98501808.00592066
326400.0,127640842.14344664,98507164.44601947
326460.0,127965776.35905598,98512578.63677724
326520.0,128288559.71008325,98518050.15112367
326580.0,128608991.0962687,98523578.52535574
326640.0,128926845.38553232,98529163.25475696
326700.0,129241884.14621314,98534803.79119249
326760.0,129553886.4444779,98540499.54636203
326820.0,129862657.12910147,98546249.89656998
326880.0,130167985.2804572,98552054.17986365
326940.0,130469639.07439864,98557911.6922319
327000.0,130767428.29897195,98563821.69527899
327060.0,131061165.05295563,98569783.41668014
327120.0,131350653.86366884,98575796.04882376
327180.0,131635670.6639056,98581858.74360004
327240.0,131916057.08194472,98587970.6244835
327300.0,132191633.48444258,98594130.7826613
327360.0,132462216.48072262,98600338.2763743
327420.0,132727603.64520773,98606592.12745893
327480.0,132987656.32999863,98612891.33306584
327540.0,133242208.28369355,98619234.86062595
327600.0,133491085.32115023,98625621.64642459
327660.0,133734118.20152941,98632050.59653538
327720.0,133971177.81596059,98638520.59419549
327780.0,134202115.50802833,98645030.49624816
327840.0,134426766.8489479,98651579.13028051
327900.0,134644996.33467102,98658165.29994279
327960.0,134856684.87074003,98664787.78797258
328020.0,135061701.8493079,98671445.35410781
328080.0,135259893.0056733,98678136.73078147
328140.0,135451156.98952916,98684860.63282183
328200.0,135635385.06832564,98691615.756119
328260.0,135812465.0165111,98698400.77700374
328320.0,135982253.02948707,98705214.34649432
328380.0,136144682.22066045,98712055.10437375
328440.0,136299654.4677052,98718921.67349383
328500.0,136447068.34964603,98725812.65918812
328560.0,136586814.18718007,98732726.64777979
328620.0,136718836.328462,98739662.21646349
328680.0,136843055.25232884,98746617.92895636
328740.0,136959380.34593907,98753592.33348583
328800.0,137067736.6973616,98760583.96566902
328860.0,137168079.55309948,98767591.35402651
328920.0,137260348.27436668,98774613.01709116
328980.0,137344463.1616322,98781647.45994079
329040.0,137420384.19582272,98788693.18144624
329100.0,137488077.60195506,98795748.67541534
329160.0,137547501.70624572,98802812.42915775
329220.0,137598587.7883096,98809882.91856162
329280.0,137641330.80489305,98816958.6197071
329340.0,137675708.00498953,98824038.00563993
329400.0,137701693.40472448,98831119.54578549
329460.0,137719239.2697421,98838201.7019909
329520.0,137728365.61011454,98845282.9408671
329580.0,137729064.04118142,98852361.72861521
329640.0,137721319.61814487,98859436.52983281
329700.0,137705119.62126517,98866505.80792044
329760.0,137680495.1163994,98873568.03304935
329820.0,137647456.75406444,98880621.67844155
329880.0,137606000.621866,98887665.21771827
329940.0,137556149.01937693,98894697.12966621
330000.0,137497944.04638413,98901715.90183288
330060.0,137431415.36930084,98908720.02825852
330120.0,137356570.08092332,98915708.00536732
330180.0,137273465.4772328,98922678.34108818
330240.0,137182154.64892098,98929629.55408016
330300.0,137082686.23493114,98936560.1729141
330360.0,136975078.2831709,98943468.73050769
330420.0,136859423.03287643,98950353.77759364
330480.0,136735784.49778888,98957213.87757915
330540.0,136604223.40788698,98964047.60593826
330600.0,136464789.1167496,98970853.54813622
330660.0,136317588.28904712,98977630.3100199
330720.0,136162702.57163435,98984376.5132604
330780.0,136000203.48723143,98991090.79350236
330840.0,135830175.1508027,98997771.80263498
330900.0,135652734.94811696,99004418.21481004
330960.0,135467983.2078072,99011028.72332944
331020.0,135276002.091918,99017602.037335
331080.0,135076910.30701628,99024136.88841686
331140.0,134870835.77530763,99030632.032263
331200.0,134657897.307421,99037086.24698676
331260.0,134438187.4901473,99043498.32835665
331320.0,134211859.38309929,99049867.10073166
331380.0,133979051.19072038,99056191.41434562
331440.0,133739897.6386163,99062470.14465414
331500.0,133494508.31631546,99068702.18776214
331560.0,133243063.43616877,99074886.4731853
331620.0,132985713.43014078,99081021.95843172
331680.0,132722602.85783279,99087107.62791425
331740.0,132453875.02865784,99093142.49270006
331800.0,132179719.75001374,99099125.59889486
331860.0,131900304.92256597,99105056.02365056
331920.0,131615784.43989334,99110932.87260504
331980.0,131326334.7881616,99116755.28393987
332040.0,131032154.79440734,99122522.43238772
332100.0,130733429.20902212,99128233.52665631
332160.0,130430320.59778762,99133887.80539027
332220.0,130123037.911274,99139484.54552136
332280.0,129811788.2408753,99145023.06189828
332340.0,129496772.3778401,99150502.70611492
332400.0,129178160.69650434,99155922.86098683
332460.0,128856193.69077945,99161282.95317772
332520.0,128531085.73835778,99166582.44844751
332580.0,128203046.85736111,99171820.8508305
332640.0,127872271.43467098,99176997.69978142
332700.0,127539013.01799631,99182112.58081265
332760.0,127203497.79424518,99187165.12051937
332820.0,126865941.45711175,99192154.98465072
332880.0,126526567.67952259,99197081.87951279
332940.0,126185634.90427506,99201945.55819811
333000.0,125843381.78378922,99206745.81697749
333060.0,125500028.02573492,99211482.49184845
333120.0,125155824.84441504,99216155.46417421
333180.0,124811033.73406701,99220764.662494
333240.0,124465903.87119885,99225310.06026295
333300.0,124120656.92789823,99229791.6708602
333360.0,123775569.5226879,99234209.55744259
333420.0,123430903.94521305,99238563.83032143
333480.0,123086916.27580282,99242854.64580281
333540.0,122743831.43558528,99247082.20054103
333600.0,122401945.10101444,99251246.74422817
333660.0,122061518.90070547,99255348.57342373
333720.0,121722806.23681176,99259388.03003347
333780.0,121386052.58174315,99263365.49984324
333840.0,121051549.35624513,99267281.42073762
333900.0,120719561.0796872,99271136.2778192
333960.0,120390335.14591128,99274930.60028921
334020.0,120064134.15175214,99278664.96413895
334080.0,119741241.68725473,99282339.99587801
334140.0,119421921.4693619,99285956.36892048
334200.0,119106411.05360352,99289514.7988459
334260.0,118794986.24582621,99293016.05022752
334320.0,118487918.73838238,99296460.93584995
334380.0,118185467.27093354,99299850.31434181
334440.0,117887855.25670263,99303185.08379684
334500.0,117595367.34013459,99306466.19272174
334560.0,117308258.80107784,99309694.63472468
334620.0,117026774.04004946,99312871.44652408
334680.0,116751131.89301074,99315997.70332697
334740.0,116481606.81373686,99319074.5287635
334800.0,116218437.55326597,99322103.08844532
334860.0,115961845.95176166,99325084.5868978
334920.0,115712051.12406808,99328020.26703703
334980.0,115469302.4540056,99330911.415557
335040.0,115233820.35102569,99333759.35770161
335100.0,115005798.9630677,99336565.452528
335160.0,114785452.58185855,99339331.09648241
335220.0,114573000.36788374,99342057.72423816
335280.0,114368639.25919834,99344746.80468464
335340.0,114172530.58887036,99347399.83452615
335400.0,113984878.78706549,99350018.34596668
335460.0,113805867.75677043,99352603.9030067
335520.0,113635665.79170382,99355158.09862342
335580.0,113474397.19454396,99357682.54687944
335640.0,113322251.1290954,99360178.89449872
335700.0,113179371.79363632,99362648.81280062
335760.0,113045886.4645379,99365093.99465403
335820.0,112921901.58101363,99367516.15073521
335880.0,112807563.30312704,99369917.01660737
335940.0,112702979.92952965,99372298.34593636
336000.0,112608233.87068371,99374661.9058515
336060.0,112523410.10473266,99377009.47739209
336120.0,112448608.37007704,99379342.8581298
336180.0,112383897.90229008,99381663.85670988
336240.0,112329313.32474813,99383974.28666492
336300.0,112284915.52984266,99386275.97109723
336360.0,112250755.4467939,99388570.74089311
336420.0,112226861.1598159,99390860.43064146
336480.0,112213217.70539553,99393146.87095436
336540.0,112209860.41544831,99395431.8974376
336600.0,112216790.21540545,99397717.3445531
336660.0,112233989.42434567,99400005.04230392
336720.0,112261404.17163955,99402296.80978954
336780.0,112299032.77457064,99404594.46451335
336840.0,112346829.98168202,99406899.81462328
336900.0,112404728.4091234,99409214.6549785
336960.0,112472649.05947271,99411540.76509325
337020.0,112550541.2376999,99413879.91418932
337080.0,112638319.21906829,99416233.85496983
337140.0,112735867.57988296,99418604.31834853
337200.0,112843084.16678156,99420993.01583046
337260.0,112959871.51853554,99423401.64036395
337320.0,113086105.97039373,99425831.86169621
337380.0,113221626.86291333,99428285.31981488
337440.0,113366311.94931124,99430763.63180447
337500.0,113520020.30468835,99433268.3885463
337560.0,113682593.86195135,99435801.1516948
337620.0,113853830.48408091,99438363.44587152
337680.0,114033591.78587048,99440956.77002575
337740.0,114221697.52350233,99443582.59002103
337800.0,114417952.27622384,99446242.33596885
337860.0,114622138.7109177,99448937.39836895
337920.0,114834085.10544343,99451669.13624308
337980.0,115053583.90238947,99454438.87080126
338040.0,115280406.34726776,99457247.88171294
338100.0,115514327.31555457,99460097.40778816
338160.0,115755144.28236334,99462988.65102354
338220.0,116002628.26963747,99465922.77194221
338280.0,116256522.3035174,99468900.88466509
338340.0,116516598.60401058,99471924.06212907
338400.0,116782629.00215413,99474993.33605461
338460.0,117054368.25684346,99478109.69395582
338520.0,117331536.32188486,99481274.07301076
338580.0,117613907.87875316,99484487.36980426
338640.0,117901234.20240892,99487750.43621685
338700.0,118193256.13009754,99491064.07761523
338760.0,118489683.6138458,99494429.04742327
338820.0,118790290.61820397,99497846.05850364
338880.0,119094815.39874324,99501315.77687125
338940.0,119402984.2314526,99504838.81961414
339000.0,119714517.9074997,99508415.75396597
339060.0,120029178.06146315,99512047.10457781
339120.0,120346699.78555621,99515733.34885965
339180.0,120666799.14596698,99519474.91365659
339240.0,120989212.01376371,99523272.17879634
339300.0,121313691.81980999,99527125.48023593
339360.0,121639974.4977967,99531035.10700707
339420.0,121967769.78202231,99535001.29662614
339480.0,122296832.38772789,99539024.24308975
339540.0,122626911.17587931,99543104.09587874
339600.0,122957746.42999959,99547240.95848194
339660.0,123289044.92677592,99551434.88251802
339720.0,123620583.49306926,99555685.88015324
339780.0,123952109.54811639,99559993.91894327
339840.0,124283364.50663136,99564358.92081256
339900.0,124614073.7373843,99568780.75926208
339960.0,124944020.28190382,99573259.26959082
340020.0,125272958.98064996,99577794.24395311
340080.0,125600633.02338172,99582385.42934115
340140.0,125926794.41569604,99587032.52917999
340200.0,126251229.08885704,99591735.20934924
340260.0,126573703.36788175,99596493.09475897
340320.0,126893964.28938384,99601305.7659851
340380.0,127211792.4946804,99606172.76523219
340440.0,127526978.67741944,99611093.59813881
340500.0,127839302.42973551,99616067.73185363
340560.0,128148516.30987248,99621094.59030642
340620.0,128454431.21704698,99626173.56452286
340680.0,128756844.10824494,99631304.01019806
340740.0,129055547.61366916,99636485.2469657
340800.0,129350306.11145061,99641716.55345593
340860.0,129640957.0880735,99646997.18020028
340920.0,129927306.60210991,99652326.34412529
340980.0,130209154.97054611,99657703.22757179
341040.0,130486298.85558821,99663126.97768228
341100.0,130758583.9284961,99668596.7150527
341160.0,131025832.7397675,99674111.52968948
341220.0,131287854.14855881,99679670.47862896
341280.0,131544477.94537812,99685272.58964632
341340.0,131795558.73477519,99690916.865643
341400.0,132040936.27076541,99696602.28205867
341460.0,132280428.60257898,99702327.78308143
341520.0,132513899.29904552,99708092.28967242
341580.0,132741212.459119,99713894.69967934
341640.0,132962225.57597859,99719733.8866966
341700.0,133176766.3706427,99725608.69485885
341760.0,133384732.68385078,99731517.95117715
341820.0,133585998.52110563,99737460.46137021
341880.0,133780434.29559302,99743435.00925267
341940.0,133967893.39662829,99749440.35376702
342000.0,134148292.6605959,99755475.24013665
342060.0,134321521.51056123,99761538.3950692
342120.0,134487460.6098552,99767628.52523664
342180.0,134645998.1366188,99773744.31861053
342240.0,134797061.32386002,99779884.45132533
342300.0,134940558.17570317,99786047.58431822
342360.0,135076379.79460713,99792232.3603803
342420.0,135204449.3632727,99798437.40979381
342480.0,135324704.6642236,99804661.35290076
342540.0,135437072.43620655,99810902.79817721
342600.0,135541454.3477434,99817160.33785313
342660.0,135637808.73969108,99823432.55784996
342720.0,135726084.04263562,99829718.03605108
342780.0,135806225.22276855,99836015.34170254
342840.0,135878146.42329443,99842323.03002623
342900.0,135941839.4208577,99848639.65581639
342960.0,135997263.96173325,99854963.76783632
343020.0,136044375.71975616,99861293.90811127
343080.0,136083124.1090112,99867628.61083965
343140.0,136113511.6599364,99873966.41168755
343200.0,136135517.04620364,99880305.84361666
343260.0,136149106.67346865,99886645.4347423
343320.0,136154265.27639866,99892983.71154091
343380.0,136151006.14709362,99899319.20384137
343440.0,136139326.9018452,99905650.44208351
343500.0,136119204.68082896,99911975.95374094
343560.0,136090659.56149277,99918294.27082229
343620.0,136053715.58558232,99924603.93055946
343680.0,136008389.30577815,99930903.47409563
343740.0,135954668.58083984,99937191.44147332
343800.0,135892608.82762113,99943466.38342552
343860.0,135822244.80716303,99949726.85776225
343920.0,135743607.7988614,99955971.42875686
343980.0,135656708.89324963,99962198.66361897
344040.0,135561626.26902196,99968407.14419194
344100.0,135458409.53900802,99974595.46195912
344160.0,135347100.6328759,99980762.21669602
344220.0,135227745.89531356,99986906.01723266
344280.0,135100434.1284958,99993025.48884493
344340.0,134965233.74890342,99999119.2696883
344400.0,134822197.25621927,100005186.00801349
344460.0,134671406.16991597,100011224.36721256
344520.0,134512959.8148979,100017233.02890669
344580.0,134346945.3064773,100023210.69080423
344640.0,134173425.59901066,100029156.06248045
344700.0,133992517.26424366,100035067.87470008
344760.0,133804330.00895233,100040944.87820414
344820.0,133608969.49710359,100046785.84298906
344880.0,133406508.97475554,100052589.55265011
344940.0,133197099.88817026,100058354.81797199
345000.0,132980862.13066058,100064080.47141768
345060.0,132757911.94519022,100069765.36647484
345120.0,132528355.91956018,100075408.37595902
345180.0,132292356.84817632,100081008.40176682
345240.0,132050052.30140853,100086564.3704668
345300.0,131801568.3592895,100092075.23128153
345360.0,131547045.99316646,100097539.95865504
345420.0,131286657.64998274,100102957.55769818
345480.0,131020558.66319698,100108327.06118993
345540.0,130748884.55574358,100113647.52611345
345600.0,130471810.25637427,100118918.04047635
345660.0,130189517.40734218,100124137.72444907
345720.0,129902178.6132112,100129305.72876854
345780.0,129609938.31089371,100134421.22982392
345840.0,129313004.81847854,100139483.44071716
345900.0,129011568.36540346,100144491.60809352
345960.0,128705815.05272327,100149445.01139644
346020.0,128395906.89852935,100154342.95866315
346080.0,128082075.49733844,100159184.79856236
346140.0,127764521.9898714,100163969.91508017
346200.0,127443440.03062662,100168697.72619204
346260.0,127119023.57728152,100173367.68388587
346320.0,126791511.26425797,100177979.28187278
346380.0,126461119.20062116,100182532.05164911
346440.0,126128047.49290316,100187025.55969228
346500.0,125792520.87330373,100191459.41169463
346560.0,125454783.77630724,100195833.25594059
346620.0,125115065.96368758,100200146.78072987
346680.0,124773572.59394015,100204399.71008489
346740.0,124430557.70355356,100208591.81217754
346800.0,124086269.96299718,100212722.89836282
346860.0,123740951.1351951,100216792.82194643
346920.0,123394809.6783214,100220801.47238855
346980.0,123048127.10545331,100224748.78790525
347040.0,122701154.3806966,100228634.75014466
347100.0,122354136.52115424,100232459.3831215
347160.0,122007303.24574491,100236222.75053641
347220.0,121660941.1889266,100239924.96557674
347280.0,121315307.94246478,100243566.18585609
347340.0,120970647.77184802,100247146.61107391
347400.0,120627213.62395103,100250666.48447856
347460.0,120285289.98534422,100254126.09827599
347520.0,119945139.75569259,100257525.78986047
347580.0,119607003.47699453,100260865.93791626
347640.0,119271154.2604205,100264146.96800299
347700.0,118937871.22781399,100267369.35355256
347760.0,118607419.25075543,100270533.6133692
347820.0,118280031.6692479,100273640.30615097
347880.0,117955998.1949944,100276690.04017802
347940.0,117635588.85809019,100279683.46987587
348000.0,117319064.59167485,100282621.29420722
348060.0,117006653.75473869,100285504.25101821
348120.0,116698652.39836287,100288333.12867202
348180.0,116395319.3086613,100291108.7595836
348240.0,116096900.96743181,100293832.01806188
348300.0,115803634.86855875,100296503.81872518
348360.0,115515800.3269146,100299125.12366974
348420.0,115233646.41563535,100301696.93722098
348480.0,114957400.40902342,100304220.30214381
348540.0,114687304.14251712,100306696.30211633
348600.0,114423615.272949,100309126.06441768
348660.0,114166568.18152672,100311510.75588508
348720.0,113916365.87470539,100313851.57748157
348780.0,113673249.4718215,100316149.77082309
348840.0,113437449.81909135,100318406.61637664
348900.0,113209181.44023484,100320623.43061978
348960.0,112988617.87206101,100322801.55896252
349020.0,112775994.36766109,100324942.38633208
349080.0,112571509.7659204,100327047.33087997
349140.0,112375347.88976061,100329117.84137298
349200.0,112187664.73733817,100331155.39238605
349260.0,112008667.60408625,100333161.4930924
349320.0,111838523.99805763,100335137.68040003
349380.0,111677379.51571195,100337085.51516479
349440.0,111525375.64943421,100339006.58146532
349500.0,111382679.22914183,100340902.49093273
349560.0,111249424.4802276,100342774.87713069
349620.0,111125714.35666962,100344625.3901699
349680.0,111011671.64752033,100346455.70009738
349740.0,110907418.65017024,100348267.49679495
349800.0,110813052.45923904,100350062.48563929
349860.0,110728629.74099316,100351842.38055532
349920.0,110654251.20880896,100353608.91156153
349980.0,110589991.45218116,100355363.82027757
350040.0,110535906.52484632,100357108.85673705
350100.0,110492007.19376856,100358845.77161914
350160.0,110458366.74269822,100360576.32696031
350220.0,110435010.99013433,100362302.28801276
350280.0,110421945.8743001,100364025.41983637
350340.0,110419156.76065533,100365747.48377556
350400.0,110426666.4341035,100367470.24386978
350460.0,110444458.43452992,100369195.46013252
350520.0,110472488.08731951,100370924.88372499
350580.0,110510715.21405913,100372660.25773326
350640.0,110559112.2504878,100374403.31933366
350700.0,110617620.94762108,100376155.7945481
350760.0,110686146.8280123,100377919.39205638
350820.0,110764625.31780489,100379695.80832554
350880.0,110852979.94378854,100381486.72558536
350940.0,110951112.42759216,100383293.80811264
351000.0,111058880.54906654,100385118.69473502
351060.0,111176197.69938406,100386963.0083574
351120.0,111302941.12595245,100388828.34979923
351180.0,111438970.78854106,100390716.29485968
351240.0,111584113.81010504,100392628.38872972
351300.0,111738251.04102239,100394566.15519468
351360.0,111901221.72874233,100396531.0895481
351420.0,112072844.23451622,100398524.65505005
351480.0,112252930.17810291,100400548.28180373
351540.0,112441321.02400365,100402603.37187749
351600.0,112637826.13221768,100404691.29385023
351660.0,112842226.83594486,100406813.37805806
351720.0,113054323.9581058,100408970.91995162
351780.0,113273924.40151583,100411165.18116288
351840.0,113500812.56778076,100413397.38569675
351900.0,113734737.77894524,100415668.71398205
351960.0,113975495.14542077,100417980.3107143
352020.0,114222862.14937878,100420333.28188162
352080.0,114476603.4140823,100422728.69260626
352140.0,114736441.45494635,100425167.56000486
352200.0,115002170.88196617,100427650.86551116
352260.0,115273544.96731624,100430179.5478654
352320.0,115550305.48030338,100432754.5011918
352380.0,115832178.09507893,100435376.5722958
352440.0,116118937.23852113,100438046.56900439
352500.0,116410325.30975407,100440765.2547475
352560.0,116706066.16069819,100443533.34543945
352620.0,117005893.76021546,100446351.51124083
352680.0,117309567.00204803,100449220.38083778
352740.0,117616822.24354476,100452140.5376438
352800.0,117927370.08319594,100455112.51545767
352860.0,118240957.35200553,100458136.8046664
352920.0,118557331.86804074,100461213.85245006
352980.0,118876228.29111472,100464344.06058173
353040.0,119197348.18735316,100467527.7798419
353100.0,119520455.36444661,100470765.32063793
353160.0,119845290.54693273,100474056.94911672
353220.0,120171586.99189128,100477402.88593392
353280.0,120499051.64600088,100480803.30182387
353340.0,120827458.21996269,100484258.32897925
353400.0,121156547.37915215,100487768.05547334
353460.0,121486049.53895003,100491332.52355745
353520.0,121815694.58895382,100494951.72961064
353580.0,122145254.89768486,100498625.631387
353640.0,122474478.8147275,100502354.14397323
353700.0,122803096.74393268,100506137.13678068
353760.0,123130864.2518786,100509974.43785176
353820.0,123457554.95736025,100513865.8369563
353880.0,123782927.37376001,100517811.08306292
353940.0,124106714.24386679,100521809.88000491
354000.0,124428699.08483812,100525861.89512438
354060.0,124748658.89884737,100529966.75819907
354120.0,125066364.397913,100534124.06040844
354180.0,125381552.57880135,100538333.34865482
354240.0,125694036.76830123,100542594.13852942
354300.0,126003599.0744327,100546905.90905203
354360.0,126310016.82790345,100551268.10189301
354420.0,126613054.4724076,100555680.11922337
354480.0,126912534.97963741,100560141.33365473
354540.0,127208254.1495033,100564651.08366588
354600.0,127499996.06371735,100569208.67164895
354660.0,127787557.31931493,100573813.36605728
354720.0,128070768.21654426,100578464.40713483
354780.0,128349440.47809796,100583161.00379828
354840.0,128623365.93146072,100587902.33029942
354900.0,128892374.30997959,100592687.53266285
354960.0,129156304.1154705,100597515.73019207
355020.0,129414983.82404739,100602386.0137976
355080.0,129668213.76581918,100607297.44126497
355140.0,129915857.57082252,100612249.04797718
355200.0,130157762.59978555,100617239.84418525
355260.0,130393772.20772132,100622268.81435305
355320.0,130623703.29925296,100627334.91271253
355380.0,130847446.47385706,100632437.07573146
355440.0,131064860.93814673,100637574.21682909
355500.0,131275799.475217,100642745.22531153
355560.0,131480113.72670075,100647948.96619938
355620.0,131677703.94732839,100653184.28845027
355680.0,131868447.45507275,100658450.02110322
355740.0,132052206.78141941,100663744.97080135
355800.0,132228868.65420705,100669067.9258913
355860.0,132398343.25063308,100674417.6603922
355920.0,132560526.26251088,100679792.93156584
355980.0,132715290.19280353,100685192.47602248
356040.0,132862557.11168492,100690615.01809119
356100.0,133002247.30036184,100696059.26952882
356160.0,133134275.00690123,100701523.92851423
356220.0,133258522.85580784,100707007.67433321
356280.0,133374948.44371417,100712509.18002021
356340.0,133483482.27350064,100718027.10780156
356400.0,133584051.07869355,100723560.10847005
356460.0,133676566.28076701,100729106.81881717
356520.0,133761002.55230422,100734665.87228966
356580.0,133837306.88182136,100740235.894334
356640.0,133905416.29661477,100745815.50072739
356700.0,133965277.88016908,100751403.29927734
356760.0,134016876.65900627,100756997.89620969
356820.0,134060178.41365771,100762597.89293365
356880.0,134095130.49719034,100768201.8829478
356940.0,134121715.72145925,100773808.4578072
357000.0,134139929.48171137,100779416.2092398
357060.0,134149756.37550074,100785023.72733194
357120.0,134151154.09106928,100790629.59600863
357180.0,134144141.20665844,100796232.40326726
357240.0,134128723.48095489,100801830.73902099
357300.0,134104902.9070822,100807423.19446482
357360.0,134072651.77625687,100813008.3570877
357420.0,134032020.17062879,100818584.82373424
357480.0,133983025.61597808,100824151.19513275
357540.0,133925680.43275386,100829706.07501824
357600.0,133859992.65237655,100835248.06941041
357660.0,133786022.69007632,100840775.79539946
357720.0,133703806.85502318,100846287.87709346
357780.0,133613367.7552464,100851782.94331485
357840.0,133514749.14167194,100857259.63114154
357900.0,133408021.70844531,100862716.59041686
357960.0,133293240.49930242,100868152.48111564
358020.0,133170438.35080503,100873565.969614
358080.0,133039694.68504809,100878955.7364899
358140.0,132901090.39930002,100884320.47675844
358200.0,132754699.19726883,100889658.89865467
358260.0,132600564.05932799,100894969.71847726
358320.0,132438799.9965157,100900251.67264304
358380.0,132269498.00399055,100905503.51364946
358440.0,132092745.2138926,100910724.0094145
358500.0,131908609.99838819,100915911.94012396
358560.0,131717227.46381547,100921066.10938829
358620.0,131518703.67983656,100926185.33936495
358680.0,131313135.68408968,100931268.4692319
358740.0,131100627.17484306,100936314.35628754
358800.0,130881323.06852426,100941321.88282804
358860.0,130655347.67466596,100946289.95268121
358920.0,130422807.71752484,100951217.48824874
358980.0,130183841.98957679,100956103.43585049
359040.0,129938604.95816319,100960946.76832415
359100.0,129687238.89517598,100965746.48296523
359160.0,129429859.9098191,100970501.5971361
359220.0,129166641.56637633,100975211.15784584
359280.0,128897747.52977775,100979874.2400723
359340.0,128623337.32578053,100984489.94604753
359400.0,128343537.0245044,100989057.39964993
359460.0,128058553.53622842,100993575.75987971
359520.0,127768559.57566506,100998044.21512266
359580.0,127473723.24556626,101002461.98235618
359640.0,127174204.52003135,101006828.3057692
359700.0,126870218.5727368,101011142.46594718
359760.0,126561954.6978457,101015403.77552554
359820.0,126249588.8927038,101019611.57694578
359880.0,125933314.31031659,101023765.24529079
359940.0,125613353.60759223,101027864.19317582
360000.0,125289911.82489616,101031907.8677811
360060.0,124963171.95965347,101035895.74714984
360120.0,124633359.39934672,101039827.34722519
360180.0,124300703.2695356,101043702.2224413
360240.0,123965423.27771324,101047519.96412273
360300.0,123627708.26616205,101051280.19531374
360360.0,123287814.64529954,101054982.58200204
360420.0,122945976.70917386,101058626.82940127
360480.0,122602423.42492874,101062212.68103167
360540.0,122257360.10381417,101065739.91475154
360600.0,121911060.55526628,101069208.354126
360660.0,121563766.6323171,101072617.86307263
360720.0,121215710.35387781,101075968.34419219
360780.0,120867125.10020185,101079259.73896287
360840.0,120518286.7372633,101082492.03477235
360900.0,120169447.11992587,101085665.26088792
360960.0,119820839.1724618,101088779.48527484
361020.0,119472722.1160175,101091834.81893459
361080.0,119125371.50934623,101094831.41858405
361140.0,118779046.73549488,101097769.48392995
361200.0,118433979.01741675,101100649.25295545
361260.0,118090450.72751456,101103471.01038353
361320.0,117748734.27203766,101106235.08598328
361380.0,117409093.60066539,101108941.85312833
361440.0,117071755.12873828,101111591.72252999
361500.0,116737021.19336641,101114185.15480731
361560.0,116405157.69010425,101116722.6543983
361620.0,116076421.89829518,101119204.76809399
361680.0,115751055.08311631,101121632.08234663
361740.0,115429352.56400062,101124005.23220262
361800.0,115111577.60788184,101126324.89594653
361860.0,114797976.040911,101128591.7921735
361920.0,114488802.21546552,101130806.68116942
361980.0,114184337.86072917,101132970.36941399
362040.0,113884840.03147012,101135083.70545346
362100.0,113590538.60778925,101137147.57536271
362160.0,113301696.48507321,101139162.90818405
362220.0,113018577.09874263,101141130.67598106
362280.0,112741426.5063839,101143051.89092481
362340.0,112470453.74366121,101144927.59913026
362400.0,112205925.3317084,101146758.8901456
362460.0,111948081.35896078,101148546.89254071
362520.0,111697148.83242708,101150292.77170983
362580.0,111453319.63100779,101151997.7240281
362640.0,111216849.88531558,101153662.9874565
362700.0,110987954.04191001,101155289.83461192
362760.0,110766829.17481562,101156879.56986502
362820.0,110553661.63757332,101158433.52754119
362880.0,110348675.06483752,101159953.07805991
362940.0,110152058.65433572,101161439.62221205
363000.0,109963974.3442158,101162894.58662891
363060.0,109784597.87957719,101164319.42604272
363120.0,109614115.320593,101165715.6249678
363180.0,109452685.64719741,101167084.69320208
363240.0,109300430.77753197,101168428.15968445
363300.0,109157511.14701258,101169747.57884008
363360.0,109024070.61430179,101171044.52782217
363420.0,108900233.49200428,101172320.60326615
363480.0,108786077.3845199,101173577.41356349
363540.0,108681743.36732647,101174816.58932742
363600.0,108587329.19409369,101176039.77622591
363660.0,108502914.12343547,101177248.63191758
363720.0,108428548.18248364,101178444.82121988
363780.0,108364329.76875173,101179630.0240811
363840.0,108310314.32717517,101180805.92848463
363900.0,108266531.51709124,101181974.22619092
363960.0,108233007.1700256,101183136.6121032
364020.0,108209789.24812004,101184294.78791267
364080.0,108196891.04675573,101185450.45637985
364140.0,108194291.19344684,101186605.31562142
364200.0,108201990.25389262,101187761.06272821
364260.0,108219984.96631035,101188919.39313565
364320.0,108248246.0369008,101190081.99633785
364380.0,108286700.948268,101191250.54877518
364440.0,108335325.24903639,101192426.72175844
364500.0,108394065.00106181,101193612.17661923
364560.0,108462847.35372971,101194808.5616056
364620.0,108541555.43894376,101196017.50464943
364680.0,108630135.76230812,101197240.62380996
364740.0,108728487.4136221,101198479.51948193
364800.0,108836489.35673511,101199735.7710999
364860.0,108954003.1976045,101201010.93430111
364920.0,109080928.78008422,101202306.54723202
364980.0,109217128.02227686,101203624.12432802
365040.0,109362434.9776017,101204965.15175295
365100.0,109516693.26206428,101206331.08899377
365160.0,109679759.80767086,101207723.37107044
365220.0,109851463.33598106,101209143.40392159
365280.0,110031597.16529703,101210592.558613
365340.0,110219991.28798307,101212072.17738938
365400.0,110416464.24864724,101213583.57181817
365460.0,110620816.25244425,101215128.01980384
365520.0,110832804.69624473,101216706.75858854
365580.0,111052250.88123795,101218320.9952737
365640.0,111278939.99239889,101219971.90091813
365700.0,111512643.20348236,101221660.60826884
365760.0,111753104.05131195,101223388.20725884
365820.0,112000123.49234192,101225155.75445993
365880.0,112253464.24113983,101226964.26683885
365940.0,112512870.6948538,101228814.71878637
366000.0,112778086.89306837,101230708.04209365
366060.0,113048889.64613155,101232645.13135836
366120.0,113325027.47582708,101234626.8393794
366180.0,113606223.21666524,101236653.97298211
366240.0,113892226.58182055,101238727.29745929
366300.0,114182795.34510672,101240847.53792574
366360.0,114477668.87653258,101243015.3763369
366420.0,114776553.40598784,101245231.44609778
366480.0,115079209.20128311,101247496.34094964
366540.0,115385379.77943374,101249810.61226058
366600.0,115694799.29643707,101252174.76752804
366660.0,116007164.16606683,101254589.26423864
366720.0,116322247.45473889,101257054.52245043
366780.0,116639783.50144917,101259570.91848822
366840.0,116959497.54465075,101262138.78349087
366900.0,117281104.0309614,101264758.40168342
366960.0,117604369.04177168,101267430.01885806
367020.0,117929029.49099495,101270153.83763723
367080.0,118254805.39632699,101272930.01474719
367140.0,118581432.8241131,101275758.66367827
367200.0,118908674.30975574,101278639.85904528
367260.0,119236272.65316693,101281573.63339491
367320.0,119563945.81897219,101284559.97318348
367380.0,119891454.56302072,101287598.82580309
367440.0,120218560.79021169,101290690.0998012
367500.0,120545015.98221993,101293833.66321057
367560.0,120870538.70606728,101297029.3382094
367620.0,121194916.9827265,101300276.91249445
367680.0,121517914.50643505,101303576.13533941
367740.0,121839289.22872585,101306926.71668929
367800.0,122158776.07590586,101310328.3234363
367860.0,122476178.88020127,101313780.59069398
367920.0,122791269.61912042,101317283.11662817
367980.0,123103810.417079,101320835.46088064
368040.0,123413566.84179798,101324437.14516185
368100.0,123720347.73034827,101328087.66033466
368160.0,124023939.08948529,101331786.4627188
368220.0,124324108.69463573,101335532.97114833
368280.0,124620654.20055138,101339326.57186995
368340.0,124913390.76236576,101343166.62142044
368400.0,125202119.66474952,101347052.44439167
368460.0,125486615.48550378,101350983.3291077
368520.0,125766709.10593155,101354958.53682129
368580.0,126042223.0122718,101358977.3003693
368640.0,126312974.73186854,101363038.82338876
368700.0,126578746.52429911,101367142.27460128
368760.0,126839403.3825724,101371286.80130287
368820.0,127094775.88962184,101375471.52378348
368880.0,127344690.19414537,101379695.5346277
368940.0,127588961.95470676,101383957.89703137
369000.0,127827465.89430845,101388257.65442929
369060.0,128060049.61149758,101392593.8261017
369120.0,128286548.01611052,101396965.4051313
369180.0,128506811.8605083,101401371.36099923
369240.0,128720724.89502677,101405810.64496641
369300.0,128928152.54615083,101410282.1871112
369360.0,129128938.85911067,101414784.89287338
369420.0,129322970.08926065,101419317.6499298
369480.0,129510139.3272593,101423879.32931878
369540.0,129690330.13488406,101428468.78390647
369600.0,129863395.95308161,101433084.84351186
369660.0,130029258.84124878,101437726.32606304
369720.0,130187821.44282435,101442392.0344559
369780.0,130338982.23238347,101447080.75588992
369840.0,130482614.52951859,101451791.2578
369900.0,130618666.10671964,101456522.29994905
369960.0,130747052.73372325,101461272.6292442
370020.0,130867682.58523066,101466040.97851548
370080.0,130980465.03877608,101470826.0667224
370140.0,131085357.66547912,101475626.60677731
370200.0,131182294.79997894,101480441.30178432
370260.0,131271194.3901244,101485268.84239173
370320.0,131352001.9926737,101490107.91127545
370380.0,131424685.02678698,101494957.18668701
370440.0,131489196.45408273,101499815.34011547
370500.0,131545464.03322539,101504681.03221151
370560.0,131593469.58259939,101509552.92154934
370620.0,131633190.38849533,101514429.66389464
370680.0,131664598.07202618,101519309.91128993
370740.0,131687630.21569374,101524192.30654879
370800.0,131702304.95176475,101529075.49629721
370860.0,131708609.43158092,101533958.12595832
370920.0,131706526.65437108,101538838.83908166
370980.0,131696025.8986314,101543716.27512558
371040.0,131677139.76184288,101548589.07969975
371100.0,131649872.5351843,101553455.89998358
371160.0,131614217.05004235,101558315.38287236
371220.0,131570178.88260044,101563166.17703749
371280.0,131517800.48274541,101568006.93888392
371340.0,131457104.79138198,101572836.32939167
371400.0,131388094.44109288,101577653.01083137
371460.0,131310811.30500346,101582455.65310146
371520.0,131225307.64214428,101587242.93539944
371580.0,131131625.01029834,101592013.5444863
371640.0,131029775.79893436,101596766.16997136
371700.0,130919838.15543655,101601499.51492463
371760.0,130801874.09006979,101606212.29326148
371820.0,130675941.41004765,101610903.2290557
371880.0,130542069.1486119,101615571.0518888
371940.0,130400364.73022287,101620214.50949137
372000.0,130250902.1546844,101624832.36233737
372060.0,130093748.87418462,101629423.38257796
372120.0,129928970.06596434,101633986.35366525
372180.0,129756682.76374796,101638520.07870317
372240.0,129576979.37917872,101643023.37646274
372300.0,129389936.89530686,101647495.07888319
372360.0,129195656.52650069,101651934.03496563
372420.0,128994264.7770843,101656339.11483388
372480.0,128785872.32786795,101660709.20716844
372540.0,128570565.53343251,101665043.21527383
372600.0,128348481.48461582,101669340.06523669
372660.0,128119755.96523514,101673598.70569715
372720.0,127884517.7236672,101677818.10669813
372780.0,127642862.26364535,101681997.25431713
372840.0,127394962.321024,101686135.16308229
372900.0,127140962.69553179,101690230.87145437
372960.0,126881003.748661,101694283.44109356
373020.0,126615208.34483017,101698291.95402645
373080.0,126343766.02118474,101702255.52335215
373140.0,126066836.40525733,101706173.28840792
373200.0,125784568.40130717,101710044.41302414
373260.0,125497119.86285554,101713868.0869431
373320.0,125204688.63390167,101717643.53222547
373380.0,124907451.3631205,101721369.99981843
373440.0,124605564.96890214,101725046.7663623
373500.0,124299221.73657277,101728673.1398515
373560.0,123988627.20692907,101732248.46173826
373620.0,123673974.39776833,101735772.10489485
373680.0,123355427.53581822,101739243.46896532
373740.0,123033212.59688039,101742661.99025732
373800.0,122707542.01096815,101746027.13953833
373860.0,122378623.12991086,101749338.42119303
373920.0,122046630.08465303,101752595.36786559
373980.0,121711818.04757124,101755797.55343911
374040.0,121374406.4591058,101758944.58727062
374100.0,121034608.19332755,101762036.1131096
374160.0,120692629.16564661,101765071.80795446
374220.0,120348729.41447717,101768051.39070362
374280.0,120003141.73153558,101770974.61775409
374340.0,119656083.07403235,101773841.28043342
374400.0,119307789.64038984,101776651.2080552
374460.0,118958524.72365846,101779404.27223012
374520.0,118608532.76654854,101782100.38381203
374580.0,118258032.99842733,101784739.48882799
374640.0,117907290.0223529,101787321.57571678
374700.0,117556568.3747902,101789846.67528427
374760.0,117206122.0378325,101792314.85897985
374820.0,116856170.27318285,101794726.2333058
374880.0,116507003.77835476,101797080.95122275
374940.0,116158885.86701697,101799379.20773032
375000.0,115812072.43464456,101801621.23864663
375060.0,115466795.20548324,101803807.31670883
375120.0,115123353.03122123,101805937.76228057
375180.0,114782010.08532664,101808012.93776801
375240.0,114443017.23512127,101810033.24545868
375300.0,114106627.00500226,101811999.12775436
375360.0,113773131.52017653,101813911.07346927
375420.0,113442796.17445458,101815769.61352056
375480.0,113115863.17194024,101817575.31718923
375540.0,112792602.12739821,101819328.79646869
375600.0,112473294.54434331,101821030.70793001
375660.0,112158203.026077,101822681.74966747
375720.0,111847556.9490589,101824282.6559593
375780.0,111541638.79539342,101825834.2057181
375840.0,111240715.03746851,101827337.21989943
375900.0,110945040.95107459,101828792.55968094
375960.0,110654828.51650004,101830201.11952084
376020.0,110370368.3168834,101831563.83967361
376080.0,110091906.96254277,101832881.699138
376140.0,109819678.54892218,101834155.71362992
376200.0,109553899.37765655,101835386.93271509
376260.0,109294836.32385296,101836576.44784681
376320.0,109042719.86595853,101837725.38652956
376380.0,108797757.66849753,101838834.90865326
376440.0,108560165.13312933,101839906.20770082
376500.0,108330180.09672831,101840940.5142967
376560.0,108108011.57801254,101841939.09158535
376620.0,107893835.44930159,101842903.22992498
376680.0,107687860.93547593,101843834.25217816
376740.0,107490291.50282453,101844733.51276913
376800.0,107301309.44134,101845602.39428641
376860.0,107121053.59204422,101846442.30054301
376920.0,106949721.91020079,101847254.66596957
376980.0,106787478.40996493,101848040.95018795
377040.0,106634469.75874664,101848802.63523068
377100.0,106490804.74987817,101849541.21949713
377160.0,106356653.59905744,101850258.2275117
377220.0,106232140.26062174,101850955.20254481
377280.0,106117366.35953857,101851633.70304687
377340.0,106012421.6760213,101852295.30075286
377400.0,105917429.57249905,101852941.5860107
377460.0,105832475.27143873,101853574.16170382
377520.0,105757611.85977986,101854194.63813391
377580.0,105692906.93102981,101854804.63532013
377640.0,105638434.0225828,101855405.78393582
377700.0,105594236.96324004,101855999.72058067
377760.0,105560317.9218001,101856588.081159
377820.0,105536720.28545837,101857172.50742616
377880.0,105523466.00466391,101857754.64358005
377940.0,105520556.09994519,101858336.13293652
378000.0,105527940.72856355,101858918.60985646
378060.0,105545638.35496826,101859503.71059366
378120.0,105573618.91995162,101860093.06559356
378180.0,105611832.67605118,101860688.2963742
378240.0,105660201.73749447,101861291.01106982
378300.0,105718696.59594831,101861902.81211421
378360.0,105787244.02928382,101862525.28931326
378420.0,105865743.66802597,101863160.01555055
378480.0,105954094.66160804,101863808.54672462
378540.0,106052218.034473,101864472.42522958
378600.0,106160000.80432342,101865153.1745765
378660.0,106277294.53713387,101865852.29379098
378720.0,106403978.28978856,101866571.26178782
378780.0,106539926.74051796,101867311.53669336
378840.0,106684990.54501258,101868074.55205737
378900.0,106838976.8499447,101868861.70998262
378960.0,107001748.51404093,101869674.3899706
379020.0,107173137.9633338,101870513.94412182
379080.0,107352960.99917169,101871381.69452624
379140.0,107540993.22645377,101872278.92692566
379200.0,107737077.57867,101873206.90139587
379260.0,107941011.82734857,101874166.84522215
379320.0,108152575.59754948,101875159.95005485
379380.0,108371536.78252915,101876187.37008213
379440.0,108597704.7633333,101877250.22861995
379500.0,108830854.14051595,101878349.61263764
379560.0,109070733.6484767,101879486.56869768
379620.0,109317108.80834171,101880662.10564087
379680.0,109569760.80735068,101881877.19709183
379740.0,109828446.45048153,101883132.77763432
379800.0,110092888.95101516,101884429.73753534
379860.0,110362856.82119313,101885768.92993523
379920.0,110638108.37919398,101887151.16926707
379980.0,110918387.91944365,101888577.22907287
380040.0,111203398.35862027,101890047.83550318
380100.0,111492916.37373945,101891563.67899776
380160.0,111786682.49988727,101893125.40860963
380220.0,112084426.77860387,101894733.63038178
380280.0,112385856.97027494,101896388.90386552
380340.0,112690742.50007492,101898091.75188512
380400.0,112998817.56218033,101899842.65500978
380460.0,113309800.20529431,101901642.04904073
380520.0,113623414.46729453,101903490.32599096
380580.0,113939419.90550253,101905387.83971938
380640.0,114257550.90793073,101907334.9019937
380700.0,114577517.60483067,101909331.77870022
380760.0,114899064.28044102,101911378.6952621
380820.0,115221944.437296,101913475.83812362
380880.0,115545896.34028535,101915623.35238041
380940.0,115870625.73356754,101917821.33668993
381000.0,116195900.5824947,101920069.8531066
381060.0,116521471.60242699,101922368.92439449
381120.0,116847082.44648296,101924718.53294645
381180.0,117172442.35507967,101927118.61539918
381240.0,117497340.99183713,101929569.07532622
381300.0,117821530.65238416,101932069.77738397
381360.0,118144755.53235044,101934620.54606788
381420.0,118466753.24930531,101937221.16470926
381480.0,118787315.17643447,101939871.38396244
381540.0,119106204.90122807,101942570.91746098
381600.0,119423169.28683047,101945319.43921718
381660.0,119737976.39465311,101948116.58698568
381720.0,120050421.21904542,101950961.96652545
381780.0,120360280.46015488,101953855.14874981
381840.0,120667305.34587502,101956795.66575123
381900.0,120971296.04474102,101959783.01852092
381960.0,121272052.68424724,101962816.67696668
382020.0,121569366.51673146,101965896.07854351
382080.0,121862994.46300776,101969020.62288782
382140.0,122152770.11593992,101972189.6838853
382200.0,122438499.90748201,101975402.60542746
382260.0,122719985.14031853,101978658.70062993
382320.0,122997006.30146122,101981957.24858987
382380.0,123269414.57974634,101985297.50550674
382440.0,123537029.21792294,101988678.69968817
382500.0,123799658.87583315,101992100.02991186
382560.0,124057118.99736062,101995560.66651279
382620.0,124309268.5282605,101999059.75822704
382680.0,124555943.72188,102002596.42865093
382740.0,124796961.2016656,102006169.77318347
382800.0,125032172.00565721,102009778.86444247
382860.0,125261443.35362256,102013422.75481847
382920.0,125484629.00946562,102017100.47438203
382980.0,125701553.99445541,102020811.02639833
383040.0,125912105.41774385,102024553.39707366
383100.0,126116159.13665251,102028326.55380654
383160.0,126313586.32361054,102032129.4444689
383220.0,126504222.07596368,102035960.99177302
383280.0,126687988.54795395,102039820.10691957
383340.0,126864770.93928616,102043705.68382244
383400.0,127034449.33276121,102047616.5983215
383460.0,127196895.33882199,102051551.70687109
383520.0,127352040.17413472,102055509.85588035
383580.0,127499787.28388104,102059489.87737699
383640.0,127640025.80150118,102063490.5867802
383700.0,127772664.05104268,102067510.78591457
383760.0,127897642.4170957,102071549.26803327
383820.0,128014882.70833422,102075604.81492092
383880.0,128124283.19045834,102079676.19322282
383940.0,128225789.04301967,102083762.16178818
384000.0,128319349.87356585,102087861.47236815
384060.0,128404905.92501451,102091972.86815828
384120.0,128482364.63593726,102096095.0786812
384180.0,128551708.1393802,102100226.83146282
384240.0,128612895.28604524,102104366.84839825
384300.0,128665880.30252476,102108513.84503433
384360.0,128710593.27707766,102112666.52680643
384420.0,128747039.89741307,102116823.60084586
384480.0,128775192.74233705,102120983.77081175
384540.0,128795015.26078434,102125145.73546927
384600.0,128806474.5120975,102129308.18925658
384660.0,128809585.45195915,102133469.82975926
384720.0,128804339.1446869,102137629.3539818
384780.0,128790708.2427541,102141785.455477
384840.0,128768696.80952592,102145936.82924594
384900.0,128738329.03837132,102150082.17487481
384960.0,128699614.46748659,102154220.19424708
385020.0,128652534.92469643,102158349.58722363
385080.0,128597131.49253067,102162469.0608767
385140.0,128533437.56317504,102166577.3282863
385200.0,128461481.12582473,102170673.10769401
385260.0,128381253.14717485,102174755.11673301
385320.0,128292831.72673957,102178822.08599648
385380.0,128196259.40800895,102182872.75349174
385440.0,128091574.04661335,102186905.86390474
385500.0,127978801.35031143,102190920.16670418
385560.0,127858030.76545256,102194914.42605662
385620.0,127729322.47728771,102198887.41626221
385680.0,127592723.4090096,102202837.9196836
385740.0,127448296.19256747,102206764.7291832
385800.0,127296139.33161466,102210666.65369369
385860.0,127136331.3245387,102214542.51509483
385920.0,126968928.08119194,102218391.14469156
385980.0,126794029.0972009,102222211.38998187
386040.0,126611741.8340284,102226002.1158824
386100.0,126422163.00717685,102229762.203045
386160.0,126225357.401745,102233490.54288319
386220.0,126021461.27706066,102237186.0486676
386280.0,125810590.91679244,102240847.65240604
386340.0,125592857.80479623,102244474.30408369
386400.0,125368345.37700497,102248064.96729377
386460.0,125137216.57160883,102251618.63157018
386520.0,124899599.61703762,102255134.30697928
386580.0,124655614.56905067,102258611.02283557
386640.0,124405381.29211564,102262047.82765698
386700.0,124149071.18178087,102265443.7971456
386760.0,123886830.14873275,102268798.03021286
386820.0,123618786.53668104,102272109.64623682
386880.0,123345096.34835882,102275377.78933579
386940.0,123065939.10172111,102278601.63199547
387000.0,122781478.0333977,102281780.37252282
387060.0,122491849.3823587,102284913.23084089
387120.0,122197244.88304661,102287999.4570734
387180.0,121897851.71731836,102291038.3308159
387240.0,121593849.95859107,102294029.1600114
387300.0,121285383.20515749,102296971.27527788
387360.0,120972678.36689961,102299864.04279518
387420.0,120655929.66975799,102302706.85921565
387480.0,120335325.98805295,102305499.15081194
387540.0,120011039.68502332,102308240.37089774
387600.0,119683309.97391906,102310930.01015519
387660.0,119352344.67439878,102313567.59174691
387720.0,119018338.62768872,102316152.66928266
387780.0,118681497.87947333,102318684.82852916
387840.0,118342067.09345391,102321163.69335976
387900.0,118000268.55701764,102323588.92226365
387960.0,117656301.92050944,102325960.2048183
388020.0,117310405.70919947,102328277.26767656
388080.0,116962828.72869226,102330539.87612754
388140.0,116613806.34967107,102332747.83198988
388200.0,116263541.54475029,102334900.9685761
388260.0,115912303.78162874,102336999.16094406
388320.0,115560344.34129402,102339042.32305475
388380.0,115207907.80713426,102341030.40670747
388440.0,114855204.9445804,102342963.396287
388500.0,114502527.88630114,102344841.32130475
388560.0,114150130.41893478,102346664.25044274
388620.0,113798256.90913057,102348432.29006891
388680.0,113447145.32217509,102350145.58321989
388740.0,113097086.34201463,102351804.3177096
388800.0,112748340.94354068,102353408.72150987
388860.0,112401150.58509819,102354959.05970825
388920.0,112055777.66757572,102356455.63771008
388980.0,111712508.48158212,102357898.80489254
389040.0,111371608.12645042,102359288.95130241
389100.0,111033311.92833158,102360626.50303364
389160.0,110697903.43139243,102361911.92963375
389220.0,110365661.04156826,102363145.74327826
389280.0,110036850.37133563,102364328.49676594
389340.0,109711696.8366884,102365460.77729298
389400.0,109390501.28889336,102366543.21804978
389460.0,109073530.20326345,102367576.4928896
389520.0,108761039.3245479,102368561.31464432
389580.0,108453258.5032229,102369498.43110646
389640.0,108150482.86806875,102370388.63505425
389700.0,107852968.61448927,102371232.75822276
389760.0,107560953.74583152,102372031.6684733
389820.0,107274677.35402331,102372786.2699333
389880.0,106994414.39543226,102373497.50848755
389940.0,106720408.97154503,102374166.36699855
390000.0,106452876.22754167,102374793.86082326
390060.0,106192059.38497993,102375381.04210678
390120.0,105938207.95487691,102375929.00072147
390180.0,105691548.63533978,102376438.86072986
390240.0,105452268.32036832,102376911.77423841
390300.0,105220609.02155147,102377348.92984907
390360.0,104996789.34706187,102377751.549034
390420.0,104781012.23531123,102378120.88370225
390480.0,104573433.61166663,102378458.2089524
390540.0,104374286.17205115,102378764.83484933
390600.0,104183753.12471093,102379042.09879555
390660.0,104001999.75349647,102379291.36275725
390720.0,103829171.41876853,102379514.010186
390780.0,103665460.6939311,102379711.45325121
390840.0,103511018.85364625,102379885.12647817
390900.0,103365968.5556921,102380036.48233837
390960.0,103230439.85624719,102380166.9923712
391020.0,103104580.53557464,102380278.14988895
391080.0,102988505.4759196,102380371.46491289
391140.0,102882290.42318691,102380448.45815699
391200.0,102786046.14053588,102380510.66639048
391260.0,102699871.77278979,102380559.64064386
391320.0,102623842.24740915,102380596.94248483
391380.0,102557983.08070986,102380624.1364352
391440.0,102502382.77459094,102380642.79962315
391500.0,102457089.08797774,102380654.51552941
391560.0,102422129.50683144,102380660.87087591
391620.0,102397492.4142608,102380663.44963238
391680.0,102383227.10885276,102380663.84234978
391740.0,102379333.57590626,102380663.63860244
391800.0,102385786.29659854,102380664.42308299
391860.0,102402549.18384057,102380667.77398802
391920.0,102429618.55596186,102380675.26798403
391980.0,102466951.04207477,102380688.47413345
392040.0,102514468.42349924,102380708.94856708
392100.0,102572110.85112604,102380738.23730503
392160.0,102639822.66341259,102380777.87690511
392220.0,102717518.50132748,102380829.38992704
392280.0,102805069.14400803,102380894.2782345
392340.0,102902393.04517089,102380974.03030163
392400.0,103009384.9065091,102381070.11759156
392460.0,103125920.05212443,102381183.99160692
392520.0,103251821.22301604,102381317.07586731
392580.0,103386988.44931625,102381470.77774313
392640.0,103531270.3098267,102381646.4806056
392700.0,103684497.34499998,102381845.54108909
392760.0,103846476.02119197,102382069.28543375
392820.0,104017064.45387618,102382319.01739778
392880.0,104196078.7865193,102382596.01186465
392940.0,104383309.09190677,102382901.51088436
393000.0,104578551.31458154,102383236.72459485
393060.0,104781625.66108508,102383602.83494997
393120.0,104992321.2330031,102384000.99099362
393180.0,105210392.82385218,102384432.30364934
393240.0,105435631.15507661,102384897.85123117
393300.0,105667823.87929629,102385398.67900053
393360.0,105906738.4759122,102385935.79611415
393420.0,106152099.91318469,102386510.16916844
393480.0,106403699.1830311,102387122.73229957
393540.0,106661296.86857449,102387774.38257192
393600.0,106924640.45386624,102388465.97800961
393660.0,107193442.09806792,102389198.3322422
393720.0,107467486.93309721,102389972.22565898
393780.0,107746517.69401428,102390788.39897428
393840.0,108030261.45538506,102391647.55087197
393900.0,108318439.96607646,102392550.33722614
393960.0,108610820.49579121,102393497.37806661
394020.0,108907138.70902342,102394489.25279342
394080.0,109207106.21994457,102395526.49654603
394140.0,109510459.23132844,102396609.60398017
394200.0,109816951.87951574,102397739.0320282
394260.0,110126317.37087932,102398915.19674267
394320.0,110438256.33162756,102400138.46837002
394380.0,110752523.79397847,102401409.17966253
394440.0,111068864.97415662,102402727.62441374
394500.0,111387014.70432512,102404094.05590878
394560.0,111706666.55017793,102405508.6806798
394620.0,112027598.20643593,102406971.67133294
394680.0,112349549.62225156,102408483.16083598
394740.0,112672252.73100314,102410043.24133
394800.0,112995421.5406902,102411651.96143629
394860.0,113318835.54537572,102413309.3362401
394920.0,113642240.56395963,102415015.34219994
394980.0,113965367.02420314,102416769.91483887
395040.0,114287956.90627098,102418572.95053014
395100.0,114609789.52674347,102420424.31219698
395160.0,114930620.7010118,102422323.82576954
395220.0,115250181.7729975,102424271.27649784
395280.0,115568245.05645129,102426266.41520154
395340.0,115884591.87609056,102428308.95966366
395400.0,116198990.1292381,102430398.59261808
395460.0,116511174.02164115,102432534.95666435
395520.0,116820948.11202887,102434717.66497068
395580.0,117128097.47112842,102436946.29834034
395640.0,117432401.0989595,102439220.40431556
395700.0,117733605.50087376,102441539.49227561
395760.0,118031541.09266704,102443903.04618715
395820.0,118326000.67876631,102446310.5189221
395880.0,118616768.62046336,102448761.33100176
395940.0,118903625.99209678,102451254.870123
396000.0,119186409.16233413,102453790.49956122
396060.0,119464926.72754931,102456367.55398147
396120.0,119738969.36358269,102458985.33674571
396180.0,120008353.68627791,102461643.12386514
396240.0,120272922.84278257,102464340.1680382
396300.0,120532502.01223032,102467075.695948
396360.0,120786888.8865359,102469848.90412098
396420.0,121035936.36298858,102472658.96730532
396480.0,121279494.96582618,102475505.03812835
396540.0,121517407.03593487,102478386.24587502
396600.0,121749477.78236164,102481301.69088812
396660.0,121975596.93796209,102484250.45737535
396720.0,122195622.82354583,102487231.6086709
396780.0,122409408.46490347,102490244.18645045
396840.0,122616787.60109922,102493287.20783156
396900.0,122817666.54088353,102496359.67636263
396960.0,123011918.57228363,102499460.57704218
397020.0,123199404.82824376,102502588.8744959
397080.0,123379996.39036131,102505743.51449527
397140.0,123553607.85266735,102508923.43054575
397200.0,123720130.50993045,102512127.54037647
397260.0,123879433.75928596,102515354.74264483
397320.0,124031426.25612783,102518603.92287943
397380.0,124176030.99695307,102521873.95565523
397440.0,124313157.41576646,102525163.70255439
397500.0,124442683.26189953,102528472.00739354
397560.0,124564554.92806841,102531797.70659678
397620.0,124678703.87107648,102535139.62694755
397680.0,124785056.33533777,102538496.5848094
397740.0,124883502.68109694,102541867.38072073
397800.0,124974022.93304133,102545250.81293075
397860.0,125056558.43178324,102548645.67156728
397920.0,125131043.87835866,102552050.73764189
397980.0,125197407.43090463,102555464.78207023
398040.0,125255637.6439276,102558886.5747838
398100.0,125305694.12579042,102562314.88036798
398160.0,125347520.02253835,102565748.4555853
398220.0,125381081.35407996,102569186.0528278
398280.0,125406375.1791029,102572626.42479621
398340.0,125423379.37410808,102576068.32161039
398400.0,125432045.50514385,102579510.48684888
398460.0,125432377.49708945,102582951.665438
398520.0,125424380.87663402,102586390.60389195
398580.0,125408051.77700828,102589826.04889768
398640.0,125383350.15203327,102593256.74186927
398700.0,125350317.85872266,102596681.43127738
398760.0,125308968.84999661,102600098.8684454
398820.0,125259311.79814354,102603507.80675288
398880.0,125201332.10343999,102606906.99813323
398940.0,125135092.47348608,102610295.20470193
399000.0,125060620.94045693,102613671.19353439
399060.0,124977934.53278834,102617033.73500773
399120.0,124887056.52764688,102620381.60373783
399180.0,124788058.01252909,102623713.58576229
399240.0,124680985.20610975,102627028.4747945
399300.0,124565863.4442213,102630325.06907994
399360.0,124442753.87818442,102633602.1767736
399420.0,124311735.91582952,102636858.61867522
399480.0,124172873.91937172,102640093.22595981
399540.0,124026201.47374588,102643304.83554798
399600.0,123871817.58182245,102646492.2999243
399660.0,123709809.89999403,102649654.48542199
399720.0,123540260.73283328,102652790.27140929
399780.0,123363212.26160857,102655898.54425788
399840.0,123178800.86856987,102658978.21147342
399900.0,122987122.50653158,102662028.19561371
399960.0,122788267.59932457,102665047.43344805
400020.0,122582316.02848843,102668034.87436527
400080.0,122369412.26143506,102670989.4900502
400140.0,122149670.15614241,102673910.26987717
400200.0,121923188.11864527,102676796.21858013
400260.0,121690083.61227936,102679646.35909784
400320.0,121450509.02336626,102682459.7377945
400380.0,121204595.9461127,102685235.4213264
400440.0,120952450.57457276,102687972.49282075
400500.0,120694227.76940544,102690670.05915432
400560.0,120430087.6028523,102693327.25171629
400620.0,120160179.16184048,102695943.22474462
400680.0,119884616.15332417,102698517.15001096
400740.0,119603590.56234863,102701048.22852756
400800.0,119317269.82081272,102703535.68684976
400860.0,119025815.71394074,102705978.7762117
400920.0,118729362.42317955,102708376.76837675
400980.0,118428125.32078066,102710728.96777111
401040.0,118122283.19499715,102713034.70598584
401100.0,117812004.59342796,102715293.34022482
401160.0,117497460.00475419,102717504.25357579
401220.0,117178871.28114861,102719666.86267217
401280.0,116856433.40394661,102721780.61365023
401340.0,116530321.01457402,102723844.97908616
401400.0,116200740.22075301,102725859.46267982
401460.0,115867918.58354256,102727823.60243784
401520.0,115532066.4574468,102729736.96807666
401580.0,115193363.6823515,102731599.15643975
401640.0,114852051.06406294,102733409.80058491
401700.0,114508360.84936303,102735168.56847867
401760.0,114162517.68145485,102736875.16183487
401820.0,113814705.42077044,102738529.30999956
401880.0,113465198.3629234,102740130.78343236
401940.0,113114232.1062131,102741679.38789912
402000.0,112762035.38648458,102743174.96342129
402060.0,112408820.9262086,102744617.38186075
402120.0,112054868.59199224,102746006.5569145
402180.0,111700424.41272144,102747342.43903531
402240.0,111345718.25837018,102748625.01299404
402300.0,110990993.27310562,102749854.29983371
402360.0,110636529.43952888,102751030.3623359
402420.0,110282582.23256335,102752153.3013355
402480.0,109929380.38575916,102753223.25170587
402540.0,109577195.13848293,102754240.38866918
402600.0,109226304.07873702,102755204.92871241
402660.0,108876969.50506066,102756117.1272784
402720.0,108529416.23092581,102756977.27315202
402780.0,108183940.75239646,102757785.69911347
402840.0,107840815.21482098,102758542.77827875
402900.0,107500302.37961978,102759248.9226721
402960.0,107162629.38277207,102759904.57789248
403020.0,106828105.00281215,102760510.23524323
403080.0,106496995.51688431,102761066.4253715
403140.0,106169553.60446462,102761573.71621522
403200.0,105846025.22423218,102762032.71197535
403260.0,105526707.06005625,102762444.06063597
403320.0,105211862.12964107,102762808.44892354
403380.0,104901728.68912636,102763126.59859484
403440.0,104596567.1384367,102763399.26970427
403500.0,104296657.46145548,102763627.26348743
403560.0,104002254.71014428,102763811.41862372
403620.0,103713577.85044764,102763952.60584414
403680.0,103430896.84595016,102764051.73548745
403740.0,103154469.89101708,102764109.75572158
403800.0,102884538.91212998,102764127.65009846
403860.0,102621298.29377052,102764106.43046448
403920.0,102365022.30138291,102764047.14880538
403980.0,102115941.89631635,102763950.89078481
404040.0,101874272.80723296,102763818.7734573
404100.0,101640202.09397256,102763651.9409882
404160.0,101413980.0390839,102763451.57401937
404220.0,101195812.36900528,102763218.88302858
404280.0,100985880.54735814,102762955.10470629
404340.0,100784366.20015092,102762661.5019604
404400.0,100591482.68660726,102762339.36860499
404460.0,100407407.47544715,102761990.0240132
404520.0,100232282.31495273,102761614.80780007
404580.0,100066278.14233245,102761215.08413619
404640.0,99909566.13011345,102760792.24176459
404700.0,99762290.38771039,102760347.68997008
404760.0,99624547.95743886,102759882.85158695
404820.0,99496494.3629572,102759399.17165683
404880.0,99378253.94038822,102758898.1127903
404940.0,99269931.09706935,102758381.15220122
405000.0,99171579.74724947,102757849.7742153
405060.0,99083330.31709892,102757305.48159833
405120.0,99005258.50938025,102756749.78743775
405180.0,98937417.38813992,102756184.21178259
405240.0,98879839.24623413,102755610.27856293
405300.0,98832601.97719526,102755029.52233772
405360.0,98795738.3301042,102754443.4816047
405420.0,98769247.8199816,102753853.69387913
405480.0,98753139.33774374,102753261.69708183
405540.0,98747436.71963678,102752669.03175007
405600.0,98752128.62736385,102752077.23583226
405660.0,98767160.23628484,102751487.838258
405720.0,98792516.679956,102750902.36485393
405780.0,98828167.67305104,102750322.33606614
405840.0,98874058.12393878,102749749.26329677
405900.0,98930079.55591363,102749184.64101924
405960.0,98996194.44925514,102748629.95727822
406020.0,99072319.79953195,102748086.68697265
406080.0,99158352.16201967,102747556.28884543
406140.0,99254150.65646853,102747040.1999649
406200.0,99359638.45889306,102746539.84520255
406260.0,99474688.9856291,102746056.62989321
406320.0,99599149.70498535,102745591.93601769
406380.0,99732862.17973754,102745147.12134823
406440.0,99875702.49595667,102744723.52456267
406500.0,100027508.22744831,102744322.45957416
406560.0,100188081.9186331,102743945.21037981
406620.0,100357252.00081302,102743593.03490251
406680.0,100534852.06372531,102743267.16577132
406740.0,100720688.63771516,102742968.8063484
406800.0,100914524.30439943,102742699.12426847
406860.0,101116179.50186265,102742459.25999735
406920.0,101325450.5615073,102742250.32329749
406980.0,101542117.70615126,102742073.39087567
407040.0,101765910.8727195,102741929.49899504
407100.0,101996646.17229608,102741819.65620553
407160.0,102234088.87066631,102741744.83587168
407220.0,102477988.90247534,102741705.97393955
407280.0,102728077.9607276,102741703.96627702
407340.0,102984144.69803278,102741739.67709331
407400.0,103245938.51518738,102741813.9331814
407460.0,103513184.63453616,102741927.52038525
407520.0,103785622.06263858,102742081.18565942
407580.0,104063017.46876124,102742275.64116997
407640.0,104345109.80102274,102742511.56023972
407700.0,104631604.88740866,102742789.57250272
407760.0,104922254.30566922,102743110.2706683
407820.0,105216807.8693414,102743474.21028852
407880.0,105514999.0992472,102743881.90738899
407940.0,105816519.32014471,102744333.83229159
408000.0,106121137.4896031,102744830.42106472
408060.0,106428591.20737821,102745372.07093774
408120.0,106738607.99859917,102745959.13884829
408180.0,107050884.29870889,102746591.93690208
408240.0,107365195.45842022,102747270.74400401
408300.0,107681276.02665761,102747995.79988684
408360.0,107998846.30498797,102748767.30304655
408420.0,108317627.12948039,102749585.41085123
408480.0,108637388.41965458,102750450.24678084
408540.0,108957870.330996,102751361.89608091
408600.0,109278789.27479514,102752320.40230392
408660.0,109599893.73640807,102753325.77204907
408720.0,109920951.25686157,102754377.9777867
408780.0,110241710.5243596,102755476.95511632
408840.0,110561886.81940638,102756622.59789065
408900.0,110881258.97540241,102757814.76757185
408960.0,111199594.6536315,102759053.29161617
409020.0,111516653.46375528,102760337.96231769
409080.0,111832151.78580627,102761668.53049362
409140.0,112145900.99865054,102763044.71944627
409200.0,112457670.88117272,102764466.21888347
409260.0,112767224.26940964,102765932.68392533
409320.0,113074309.21040474,102767443.73296176
409380.0,113378742.57753812,102768998.95776676
409440.0,113680307.42850922,102770597.91856259
409500.0,113978770.57952848,102772240.1416631
409560.0,114273915.30889167,102773925.12191027
409620.0,114565563.15527476,102775652.32830158
409680.0,114853512.37773909,102777421.20059939
409740.0,115137534.87405005,102779231.14549227
409800.0,115417450.28126934,102781081.54360877
409860.0,115693085.75807452,102782971.75063768
409920.0,115964255.67997527,102784901.0954751
409980.0,116230737.83597563,102786868.87488978
410040.0,116492389.08061878,102788874.36511596
410100.0,116749042.88353825,102790916.81844711
410160.0,117000526.59774268,102792995.46235867
410220.0,117246635.9029844,102795109.49489349
410280.0,117487254.09075505,102797258.09749599
410340.0,117722225.23113567,102799440.42928918
410400.0,117951383.53413689,102801655.62564954
410460.0,118174562.748098,102803902.79815683
410520.0,118391653.28990868,102806181.04289399
410580.0,118602516.74450451,102808489.4362451
410640.0,118806994.46419941,102810827.03195345
410700.0,119004958.636325,102813192.86564292
410760.0,119196307.02820218,102815585.95856763
410820.0,119380918.97569877,102818005.31493059
410880.0,119558643.14610137,102820449.91741762
410940.0,119729390.43103477,102822918.73629826
411000.0,119893066.07510357,102825410.7286105
411060.0,120049567.31109418,102827924.83700088
411120.0,120198750.21244785,102830459.98372817
411180.0,120340564.5617537,102833015.08435243
411240.0,120474923.13767937,102835589.04234095
411300.0,120601732.75197104,102838180.74820668
411360.0,120720882.11705047,102840789.07687774
411420.0,120832334.83716685,102843412.89863074
411480.0,120936019.63351382,102846051.07400765
411540.0,121031850.83173725,102848702.45172419
411600.0,121119756.0869615,102851365.87062146
411660.0,121199706.60616277,102854040.16602089
411720.0,121271649.13382366,102856724.16616192
411780.0,121335505.48511443,102859416.68857472
411840.0,121391242.33022486,102862116.54662274
411900.0,121438838.43952285,102864822.55126847
411960.0,121478258.57455917,102867533.50903477
412020.0,121509432.00148118,102870248.2168391
412080.0,121532364.45632152,102872965.4731349
412140.0,121547042.22303176,102875684.0750784
412200.0,121553445.56089717,102878402.81765276
412260.0,121551518.64821808,102881120.48841837
412320.0,121541298.81697892,102883835.88107386
412380.0,121522782.31338307,102886547.78947374
412440.0,121495956.82355522,102889255.00638297
412500.0,121460805.5369777,102891956.3228238
412560.0,121417373.26215038,102894650.53703834
412620.0,121365674.2031181,102897336.45003326
412680.0,121305703.42384273,102900012.8627948
412740.0,121237483.15336221,102902678.58023782
412800.0,121161065.62047821,102905332.41556343
412860.0,121076482.96067965,102907973.18733281
412920.0,120983737.56879516,102910599.7151418
412980.0,120882890.73231843,102913210.8281764
413040.0,120774002.04568855,102915805.36495988
413100.0,120657121.54664111,102918382.17195795
413160.0,120532258.9137674,102920940.09771192
413220.0,120399514.50032471,102923478.00600328
413280.0,120258955.2100675,102925994.77098644
413340.0,120110641.8229777,102928489.27629228
413400.0,119954612.62173517,102930960.41175605
413460.0,119790985.64412178,102933407.0849867
413520.0,119619842.16322453,102935828.21601954
413580.0,119441250.17396106,102938222.7353809
413640.0,119255286.93225111,102940589.58542398
413700.0,119062077.69406863,102942927.72728164
413760.0,118861721.49848048,102945236.13705124
413820.0,118654293.46908753,102947513.80231614
413880.0,118439909.78639992,102949759.72808944
413940.0,118218702.8178978,102951972.93914753
414000.0,117990789.27015972,102954152.47774622
414060.0,117756251.27363227,102956297.39859767
414120.0,117515243.83967374,102958406.77942078
414180.0,117267906.29761659,102960479.71865274
414240.0,117014371.72534804,102962515.33452858
414300.0,116754732.52585298,102964512.75917614
414360.0,116489178.94232914,102966471.15277345
414420.0,116217858.1990534,102968389.69730021
414480.0,115940910.0448655,102970267.59543972
414540.0,115658465.3360411,102972104.06927682
414600.0,115370720.86791997,102973898.36982657
414660.0,115077840.93194626,102975649.77230987
414720.0,114779971.61235504,102977357.573502
414780.0,114477281.89151661,102979021.09502928
414840.0,114169974.71902578,102980639.68826386
414900.0,113858231.0330369,102982212.73111923
414960.0,113542202.77994335,102983739.62383884
415020.0,113222096.59661426,102985219.7968868
415080.0,112898121.0324807,102986652.71120243
415140.0,112570473.08452114,102988037.8565086
415200.0,112239309.90641467,102989374.74553314
415260.0,111904875.13113558,102990662.92648757
415320.0,111567382.14908968,102991901.97867228
415380.0,111227037.42111741,102993091.51145321
415440.0,110884019.79262973,102994231.16025177
415500.0,110538591.62436685,102995320.59858593
415560.0,110190975.91954502,102996359.53236026
415620.0,109841382.64314568,102997347.69796018
415680.0,109490025.80033334,102998284.86281331
415740.0,109137170.63975988,102999170.83276235
415800.0,108783053.31832679,103000005.44783963
415860.0,108427885.8683948,103000788.57876165
415920.0,108071915.9880766,103001520.13205208
415980.0,107715410.19133265,103002200.05272989
416040.0,107358616.0797739,103002828.3215541
416100.0,107001745.90757376,103003404.94990103
416160.0,106645079.18743193,103003929.98943931
416220.0,106288881.63376294,103004403.53011169
416280.0,105933410.1287816,103004825.69883446
416340.0,105578874.82553767,103005196.65273657
416400.0,105225584.69509299,103005516.59337667
416460.0,104873802.0782541,103005785.75999314
416520.0,104523779.9589589,103006004.42812897
416580.0,104175755.01165776,103006172.90725668
416640.0,103830031.28714633,103006291.55045654
416700.0,103486875.1075811,103006360.74895288
416760.0,103146532.03706011,103006380.92909802
416820.0,102809262.61795169,103006352.55450307
416880.0,102475361.71043213,103006276.13095038
416940.0,102145096.1404887,103006152.20232894
417000.0,101818700.15277633,103005981.34591891
417060.0,101496454.22195931,103005764.17901863
417120.0,101178639.82403307,103005501.35905963
417180.0,100865519.97906148,103005193.58092357
417240.0,100557313.11080588,103004841.5705022
417300.0,100254315.10983327,103004446.09581341
417360.0,99956789.29060477,103004007.96228765
417420.0,99664985.52192925,103003528.01080851
417480.0,99379114.77088617,103003007.11209624
417540.0,99099469.8959102,103002446.17845403
417600.0,98826295.24114056,103001846.15676764
417660.0,98559815.81648017,103001208.0257031
417720.0,98300248.74025849,103000532.79455034
417780.0,98047859.31710102,102999821.51012158
417840.0,97802873.64693363,102999075.2510947
417900.0,97565486.18241848,102998295.12344664
417960.0,97335914.58784099,102997482.26376598
418020.0,97114390.84371877,102996637.8412857
418080.0,96901117.0665309,102995763.05357406
418140.0,96696251.37111099,102994859.12020019
418200.0,96500006.34649077,102993927.29053394
418260.0,96312574.92982662,102992968.84090538
418320.0,96134129.64062862,102991985.07165693
418380.0,95964786.67969379,102990977.29904944
418440.0,95804748.21622477,102989946.86757787
418500.0,95654162.78503673,102988895.14226137
418560.0,95513158.86976117,102987823.50575443
418620.0,95381833.51310594,102986733.35382771
418680.0,95260345.91925699,102985626.10426702
418740.0,95148804.82375841,102984503.18962587
418800.0,95047288.59553301,102983366.05286455
418860.0,94955875.98503073,102982216.14739716
418920.0,94874674.36686255,102981054.94118397
418980.0,94803750.71485177,102979883.91093531
419040.0,94743129.9427306,102978704.53608306
419100.0,94692869.5953355,102977518.30345015
419160.0,94653022.51339224,102976326.70657212
419220.0,94623611.59136832,102975131.24140607
419280.0,94604606.29791783,102973933.39868376
419340.0,94596041.44111797,102972734.67326416
419400.0,94597914.06643294,102971536.55872813
419460.0,94610199.02267389,102970340.54420431
419520.0,94632819.22336242,102969148.10694446
419580.0,94665777.35211113,102967960.72373912
419640.0,94709018.0671467,102966779.86262152
419700.0,94762461.00160621,102965606.97929613
419760.0,94826007.20559454,102964443.51449142
419820.0,94899605.12253162,102963290.90074383
419880.0,94983156.70635359,102962150.55576035
419940.0,95076528.55168377,102961023.87737714
420000.0,95179602.44096759,102959912.24574338
420060.0,95292275.43371856,102958817.02551597
420120.0,95414409.98971936,102957739.56092931
420180.0,95545823.16952243,102956681.16932695
420240.0,95686381.33634329,102955643.14822
420300.0,95835934.2287131,102954626.77292815
420360.0,95994309.15414639,102953633.29339364
420420.0,96161278.20565291,102952663.92631961
420480.0,96336697.14994605,102951719.86713348
420540.0,96520373.37637353,102950802.28310001
420600.0,96712096.26822987,102949912.31077263
420660.0,96911622.06579182,102949051.05128825
420720.0,97118777.60423194,102948219.5804601
420780.0,97333341.40578452,102947418.94190674
420840.0,97555067.4779885,102946650.14357997
420900.0,97783711.22286804,102945914.157989
420960.0,98019067.03133596,102945211.92778282
421020.0,98260893.44851623,102944544.36066307
421080.0,98508914.90573378,102943912.3245481
421140.0,98762891.79814607,102943316.65272498
421200.0,99022591.84425336,102942758.14491752
421260.0,99287759.357852,102942237.56397647
421320.0,99558094.87075633,102941755.62967096
421380.0,99833369.42285128,102941313.02875869
421440.0,100113329.5924374,102940910.41152687
421500.0,100397709.20111126,102940548.39000227
421560.0,100686195.35077868,102940227.53132887
421620.0,100978569.85608909,102939948.37127833
421680.0,101274564.97014682,102939711.40722011
421740.0,101573899.654924,102939517.09625806
421800.0,101876280.47303848,102939365.85349517
421860.0,102181476.70310116,102939258.06098337
421920.0,102489220.17568488,102939194.06242175
421980.0,102799219.38734335,102939174.15986593
422040.0,103111204.66185576,102939198.6168608
422100.0,103424936.83819677,102939267.66280556
422160.0,103740151.27962619,102939381.48935713
422220.0,104056549.78878161,102939540.24568787
422280.0,104373890.1403748,102939744.0464686
422340.0,104691928.20362367,102939992.97162233
422400.0,105010406.20918287,102940287.06441177
422460.0,105329022.41477694,102940626.32521993
422520.0,105647565.13647678,102941010.7243695
422580.0,105965788.13536474,102941440.19723774
422640.0,106283436.6870439,102941914.64307672
422700.0,106600227.75697,102942433.92102051
422760.0,106915963.04328676,102942997.86213918
422820.0,107230403.06252125,102943606.26361504
422880.0,107543293.7491733,102944258.88669756
422940.0,107854386.56408252,102944955.4575129
423000.0,108163484.86289363,102945695.67444983
423060.0,108470362.30436125,102946479.20396762
423120.0,108774767.16520081,102947305.67701942
423180.0,109076487.08993344,102948174.69465913
423240.0,109375328.57192571,102949085.83073473
423300.0,109671079.82500297,102950038.62931648
423360.0,109963492.7415551,102951032.59957047
423420.0,110252392.45979986,102952067.22616254
423480.0,110537589.71521145,102953141.96723495
423540.0,110818888.050866,102954256.25340632
423600.0,111096044.76537323,102955409.48124087
423660.0,111368922.63255571,102956601.02821033
423720.0,111637337.71217357,102957830.2460925
423780.0,111901098.71043475,102959096.4599484
423840.0,112160001.80841285,102960398.96636808
423900.0,112413915.34696214,102961737.04370433
423960.0,112662672.19986643,102963109.94706637
424020.0,112906086.7334969,102964516.90571734
424080.0,113143994.59932885,102965957.1261041
424140.0,113376270.11163238,102967429.79734267
424200.0,113602763.36584476,102968934.08780499
424260.0,113823294.707874,102970469.14092618
424320.0,114037739.68614864,102972034.08302818
424380.0,114245978.83795951,102973628.02403694
424440.0,114447879.7445022,102975250.05566268
424500.0,114643268.9173907,102976899.24560781
424560.0,114832062.10578915,102978574.65019517
424620.0,115014146.20336284,102980275.31029877
424680.0,115189401.22052382,102982000.25038217
424740.0,115357675.56761804,102983748.47404613
424800.0,115518909.76332647,102985518.97705308
424860.0,115673002.32241838,102987310.74140067
424920.0,115819839.62953065,102989122.73361872
424980.0,115959310.42718531,102990953.90511294
425040.0,116091361.73801745,102992803.20040274
425100.0,116215909.82858324,102994669.552785
425160.0,116332847.44258152,102996551.88102233
425220.0,116442103.7688407,102998449.094496
425280.0,116543632.29624964,103000360.0966407
425340.0,116637367.04629625,103002283.78220281
425400.0,116723207.07608503,103004219.03231476
425460.0,116801122.1002119,103006164.72446932
425520.0,116871072.01191561,103008119.73113705
425580.0,116933008.56809853,103010082.91862288
425640.0,116986837.0778864,103012053.14052297
425700.0,117032567.83777113,103014029.25253104
425760.0,117070167.07225662,103016010.10622604
425820.0,117099594.00635082,103017994.54808882
425880.0,117120790.8437201,103019981.41710764
425940.0,117133777.79486588,103021969.55577195
426000.0,117138537.5769596,103023957.804789
426060.0,117135035.62622158,103025945.00065176
426120.0,117123254.64362115,103027929.97807261
426180.0,117103221.11841486,103029911.57614952
426240.0,117074935.41222894,103031888.63468501
426300.0,117038369.10711376,103033859.99013504
426360.0,116993545.44061893,103035824.48288068
426420.0,116940497.10974836,103037780.95855634
426480.0,116879242.09015647,103039728.26597495
426540.0,116809758.05268846,103041665.25145629
426600.0,116732108.80614905,103043590.77094358
426660.0,116646333.19296071,103045503.68648598
426720.0,116552462.9704464,103047402.86523795
426780.0,116450493.26838848,103049287.17430629
426840.0,116340517.07789436,103051155.49450639
426900.0,116222583.13855731,103053006.7141331
426960.0,116096729.26625796,103054839.72742036
427020.0,115962991.10630506,103056653.43423206
427080.0,115821467.75560106,103058446.74897234
427140.0,115672225.50048476,103060218.59596652
427200.0,115515308.16805637,103061967.90629968
427260.0,115350791.94525342,103063693.62235628
427320.0,115178781.97811311,103065394.7018783
427380.0,114999362.07011172,103067070.1149582
427440.0,114812582.00732648,103068718.83925527
427500.0,114618558.52716964,103070339.86938691
427560.0,114417402.75960976,103071932.21612987
427620.0,114209215.98052387,103073494.90502623
427680.0,113994053.86687455,103075026.96997598
427740.0,113772073.68879652,103076527.46748178
427800.0,113543392.47388716,103077995.47098897
427860.0,113308120.04733528,103079430.06986381
427920.0,113066344.42900842,103080830.36632471
427980.0,112818236.81339273,103082195.48709397
428040.0,112563928.85157765,103083524.57783751
428100.0,112303536.0887933,103084816.80089441
428160.0,112037186.87135427,103086071.33705899
428220.0,111765058.07018456,103087287.39236699
428280.0,111487298.48590492,103088464.19414529
428340.0,111204029.17928362,103089600.98711142
428400.0,110915418.65124379,103090697.04000556
428460.0,110621649.19969474,103091751.64750588
428520.0,110322886.51852365,103092764.12788546
428580.0,110019256.8808862,103093733.81747708
428640.0,109710968.66536616,103094660.08215344
428700.0,109398209.23323683,103095542.31436493
428760.0,109081158.45299046,103096379.93207254
428820.0,108759954.38530666,103097172.37288032
428880.0,108434837.85361275,103097919.10839805
428940.0,108106003.10108739,103098619.63770182
429000.0,107773634.36383975,103099273.48591526
429060.0,107437908.6468722,103099880.20318012
429120.0,107099070.83591671,103100439.37412989
429180.0,106757330.58936477,103100950.61294091
429240.0,106412875.72103088,103101413.56025822
429300.0,106065921.39335006,103101827.8869994
429360.0,105716715.63936721,103102193.29892679
429420.0,105365482.5645791,103102509.53327996
429480.0,105012412.48744231,103102776.35403354
429540.0,104657757.65419458,103102993.56052889
429600.0,104301768.01556957,103103160.98712876
429660.0,103944680.82732745,103103278.5014201
429720.0,103586687.48737769,103103345.99778786
429780.0,103228075.89806655,103103363.410869
429840.0,102869096.31120332,103103330.71026883
429900.0,102509990.00940953,103103247.89928475
429960.0,102150969.89492722,103103115.01092243
430020.0,101792335.39567478,103102932.1199478
430080.0,101434342.41064656,103102699.33678524
430140.0,101077229.81462836,103102416.80511802
430200.0,100721242.44396497,103102084.70269668
430260.0,100366676.11615634,103101703.2484244
430320.0,100013794.02258493,103101272.6977794
430380.0,99662829.8652517,103100793.33867824
430440.0,99314057.62381595,103100265.49706759
430500.0,98967766.45444702,103099689.53901286
430560.0,98624223.66988194,103099065.86762643
430620.0,98283654.4223427,103098394.91716729
430680.0,97946358.43961467,103097677.16340892
430740.0,97612614.53215574,103096913.12069666
430800.0,97282689.47829738,103096103.34024507
430860.0,96956798.407186,103095248.40291975
430920.0,96635260.21800192,103094348.93366538
430980.0,96318339.8900853,103093405.59396838
431040.0,96006288.29825628,103092419.0798682
431100.0,95699338.64625333,103091390.11947381
431160.0,95397791.59636526,103090319.48232894
431220.0,95101904.25953431,103089207.9733234
431280.0,94811906.5015044,103088056.42887825
431340.0,94528044.51910183,103086865.71919543
431400.0,94250595.3728335,103085636.75252695
431460.0,93979802.8682294,103084370.47052385
431520.0,93715870.25583884,103083067.84257409
431580.0,93459051.19033076,103081729.87279066
431640.0,93209593.34078524,103080357.5991554
431700.0,92967721.3965635,103078952.09030168
431760.0,92733606.06377514,103077514.43799116
431820.0,92507502.65562001,103076045.76885368
431880.0,92289623.44948246,103074547.2383842
431940.0,92080162.03382513,103073020.02832662
432000.0,91879268.66187687,103071465.34063683
432060.0,91687176.41045898,103069884.40897036
432120.0,91504062.27010633,103068278.49087276
432180.0,91330077.03854495,103066648.86412664
432240.0,91165362.43144177,103064996.8254769
432300.0,91010106.13124467,103063323.69699748
432360.0,90864450.22007681,103061630.81974562
432420.0,90728497.35539939,103059919.54827836
432480.0,90602375.71235323,103058191.25418349
432540.0,90486222.60969742,103056447.32733586
432600.0,90380140.5377504,103054689.17105436
432660.0,90284179.5331193,103052918.19481833
432720.0,90198450.16896376,103051135.82265724
432780.0,90123035.47084081,103049343.48932135
432840.0,90057994.77302527,103047542.63699028
432900.0,90003322.21610223,103045734.70623203
432960.0,89959107.96874757,103043921.14931165
433020.0,89925378.18037525,103042103.42131262
433080.0,89902135.55348213,103040282.97688648
433140.0,89889350.47478835,103038461.26577662
433200.0,89887057.45367889,103036639.74170291
433260.0,89895236.05681203,103034819.85475029
433320.0,89913831.06359698,103033003.04655433
433380.0,89942791.08177319,103031190.7508372
433440.0,89982093.11186592,103029384.39734344
433500.0,90031671.48336577,103027585.40593666
433560.0,90091414.09399542,103025795.18018079
433620.0,90161249.3126629,103024015.1129513
433680.0,90241098.45646614,103022246.585467
433740.0,90330852.8692089,103020490.96315186
433800.0,90430346.17057702,103018749.58766186
433860.0,90539489.5297158,103017023.78762619
433920.0,90658151.87768191,103015314.87281564
433980.0,90786180.67058848,103013624.1311867
434040.0,90923372.88573697,103011952.82191858
434100.0,91069613.11189075,103010302.18754262
434160.0,91224726.9601458,103008673.44580306
434220.0,91388515.26677077,103007067.7862509
434280.0,91560765.89935358,103005486.36847156
434340.0,91741319.57471055,103003930.32940626
434400.0,91929971.47123712,103002400.77707778
434460.0,92126481.34174222,103000898.78571811
434520.0,92330633.67400442,102999425.39920725
434580.0,92542231.0936238,102997981.6335983
434640.0,92761044.24056545,102996568.4727213
434700.0,92986797.72942866,102995186.86185266
434760.0,93219278.71326095,102993837.7163726
434820.0,93458257.74354948,102992521.91949487
434880.0,93703486.96439715,102991240.31974941
434940.0,93954661.86246076,102989993.72319026
435000.0,94211578.29127656,102988782.90726863
435060.0,94473980.66193108,102987608.61375803
435120.0,94741598.65972653,102986471.54674838
435180.0,95014133.98204322,102985372.36881308
435240.0,95291367.38976218,102984311.711937
435300.0,95573032.59937726,102983290.17105311
435360.0,95858840.05640772,102982308.30086091
435420.0,96148509.85131183,102981366.61718313
435480.0,96441806.10429849,102980465.60305902
435540.0,96738459.19225538,102979605.7041183
435600.0,97038165.24285625,102978787.32388946
435660.0,97340667.58163035,102978010.83032903
435720.0,97645718.30712458,102977276.55705403
435780.0,97953048.93316081,102976584.80053139
435840.0,98262345.54786988,102975935.81385013
435900.0,98573378.9161629,102975329.81840655
435960.0,98885893.07143943,102974767.00024705
436020.0,99199621.4518029,102974247.5086345
436080.0,99514252.79139121,102973771.44992271
436140.0,99829579.76925805,102973338.90188575
436200.0,100145344.67013374,102972949.90680574
436260.0,100461276.85078873,102972604.46971923
436320.0,100777098.13951544,102972302.55740759
436380.0,101092598.56656353,102972044.1078007
436440.0,101407530.49217871,102971829.02481808
436500.0,101721621.69686645,102971657.17501354
436560.0,102034629.58445305,102971528.39167236
436620.0,102346343.77131239,102971442.47926061
436680.0,102656528.82586451,102971399.21000348
436740.0,102964912.90533818,102971398.31890516
436800.0,103271290.9568983,102971439.51294884
436860.0,103575453.90229332,102971522.4705631
436920.0,103877180.16124678,102971646.83992462
436980.0,104176199.74484913,102971812.23233227
437040.0,104472346.67309679,102972018.2365114
437100.0,104765414.45424502,102972264.4130684
437160.0,105055188.18896621,102972550.29335605
437220.0,105341426.0261127,102972875.37579502
437280.0,105623977.02027336,102973239.13836974
437340.0,105902646.58735724,102973641.0326555
437400.0,106177223.47354898,102974080.48155001
437460.0,106447506.51042344,102974556.88067618
437520.0,106713348.87120959,102975069.60585316
437580.0,106974572.43848303,102975618.00881939
437640.0,107230970.16909772,102976201.41328338
437700.0,107482382.25949514,102976819.12141857
437760.0,107728666.46107599,102977470.4162842
437820.0,107969661.58620934,102978154.55924293
437880.0,108205165.15677787,102978870.78431796
437940.0,108435059.22670221,102979618.30979301
438000.0,108659206.39884496,102980396.33555862
438060.0,108877461.22976242,102981204.0420227
438120.0,109089630.43873838,102982040.58357254
438180.0,109295633.8493483,102982905.10407996
438240.0,109495340.52961823,102983796.72995968
438300.0,109688609.99336259,102984714.56887323
438360.0,109875291.10137296,102985657.70828365
438420.0,110055308.82521887,102986625.22588553
438480.0,110228549.68831076,102987616.18435055
438540.0,110394878.17866872,102988629.62832296
438600.0,110554185.48164196,102989664.58808401
438660.0,110706401.69850953,102990720.0848848
438720.0,110851430.83716312,102991795.12738372
438780.0,110989142.31733617,102992888.70692563
438840.0,111119469.77439004,102993999.80633326
438900.0,111242348.37157595,102995127.40012209
438960.0,111357699.58610734,102996270.4526352
439020.0,111465397.6909223,102997427.91159903
439080.0,111565418.85742375,102998598.72205897
439140.0,111657703.21451351,102999781.82145675
439200.0,111742182.71125333,103000976.13851818
439260.0,111818757.2459686,103002180.58888118
439320.0,111887424.71752992,103003394.08848903
439380.0,111948137.06777206,103004615.54731454
439440.0,112000831.03490353,103005843.86728826
439500.0,112045448.92864479,103007077.94306456
439560.0,112081993.53236334,103008316.67028123
439620.0,112110434.12011963,103009558.94098547
439680.0,112130712.11425528,103010803.63983552
439740.0,112142812.28644663,103012049.65002063
439800.0,112146742.19317341,103013295.85637031
439860.0,112142488.38745366,103014541.14248833
439920.0,112129996.88030118,103015784.38522398
439980.0,112109294.95199643,103017024.46575947
440040.0,112080394.83209524,103018260.2675547
440100.0,112043300.30723462,103019490.67519476
440160.0,111997961.89574386,103020714.56712775
440220.0,111944449.43225713,103021930.83193152
440280.0,111882779.7344433,103023138.3610815
440340.0,111812961.25602636,103024336.04780924
440400.0,111734986.55267291,103025522.78493525
440460.0,111648930.46435425,103026697.47607806
440520.0,111554826.85999064,103027859.03006661
440580.0,111452688.67081164,103029006.35808524
440640.0,111342550.93786821,103030138.37668271
440700.0,111224493.05552511,103031254.01380712
440760.0,111098566.05640374,103032352.20493734
440820.0,110964787.30268645,103033431.88849495
440880.0,110823234.38088147,103034492.01403828
440940.0,110673991.18831956,103035531.54311356
441000.0,110517125.91168573,103036549.44710928
441060.0,110352660.30718322,103037544.70093326
441120.0,110180714.56176889,103038516.29639855
441180.0,110001377.03185545,103039463.23788305
441240.0,109814727.63884278,103040384.54117389
441300.0,109620808.72980173,103041279.22835115
441360.0,109419766.904626,103042146.34195587
441420.0,109211700.3443035,103042984.93839495
441480.0,108996693.3508891,103043794.08604546
441540.0,108774830.8302235,103044572.86532854
441600.0,108546263.80832091,103045320.37768492
441660.0,108311107.56915992,103046035.7407051
441720.0,108069450.73231834,103046718.0844964
441780.0,107821420.77142586,103047366.55695151
441840.0,107567173.0551262,103047980.32752432
441900.0,107306839.9063054,103048558.58408625
441960.0,107040514.16187619,103049100.52755325
442020.0,106768365.8255678,103049605.38235138
442080.0,106490554.47932073,103050072.39498669
442140.0,106207229.36639981,103050500.832627
442200.0,105918487.3794119,103050889.97598478
442260.0,105624540.94632925,103051239.13498224
442320.0,105325553.65977167,103051547.64210716
442380.0,105021680.47360915,103051814.85122576
442440.0,104713055.10874712,103052040.13468894
442500.0,104399899.18813859,103052222.89523856
442560.0,104082391.01317848,103052362.56011355
442620.0,103760689.1172268,103052458.57835363
442680.0,103434969.10085139,103052510.4230978
442740.0,103105456.00911301,103052517.5982687
442800.0,102772344.20193242,103052479.63439386
442860.0,102435795.28059946,103052396.08414948
442920.0,102096026.2514762,103052266.52985081
442980.0,101753264.97516838,103052090.58490232
443040.0,101407721.23308349,103051867.89132813
443100.0,101059558.96165106,103051598.11354482
443160.0,100709035.87614293,103051280.95104314
443220.0,100356381.79628243,103050916.13458791
443280.0,100001817.22270353,103050503.42493552
443340.0,99645518.81346424,103050042.60688008
443400.0,99287772.60342924,103049533.50403793
443460.0,98928812.9966325,103048975.97183561
443520.0,98568860.89292692,103048369.89566152
443580.0,98208131.54721938,103047715.19008213
443640.0,97846910.71540639,103047011.80835712
443700.0,97485444.89519507,103046259.73710449
443760.0,97123953.69143696,103045458.99264185
443820.0,96762689.27095814,103044609.62536842
443880.0,96401935.19079623,103043711.72398499
443940.0,96041948.02963412,103042765.41182195
444000.0,95682943.89874485,103041770.8413472
444060.0,95325209.68979874,103040728.20371018
444120.0,94969024.29654033,103039637.72763517
444180.0,94614651.80830404,103038499.67739618
444240.0,94262302.05913027,103037314.34546502
444300.0,93912293.89868575,103036082.06721428
444360.0,93564898.47174649,103034803.21444687
444420.0,93220374.68631946,103033478.19371943
444480.0,92878951.13689494,103032107.44222687
444540.0,92540946.74636382,103030691.43997341
444600.0,92206630.63713142,103029230.70302296
444660.0,91876249.1035174,103027725.7803945
444720.0,91550056.02045651,103026177.25506261
444780.0,91228355.64187281,103024585.7507306
444840.0,90911414.14977325,103022951.9266679
444900.0,90599460.57725169,103021276.47267605
444960.0,90292769.46284033,103019560.11520441
445020.0,89991625.41763686,103017803.61868322
445080.0,89696286.60646892,103016007.78193313
445140.0,89406959.49292788,103014173.43117306
445200.0,89123934.0376361,103012301.43125479
445260.0,88847469.61662085,103010392.68151559
445320.0,88577808.53824113,103008448.11345534
445380.0,88315135.38030398,103006468.6829376
445440.0,88059743.24178351,103004455.3847909
445500.0,87811862.38362035,103002409.24431935
445560.0,87571702.20015796,103000331.3144723
445620.0,87339452.12596026,102998222.67313819
445680.0,87115369.40379931,102996084.43225648
445740.0,86899659.87085986,102993917.73087521
445800.0,86692493.70159148,102991723.7303329
445860.0,86494059.1140666,102989503.61667171
445920.0,86304571.22745503,102987258.60424045
445980.0,86124205.31561835,102984989.9303149
446040.0,85953086.19996387,102982698.84829575
446100.0,85791395.06756079,102980386.63527884
446160.0,85639299.00227493,102978054.59014261
446220.0,85496937.02888753,102975704.02976055
446280.0,85364383.04186572,102973336.28023276
446340.0,85241806.02699117,102970952.68966234
446400.0,85129319.87706946,102968554.62073593
446460.0,85027014.53854412,102966143.44749548
446520.0,84934932.35742316,102963720.5489346
446580.0,84853201.99132194,102961287.3205915
446640.0,84781888.1314733,102958845.16594492
446700.0,84721022.69995902,102956395.49200726
446760.0,84670629.25020373,102953939.70819826
446820.0,84630777.31579718,102951479.2325178
446880.0,84601485.20544204,102949015.4846624
446940.0,84582724.70620957,102946549.87977873
447000.0,84574499.05554241,102944083.83268823
447060.0,84576817.38498248,102941618.75867835
447120.0,84589650.84520987,102939156.06840546
447180.0,84612910.71314438,102936697.15986457
447240.0,84646580.11688761,102934243.42803697
447300.0,84690608.28064643,102931796.26034449
447360.0,84744919.69766441,102929357.0333377
447420.0,84809368.00558491,102926927.10320123
447480.0,84883916.68150376,102924507.82049517
447540.0,84968457.75900075,102922100.52058077
447600.0,85062858.82817136,102919706.5203539
447660.0,85166957.70235997,102917327.11426651
447720.0,85280662.94194078,102914963.58382262
447780.0,85403826.07496883,102912617.18994498
447840.0,85536261.89427927,102910289.1680672
447900.0,85677796.91329312,102907980.72972095
447960.0,85828289.47759447,102905693.0668155
448020.0,85987555.62428285,102903427.34598483
448080.0,86155362.58309324,102901184.70206907
448140.0,86331531.10618484,102898966.24530163
448200.0,86515874.96475561,102896773.06039125
448260.0,86708180.54946283,102894606.20287406
448320.0,86908173.49172688,102892466.69100158
448380.0,87115674.94005871,102890355.5185473
448440.0,87330460.26346269,102888273.6486978
448500.0,87552286.1179189,102886222.01156993
448560.0,87780861.90279324,102884201.49791172
448620.0,88015996.4751243,102882212.97243054
448680.0,88257439.4741554,102880257.2658916
448740.0,88504917.00804581,102878335.17199431
448800.0,88758149.8938995,102876447.44668975
448860.0,89016919.57421292,102874594.8163098
448920.0,89280963.21266194,102872777.97166882
448980.0,89549982.39658237,102870997.56333326
449040.0,89823715.36269946,102869254.20654537
449100.0,90101921.94745924,102867548.48413266
449160.0,90384332.54067813,102865880.94259599
449220.0,90670629.73476191,102864252.08574975
449280.0,90960574.65664805,102862662.38523838
449340.0,91253910.76390746,102861112.27819854
449400.0,91550366.76131919,102859602.16531245
449460.0,91849611.12275279,102858132.40279175
449520.0,92151432.68316992,102856703.31847253
449580.0,92455563.05817623,102855315.20419784
449640.0,92761721.35753542,102853968.31417294
449700.0,93069602.98892613,102852662.86182801
449760.0,93378991.71575294,102851399.03163242
449820.0,93689623.41912118,102850176.9727272
449880.0,94001209.97969413,102848996.7957476
449940.0,94313481.07426977,102847858.57522199
450000.0,94626214.91175708,102846762.35606685
450060.0,94939156.03847525,102845708.14911877
450120.0,95252012.02694055,102844695.92622858
450180.0,95564549.73020226,102843725.62818833
450240.0,95876544.41420332,102842797.16587302
450300.0,96187751.78697802,102841910.41765465
450360.0,96497877.3953496,102841065.22274093
450420.0,96806727.58207929,102840261.39462842
450480.0,97114076.68136105,102839498.71685627
450540.0,97419688.80800354,102838776.9416653
450600.0,97723283.24847916,102838095.7840497
450660.0,98024693.59555846,102837454.93700024
450720.0,98323699.4272156,102836854.06432855
450780.0,98620065.67528628,102836292.79873703
450840.0,98913553.70824532,102835770.74136539
450900.0,99203998.65375212,102835287.47162652
450960.0,99491195.42921995,102834842.54187101
451020.0,99774910.75088699,102834435.47365351
451080.0,100054949.15575504,102834065.76278387
451140.0,100331148.11522354,102833732.88372448
451200.0,100603318.67847182,102833436.2860908
451260.0,100871229.98820682,102833175.389096
451320.0,101134730.54721983,102832949.59212154
451380.0,101393660.68875268,102832758.27364443
451440.0,101647848.11993077,102832600.78957297
451500.0,101897064.79938631,102832476.46585333
451560.0,102141203.7686941,102832384.61457814
451620.0,102380108.51768008,102832324.52741235
451680.0,102613612.96521838,102832295.47433555
451740.0,102841524.39363566,102832296.70011844
451800.0,103063748.47789845,102832327.43740632
451860.0,103280142.76243865,102832386.90033622
451920.0,103490544.40317474,102832474.28184216
451980.0,103694805.51126762,102832588.75565465
452040.0,103892835.22840644,102832729.48388305
452100.0,104084508.3111246,102832895.61245997
452160.0,104269665.1386512,102833086.26659031
452220.0,104448202.8565085,102833300.55829655
452280.0,104620034.01936227,102833537.58847181
452340.0,104785050.60448691,102833796.4441577
452400.0,104943096.12948129,102834076.19212657
452460.0,105094112.9131367,102834375.89199676
452520.0,105238016.80994974,102834694.59272838
452580.0,105374713.99123968,102835031.33134677
452640.0,105504059.93438463,102835385.12623052
452700.0,105626033.27602765,102835754.9934472
452760.0,105740556.00623517,102836139.939248
452820.0,105847537.35188606,102836538.9583831
452880.0,105946877.79468702,102836951.0329507
452940.0,106038559.16041598,102837375.14318085
453000.0,106122520.47703359,102837810.26176813
453060.0,106198673.86677253,102838255.35031335
453120.0,106266964.879114,102838709.36375733
453180.0,106327378.35933891,102839171.2555878
453240.0,106379870.28323501,102839639.97401878
453300.0,106424355.51176235,102840114.4565519
453360.0,106460824.71724795,102840593.64001678
453420.0,106489265.6016927,102841076.46017845
453480.0,106509651.00381361,102841561.84977141
453540.0,106521898.37981516,102842048.73117504
453600.0,106526043.57758574,102842536.03208065
453660.0,106522077.00837806,102843022.67947865
453720.0,106509979.11168619,102843507.59834035
453780.0,106489697.38224755,102843989.70726326
453840.0,106461285.33077016,102844467.93249111
453900.0,106424745.14032046,102844941.20112401
453960.0,106380059.76168916,102845408.43857585
454020.0,106327221.72503917,102845868.5698414
454080.0,106266287.1652975,102846320.52790104
454140.0,106197274.96749537,102846763.2487941
454200.0,106120170.50255872,102847195.66718958
454260.0,106035011.4178425,102847616.7232919
454320.0,105941856.37968194,102848025.36561313
454380.0,105840740.95039009,102848420.54791668
454440.0,105731652.85475557,102848801.2228978
454500.0,105614674.94469848,102849166.35474224
454560.0,105489868.34982513,102849514.91625163
454620.0,105357284.1091705,102849845.88750581
454680.0,105216915.83881988,102850158.24828058
454740.0,105068888.10615546,102850450.99532609
454800.0,104913265.65156657,102850723.13446279
454860.0,104750101.88949785,102850973.67908157
454920.0,104579435.6296115,102851201.64821248
454980.0,104401393.92094167,102851406.07815745
455040.0,104216058.19444676,102851586.01646392
455100.0,104023484.2171977,102851740.51853389
455160.0,103823756.09844154,102851868.65135486
455220.0,103617003.33971755,102851969.49947512
455280.0,103403324.08167316,102852042.16085917
455340.0,103182776.42604597,102852085.74160303
455400.0,102955489.87728979,102852099.36533633
455460.0,102721596.36142515,102852082.17352973
455520.0,102481210.74067113,102852033.32323562
455580.0,102234393.42492263,102851951.97990645
455640.0,101981319.38901447,102851837.33247547
455700.0,101722122.94136219,102851688.58798686
455760.0,101456928.19443862,102851504.97024152
455820.0,101185820.19547625,102851285.71464394
455880.0,100908997.04762256,102851030.08307418
455940.0,100626602.8257223,102850737.35676055
456000.0,100338763.89363849,102850406.83393645
456060.0,100045610.66791016,102850037.83036245
456120.0,99747343.52946122,102849629.68851808
456180.0,99444123.12616605,102849181.77235836
456240.0,99136077.91269498,102848693.46306592
456300.0,98823383.59871098,102848164.16525339
456360.0,98506242.63633414,102847593.31046388
456420.0,98184832.04710642,102846980.35381036
456480.0,97859282.10671346,102846324.76781574
456540.0,97529813.62935497,102845626.05430037
456600.0,97196630.80403574,102844883.74217813
456660.0,96859926.68777078,102844097.38597599
456720.0,96519832.95089687,102843266.55775279
456780.0,96176615.16752909,102842390.86467645
456840.0,95830478.74882504,102841469.94109938
456900.0,95481618.44052371,102840503.44714
456960.0,95130208.11549866,102839491.06592524
457020.0,94776516.10314287,102838432.51597607
457080.0,94420762.09382579,102837327.54479963
457140.0,94063141.02178474,102836175.92562085
457200.0,93703870.174687,102834977.46029922
457260.0,93343217.66564889,102833731.98597896
457320.0,92981417.09724848,102832439.37053831
457380.0,92618662.41286731,102831099.50736664
457440.0,92255213.19778532,102829712.32395771
457500.0,91891335.98444068,102828277.78279844
457560.0,91527276.8591992,102826795.87866475
457620.0,91163227.16467097,102825266.63142285
457680.0,90799487.24074285,102823690.10030189
457740.0,90436320.19970588,102822066.37898842
457800.0,90073977.00834501,102820395.59401192
457860.0,89712661.32636543,102818677.89852408
457920.0,89352695.13444585,102816913.48778456
457980.0,88994341.39833641,102815102.59140182
458040.0,88637844.49674276,102813245.47087592
458100.0,88283444.54541242,102811342.41901928
458160.0,87931455.60273641,102809393.76961957
458220.0,87582146.37938474,102807399.89147498
458280.0,87235751.40776092,102805361.1838966
458340.0,86892544.049468,102803278.08177139
458400.0,86552826.83645803,102801151.05935709
458460.0,86216870.49800238,102798980.62609425
458520.0,85884895.71400371,102796767.32003406
458580.0,85557205.1517284,102794511.71854664
458640.0,85234085.44339383,102792214.43619771
458700.0,84915804.84611534,102789876.12232065
458760.0,84602565.40687722,102787497.45233433
458820.0,84294694.41043931,102785079.14410341
458880.0,83992457.4461119,102782621.94984372
458940.0,83696102.84602807,102780126.65384375
459000.0,83405845.13675717,102777594.06802452
459060.0,83121994.19381875,102775025.04438393
459120.0,82844800.93066326,102772420.46726502
459180.0,82574485.16394252,102769781.24927165
459240.0,82311275.80553742,102767108.33243814
459300.0,82055451.29241782,102764402.69467981
459360.0,81807244.15848617,102761665.34377383
459420.0,81566839.21426132,102758897.31110705
459480.0,81334473.48127212,102756099.65847845
459540.0,81110387.3249924,102753273.47851586
459600.0,80894788.31954417,102750419.890375
459660.0,80687819.57006086,102747540.03130695
459720.0,80489719.8063096,102744635.06912671
459780.0,80300684.64854845,102741706.19656758
459840.0,80120886.2886307,102738754.628208
459900.0,79950431.28638054,102735781.59189464
459960.0,79789542.23352146,102732788.34386979
460020.0,79638367.59743851,102729776.15908481
460080.0,79497026.98181874,102726746.3274237
460140.0,79365617.93772355,102723700.15081795
460200.0,79244307.9805418,102720638.95236029
460260.0,79133204.0966594,102717564.06840047
460320.0,79032368.09785454,102714476.84264833
460380.0,78941883.89578168,102711378.6290491
460440.0,78861859.34014086,102708270.79489626
460500.0,78792355.79935984,102705154.71476655
460560.0,78733373.45881622,102702031.76254456
460620.0,78684979.39478333,102698903.32013637
460680.0,78647218.7535452,102695770.77460802
460740.0,78620104.77518776,102692635.51402728
460800.0,78603573.89803317,102689498.9174627
460860.0,78597674.90908343,102686362.36961628
460920.0,78602389.04597577,102683227.25202663
460980.0,78617670.21363536,102680094.9395135
461040.0,78643422.58826618,102676966.79371038
461100.0,78679645.42165913,102673844.17544466
461160.0,78726267.35017428,102670728.43555066
461220.0,78783179.55889142,102667620.91000405
461280.0,78850269.72707985,102664522.91947559
461340.0,78927475.85902697,102661435.77588597
461400.0,79014681.2918568,102658360.77530287
461460.0,79111717.56099308,102655299.19121571
461520.0,79218459.49093086,102652252.28017822
461580.0,79334787.70480403,102649221.28257321
461640.0,79460544.54727274,102646207.4176479
461700.0,79595506.52584933,102643211.87497191
461760.0,79739540.68421966,102640235.82622051
461820.0,79892475.49836574,102637280.42017558
461880.0,80054115.88514444,102634346.77967998
461940.0,80224195.08196127,102631435.99234426
462000.0,80402572.46094055,102628549.12695058
462060.0,80589032.51139744,102625687.22374119
462120.0,80783335.77312745,102622851.29132745
462180.0,80985218.62659886,102620042.30357401
462240.0,81194499.48908143,102617261.21026994
462300.0,81410938.81380236,102614508.92962147
462360.0,81634259.4463072,102611786.34339213
462420.0,81864207.72146282,102609094.29997422
462480.0,82100567.79989077,102606433.61931774
462540.0,82343082.8078927,102603805.08762604
462600.0,82591444.51822463,102601209.45071691
462660.0,82845415.88164094,102598647.4232796
462720.0,83104753.26841085,102596119.68804167
462780.0,83369188.87282144,102593626.89265527
462840.0,83638389.62244903,102591169.64125907
462900.0,83912141.29879703,102588748.50991203
462960.0,84190178.4315991,102586364.03996928
463020.0,84472219.40035376,102584016.73601185
463080.0,84757938.01250583,102581707.06009534
463140.0,85047122.32610424,102579435.44657882
463200.0,85339498.98786464,102577202.2941878
463260.0,85634770.9386356,102575007.96296704
463320.0,85932643.87669723,102572852.77466267
463380.0,86232892.78639174,102570737.02171844
463440.0,86535247.61350761,102568660.96146363
463500.0,86839400.10803755,102566624.81119135
463560.0,87145092.06847657,102564628.7546624
463620.0,87452089.27222757,102562672.94523022
463680.0,87760128.67681566,102560757.5021313
463740.0,88068894.28892793,102558882.50365631
463800.0,88378167.45899272,102557047.99976955
463860.0,88687707.84707151,102555254.00932166
463920.0,88997262.36656125,102553500.51842114
463980.0,89306510.02854227,102551787.47167474
464040.0,89615274.44533174,102550114.79091106
464100.0,89923311.55684882,102548482.36644642
464160.0,90230364.97823738,102546890.05551206
464220.0,90536157.3766126,102545337.67956802
464280.0,90840510.16124181,102543825.03708698
464340.0,91143192.85465494,102542351.89686441
464400.0,91443947.39114445,102540917.9944735
464460.0,91742541.82150175,102539523.0356603
464520.0,92038796.73409362,102538166.70314912
464580.0,92332496.56644906,102536848.65198849
464640.0,92623382.69769076,102535568.50400884
464700.0,92911269.85322873,102534325.85731411
464760.0,93195978.73745316,102533120.28706884
464820.0,93477309.62490721,102531951.34287597
464880.0,93755004.07014303,102530818.54121456
464940.0,94028924.41710575,102529721.38104883
465000.0,94298892.0697343,102528659.33855705
465060.0,94564716.87245502,102527631.8656547
465120.0,94826161.5790692,102526638.38393559
465180.0,95083116.22688724,102525678.30110866
465240.0,95335410.09791005,102524751.0031717
465300.0,95582854.01325783,102523855.8520447
465360.0,95825258.95999178,102522992.18560684
465420.0,96062516.29957311,102522159.32807352
465480.0,96294472.2488153,102521356.58418602
465540.0,96520938.67115772,102520583.23479652
465600.0,96741775.1334481,102519838.54303089
465660.0,96956874.32291369,102519121.75856753
465720.0,97166099.46337022,102518432.1138503
465780.0,97369263.39609514,102517768.81760944
465840.0,97566274.50287348,102517131.0671825
465900.0,97757026.6870379,102516518.04665704
465960.0,97941400.15503289,102515928.92511551
466020.0,98119208.57540905,102515362.84807807
466080.0,98290409.30299458,102514818.95601511
466140.0,98454897.27554166,102514296.37631625
466200.0,98612555.64853726,102513794.22178243
466260.0,98763240.5573225,102513311.58715825
466320.0,98906916.59492107,102512847.56309852
466380.0,99043493.45769377,102512401.22910838
466440.0,99172854.97436404,102511971.65022302
466500.0,99294905.98168615,102511557.87971902
466560.0,99409611.92346695,102511158.966916
466620.0,99516899.16781181,102510773.95215464
466680.0,99616651.9779977,102510401.86138913
466740.0,99708823.9636657,102510041.71511097
466800.0,99793381.1712748,102509692.5299511
466860.0,99870266.50113875,102509353.31570758
466920.0,99939364.41744483,102509023.06784093
466980.0,100000677.36618668,102508700.7826422
467040.0,100054171.75689395,102508385.45260292
467100.0,100099801.91882709,102508076.06486578
467160.0,100137467.21346694,102507771.59416819
467220.0,100167204.0723062,102507471.02045277
467280.0,100188984.0185991,102507173.32052958
467340.0,100202761.40457273,102506877.46587352
467400.0,100208484.16540143,102506582.42180414
467460.0,100206188.91591021,102506287.1588718
467520.0,100195863.38872066,102505990.64658096
467580.0,100177461.77888596,102505691.84908736
467640.0,100150980.68845776,102505389.7306423
467700.0,100116456.73407094,102505083.26072614
467760.0,100073893.78043085,102504771.40984361
467820.0,100023245.71826883,102504453.14311388
467880.0,99964557.91903554,102504127.43200539
467940.0,99897866.85318494,102503793.2531903
468000.0,99823192.46659529,102503449.58642277
468060.0,99740488.23350437,102503095.40601604
468120.0,99649848.40762843,102502729.69888988
468180.0,99551309.2005219,102502351.4571241
468240.0,99444894.44295387,102501959.67636882
468300.0,99330593.63322699,102501553.35144337
468360.0,99208513.51326253,102501131.49135649
468420.0,99078702.1306517,102500693.1117791
468480.0,98941182.9166245,102500237.2318873
468540.0,98795994.21125264,102499762.87626934
468600.0,98643242.5171662,102499269.08364974
468660.0,98482991.96045968,102498754.90145499
468720.0,98315265.54075111,102498219.38054347
468780.0,98140150.60220712,102497661.58343886
468840.0,97957753.3746358,102497080.5867395
468900.0,97768154.1052305,102496475.47778472
468960.0,97571375.35555363,102495845.34726755
469020.0,97367553.64146356,102495189.30381024
469080.0,97156794.91070949,102494506.47004288
469140.0,96939192.65808733,102493795.98100184
469200.0,96714777.81133842,102493056.97612081
469260.0,96483727.43266898,102492288.61791298
469320.0,96246150.1243747,102491490.083204
469380.0,96002139.06714888,102490660.5611516
469440.0,95751774.44604453,102489799.25157656
469500.0,95495233.15544282,102488905.37731507
469560.0,95232640.08354662,102487978.17755866
469620.0,94964088.10198793,102487016.90375316
469680.0,94689706.8090809,102486020.82428272
469740.0,94409672.92207973,102484989.23047736
469800.0,94124127.65351944,102483921.43206397
469860.0,93833163.54467046,102482816.75093928
469920.0,93536959.72784257,102481674.53221825
469980.0,93235692.6989046,102480494.14388259
470040.0,92929519.98838787,102479274.97434525
470100.0,92618533.7312673,102478016.42409086
470160.0,92302962.65682952,102476717.92309964
470220.0,91982982.92824051,102475378.9241211
470280.0,91658758.10379246,102473998.90105139
470340.0,91330410.36613086,102472577.34364165
470400.0,90998187.39389905,102471113.773495
470460.0,90662275.00446147,102469607.73615676
470520.0,90322836.08155274,102468058.7981748
470580.0,89980042.05032131,102466466.54817505
470640.0,89634139.87987591,102464830.60647842
470700.0,89285331.15955405,102463150.6192959
470760.0,88933777.65939158,102461426.25363697
470820.0,88579699.73533998,102459657.20476246
470880.0,88223343.10934126,102457843.19939862
470940.0,87864924.59543817,102455983.99203412
471000.0,87504604.16075747,102454079.35766071
471060.0,87142650.53779599,102452129.10561386
471120.0,86779307.37799357,102450133.07635663
471180.0,86414805.06790788,102448091.13977082
471240.0,86049303.16270986,102446003.18611957
471300.0,85683115.47974755,102443869.14567317
471360.0,85316483.2040509,102441688.97943825
471420.0,84949633.01906064,102439462.67729233
471480.0,84582770.71984294,102437190.2553074
471540.0,84216205.8064039,102434871.76892887
471600.0,83850191.35083435,102432507.30577135
471660.0,83484948.5036113,102430096.98153752
471720.0,83120727.58363542,102427640.94371025
471780.0,82757831.6758837,102425139.37824315
471840.0,82396523.55670756,102422592.50441031
471900.0,82037016.39151601,102420000.56847733
471960.0,81679602.69809547,102417363.85377222
472020.0,81324576.3721746,102414682.68083696
472080.0,80972207.02094322,102411957.4043169
472140.0,80622696.64213169,102409188.40434712
472200.0,80276376.91375792,102406376.10301416
472260.0,79933528.9886679,102403520.95791005
472320.0,79594417.40671737,102400623.45999959
472380.0,79259253.7065629,102397684.12686692
472440.0,78928380.17766832,102394703.51930416
472500.0,78602069.05906178,102391682.23238857
472560.0,78280566.4060461,102388620.89213637
472620.0,77964115.13524604,102385520.1550846
472680.0,77653036.75629824,102382380.71824798
472740.0,77347598.21106435,102379203.31216761
472800.0,77048021.56121202,102375988.69519414
472860.0,76754575.76954629,102372737.65942131
472920.0,76467555.66321597,102369451.03394602
472980.0,76187216.9063497,102366129.6798768
473040.0,75913751.26183386,102362774.48220836
473100.0,75647447.66772799,102359386.36213043
473160.0,75388567.63873434,102355966.2735274
473220.0,75137348.91203465,102352515.19994283
473280.0,74893946.03202754,102349034.14401384
473340.0,74658661.29832156,102345524.14618829
473400.0,74431715.79455008,102341986.27440734
473460.0,74213306.31831183,102338421.6210103
473520.0,74003590.84036674,102334831.29779938
473580.0,73802830.3006651,102331216.44907302
473640.0,73611214.06285682,102327578.24253815
473700.0,73428889.36459635,102323917.86395957
473760.0,73256015.10762447,102320236.51862569
473820.0,73092799.58675626,102316535.43759088
473880.0,72939395.07665375,102312815.8705662
473940.0,72795892.51194161,102309079.07814203
474000.0,72662445.57247591,102305326.3397236
474060.0,72539203.57679376,102301558.95296712
474120.0,72426275.78216921,102297778.22869848
474180.0,72323691.07587974,102293985.48073533
474240.0,72231592.85890612,102290182.04037325
474300.0,72150066.39586832,102286369.24902037
474360.0,72079167.13733996,102282548.45441985
474420.0,72018876.38881853,102278721.00126877
474480.0,71969305.09342898,102274888.24761327
474540.0,71930477.3441083,102271051.55385886
474600.0,71902380.58465935,102267212.27813584
474660.0,71884980.59606557,102263371.7735622
474720.0,71878319.95716113,102259531.39795345
474780.0,71882371.75619015,102255692.50503778
474840.0,71897054.6983801,102251856.43758686
474900.0,71922319.14609854,102248024.53142242
474960.0,71958139.64501418,102244198.11847569
475020.0,72004439.27174681,102240378.52028865
475080.0,72061069.45455904,102236567.03897195
475140.0,72127967.36825877,102232764.96804497
475200.0,72205042.00500073,102228973.58888295
475260.0,72292169.51026456,102225194.16657786
475320.0,72389137.5418476,102221427.93877873
475380.0,72495874.24718815,102217676.1334409
475440.0,72612227.44271663,102213939.95869446
475500.0,72738017.1483207,102210220.5993493
475560.0,72873014.64760631,102206519.2107609
475620.0,73017102.58116712,102202836.93289669
475680.0,73170087.50714873,102199174.88074914
475740.0,73331735.71537289,102195534.13927287
475800.0,73501819.96569715,102191915.76421946
475860.0,73680172.73289582,102188320.78968519
475920.0,73866569.93487403,102184750.22099447
475980.0,74060731.09431942,102181205.02760902
476040.0,74262437.68818505,102177686.15095924
476100.0,74471479.1820071,102174194.5054685
476160.0,74687608.12429337,102170730.97391847
476220.0,74910504.51226313,102167296.39832798
476280.0,75139965.93047293,102163891.5947921
476340.0,75375746.03626785,102160517.34796523
476400.0,75617577.18119606,102157174.40839763
476460.0,75865118.95930247,102153863.4833946
476520.0,76118180.10851857,102150585.25582284
476580.0,76376489.32944582,102147340.3740494
476640.0,76639751.56180377,102144129.44897233
476700.0,76907654.35758674,102140953.05185573
476760.0,77179982.27897191,102137811.7265634
476820.0,77456459.17839842,102134705.98193672
476880.0,77736768.53295384,102131636.2867368
476940.0,78020631.77550922,102128603.07444453
477000.0,78307814.83702405,102125606.74888007
477060.0,78598042.09653956,102122647.67899549
477120.0,78890980.63975103,102119726.19169176
477180.0,79186390.84149873,102116842.5835753
477240.0,79484024.64049268,102113997.11991638
477300.0,79783611.41222203,102111190.03183244
477360.0,80084805.99930087,102108421.50694148
477420.0,80387411.90282212,102105691.70807205
477480.0,80691170.79733829,102103000.76550977
477540.0,80995808.68050788,102100348.77504802
477600.0,81301007.27700782,102097735.79244775
477660.0,81606580.70525049,102095161.85009287
477720.0,81912275.20714018,102092626.94847985
477780.0,82217809.91107279,102090131.0528328
477840.0,82522914.64500642,102087674.09446919
477900.0,82827397.9977591,102085255.9807094
477960.0,83131019.1560618,102082876.58869025
478020.0,83433492.31644301,102080535.75973678
478080.0,83734597.51194574,102078233.30764745
478140.0,84034139.45320377,102075969.02180803
478200.0,84331891.8683757,102073742.66331951
478260.0,84627565.34997442,102071553.95709528
478320.0,84920991.70285447,102069402.60708848
478380.0,85211972.8580951,102067288.29255831
478440.0,85500296.43333885,102065210.66629054
478500.0,85785675.4745065,102063169.34526336
478560.0,86067989.47860688,102061163.93153885
478620.0,86347039.99615645,102059194.00250094
478680.0,86622612.53000344,102057259.10885936
478740.0,86894473.11313249,102055358.77222623
478800.0,87162499.66855945,102053492.49915561
478860.0,87426510.37964438,102051659.77366763
478920.0,87686288.87636605,102049860.05293381
478980.0,87941654.7757808,102048092.77180177
479040.0,88192484.564877,102046357.34993215
479100.0,88438613.27216548,102044653.18661621
479160.0,88679822.66697024,102042979.65411939
479220.0,88915986.36092788,102041336.10919724
479280.0,89146979.34375834,102039721.89327767
479340.0,89372653.52937992,102038136.32958211
479400.0,89592788.67790912,102036578.7141063
479460.0,89807312.67525987,102035048.33417402
479520.0,90016098.81509133,102033544.46161158
479580.0,90219005.8968877,102032066.35094415
479640.0,90415841.18720536,102030613.23296021
479700.0,90606557.26753329,102029184.332902
479760.0,90791035.3713652,102027778.86154611
479820.0,90969132.11846602,102026396.01213472
479880.0,91140708.70939225,102025034.96095908
479940.0,91305715.81051733,102023694.87855497
480000.0,91464051.17206405,102022374.92309165
480060.0,91615568.88997932,102021074.23492353
480120.0,91760184.20894125,102019791.94424295
480180.0,91897845.52197678,102018527.17522857
480240.0,92028466.88895029,102017279.0417595
480300.0,92151899.52486101,102016046.63957126
480360.0,92268112.81108932,102014829.0610266
480420.0,92377052.50171208,102013625.39216694
480480.0,92478648.75545102,102012434.71076876
480540.0,92572749.55629773,102011256.07608846
480600.0,92659378.50810806,102010088.55079907
480660.0,92738478.37085785,102008931.19089644
480720.0,92809976.77461332,102007783.04381502
480780.0,92873773.42424278,102006643.14494823
480840.0,92929890.95170762,102005510.532995
480900.0,92978287.21805327,102004384.24187648
480960.0,93018886.3478837,102003263.29653043
481020.0,93051641.85792315,102002146.71658298
481080.0,93076573.11135367,102001033.52456437
481140.0,93093653.56750943,101999922.74018264
481200.0,93102803.56390126,101998813.37370181
481260.0,93104030.55302764,101997704.43680857
481320.0,93097350.34604786,101996594.9436534
481380.0,93082751.86873405,101995483.90749799
481440.0,93060151.43162782,101994370.33166601
481500.0,93029610.5582974,101993253.2276444
481560.0,92991141.26654512,101992131.60891016
481620.0,92944740.10143684,101991004.48900141
481680.0,92890342.3975932,101989870.87389287
481740.0,92828040.65159015,101988729.78157474
481800.0,92757850.64047998,101987580.23249117
481860.0,92679764.7948696,101986421.24663167
481920.0,92593772.33707745,101985251.84313197
481980.0,92499961.88628411,101984071.05264813
482040.0,92398364.50045596,101982877.91018458
482100.0,92288968.36701807,101981671.44975607
482160.0,92171816.80014697,101980450.71124814
482220.0,92046994.4121504,101979214.7455521
482280.0,91914547.54212879,101977962.60979652
482340.0,91774460.05213226,101976693.35957165
482400.0,91626829.56660897,101975406.06308
482460.0,91471736.60851903,101974099.79900157
482520.0,91309242.83378996,101972773.65414144
482580.0,91139327.74095915,101971426.71320981
482640.0,90962143.4978032,101970058.08028895
482700.0,90777766.50000136,101968666.86940265
482760.0,90586257.41483793,101967252.2025552
482820.0,90387640.50188598,101965813.20520206
482880.0,90182073.59680337,101964349.02284513
482940.0,89969645.34419371,101962858.81242412
483000.0,89750412.23102637,101961341.73831463
483060.0,89524453.18079224,101959796.97511037
483120.0,89291922.08931538,101958223.71692783
483180.0,89052923.17360938,101956621.17122519
483240.0,88807508.78404741,101954988.55235416
483300.0,88555812.79387058,101953325.09167652
483360.0,88297985.20105644,101951630.03955503
483420.0,88034145.92580716,101949902.66160868
483480.0,87764343.23993939,101948142.2298115
483540.0,87488766.2526166,101946348.03996447
483600.0,87207561.11725213,101944519.40635122
483660.0,86920858.23338278,101942655.65977226
483720.0,86628717.9156173,101940756.13884147
483780.0,86331368.71750255,101938820.21084674
483840.0,86028958.34712826,101936847.2617069
483900.0,85721613.35120219,101934836.6933361
483960.0,85409449.44702022,101932787.92229143
484020.0,85092691.54567103,101930700.39329965
484080.0,84771503.35945235,101928573.57165441
484140.0,84446007.56762412,101926406.93811816
484200.0,84116375.49187395,101924199.99494019
484260.0,83782828.35546353,101921952.27202612
484320.0,83445545.88115978,101919663.32177947
484380.0,83104646.7727402,101917332.71152937
484440.0,82760358.07096307,101914960.03693926
484500.0,82412897.1536412,101912544.92079273
484560.0,82062459.63720192,101910087.01028214
484620.0,81709159.99286754,101907585.96694706
484680.0,81353280.96066386,101905041.48749593
484740.0,80995035.73999086,101902453.29517664
484800.0,80634621.42750268,101899821.13776727
484860.0,80272190.11587219,101897144.78199175
484920.0,79908037.69513316,101894424.03130049
484980.0,79542386.70846441,101891658.71677336
485040.0,79175429.20583862,101888848.69333065
485100.0,78807371.98729397,101885993.84154263
485160.0,78438505.72233756,101883094.07798597
485220.0,78069067.31351008,101880149.34857278
485280.0,77699242.70347469,101877159.6222319
485340.0,77329292.57439592,101874124.90013425
485400.0,76959501.11746389,101871045.2185789
485460.0,76590118.30841321,101867920.64474253
485520.0,76221322.41909134,101864751.26779918
485580.0,75853426.70992312,101861537.21558642
485640.0,75486707.07180148,101858278.6499645
485700.0,75121421.8200242,101854975.76462418
485760.0,74757747.95485908,101851628.77502316
485820.0,74396040.80308263,101848237.94039652
485880.0,74036568.29648082,101844803.5529374
485940.0,73679577.05184488,101841325.93514495
486000.0,73325292.18025397,101837805.43715051
486060.0,72974056.06036705,101834242.45117635
486120.0,72626142.7513676,101830637.40307714
486180.0,72281783.56170397,101826990.7470434
486240.0,71941248.35421382,101823302.97034141
486300.0,71604862.51386832,101819574.60014322
486360.0,71272902.0766192,101815806.19741394
486420.0,70945578.45469509,101811998.3489197
486480.0,70623201.96269716,101808151.67940982
486540.0,70306075.92915897,101804266.85073178
486600.0,69994473.20774782,101800344.55805078
486660.0,69688579.69754179,101796385.51910853
486720.0,69388740.88123327,101792390.49388197
486780.0,69095231.9367289,101788360.27589144
486840.0,68808304.44751318,101784295.68927222
486900.0,68528147.97266448,101780197.58111244
486960.0,68255101.16314383,101776066.83980909
487020.0,67989415.93984134,101771904.38435757
487080.0,67731306.66843544,101767711.1597067
487140.0,67480985.84322652,101763488.13651216
487200.0,67238751.58989282,101759236.32166651
487260.0,67004833.73399713,101754956.74986652
487320.0,66779401.556646675,101750650.47614168
487380.0,66562683.13578612,101746318.58307995
487440.0,66354928.04373456,101741962.1834567
487500.0,66156336.14592207,101737582.41409823
487560.0,65967023.57366863,101733180.42556262
487620.0,65787226.55585174,101728757.39690879
487680.0,65617138.1352926,101724314.53036578
487740.0,65456920.29334947,101719853.0474974
487800.0,65306629.08256416,101715374.176161
487860.0,65166501.15899569,101710879.17271528
487920.0,65036665.98244393,101706369.30882075
487980.0,64917219.90726193,101701845.86735985
488040.0,64808214.911545545,101697310.13697433
488100.0,64709819.543495394,101692763.42639123
488160.0,64622114.59160542,101688207.05362394
488220.0,64545125.24116852,101683642.33913304
488280.0,64478894.85804909,101679070.60805893
488340.0,64423519.26237715,101674493.19666371
488400.0,64379026.68043074,101669911.44402045
488460.0,64345367.648234196,101665326.68246832
488520.0,64322574.490849204,101660740.24766219
488580.0,64310667.95584265,101656153.47714864
488640.0,64309622.16279551,101651567.70463951
488700.0,64319311.96468292,101646984.24782674
488760.0,64339758.64186974,101642404.42636764
488820.0,64370908.064673215,101637829.5526274
488880.0,64412671.64172073,101633260.92745423
488940.0,64464878.86643651,101628699.8301342
489000.0,64527513.651828796,101624147.53735158
489060.0,64600459.30170455,101619605.31084739
489120.0,64683556.02235053,101615074.39214174
489180.0,64776627.64867222,101610556.00053823
489240.0,64879589.661709964,101606051.34437698
489300.0,64992279.65169356,101601561.61149007
489360.0,65114472.04233952,101597087.96146934
489420.0,65245991.16731556,101592631.53180228
489480.0,65386690.2973024,101588193.44143276
489540.0,65536368.01417472,101583774.78406945
489600.0,65694739.90547355,101579376.61803041
489660.0,65861638.279568814,101574999.98056705
489720.0,66036861.63196374,101570645.88373433
489780.0,66220177.26676956,101566315.31058513
489840.0,66411249.74441632,101562009.20260298
489900.0,66609927.49770003,101557728.4822472
489960.0,66815962.22767312,101553474.0411188
490020.0,67029078.927647114,101549246.73670916
490080.0,67248956.55537635,101545047.38678491
490140.0,67475410.48167944,101540876.786111
490200.0,67708172.66359691,101536735.69625512
490260.0,67946931.0627453,101532624.8402236
490320.0,68191394.56803846,101528544.90504591
490380.0,68441345.4249702,101524496.55077207
490440.0,68696505.8312493,101520480.40314306
490500.0,68956533.87948512,101516497.04577014
490560.0,69221175.59895974,101512547.03091606
490620.0,69490186.85382299,101508630.88071708
490680.0,69763286.66424368,101504749.08269599
490740.0,70040109.47722986,101500902.07944308
490800.0,70320444.73042205,101497090.28759113
490860.0,70604027.63772313,101493314.09120318
490920.0,70890572.63436495,101489573.83925295
490980.0,71179716.53835578,101485869.83616106
491040.0,71471276.56750046,101482202.36386527
491100.0,71764978.88575843,101478571.67070974
491160.0,72060522.82356285,101474977.9681875
491220.0,72357596.62101799,101471421.42960837
491280.0,72656004.51703966,101467902.2042893
491340.0,72955482.21041949,101464420.40919907
491400.0,73255717.24569252,101460976.12309852
491460.0,73556452.75417195,101457569.39335015
491520.0,73857482.88599436,101454200.24216516
491580.0,74158555.64637472,101450868.66098662
491640.0,74459349.18557899,101447574.60198303
491700.0,74759664.17325139,101444317.99302284
491760.0,75059286.70288333,101441098.73591083
491820.0,75357979.05846317,101437916.70349927
491880.0,75655411.60183981,101434771.72849298
491940.0,75951444.50963844,101431663.6266246
492000.0,76245857.13735999,101428592.18680882
492060.0,76538410.60136144,101425557.16893473
492120.0,76828818.74103531,101422558.29811934
492180.0,77116952.37423746,101419595.28386553
492240.0,77402601.63318858,101416667.81023674
492300.0,77685521.6112144,101413775.53160188
492360.0,77965487.08392696,101410918.07505208
492420.0,78242363.5459497,101408095.0514711
492480.0,78515957.8793425,101405306.0484043
492540.0,78786019.36161014,101402550.6230557
492600.0,79052384.44139855,101399828.31292395
492660.0,79314913.37414505,101397138.63871388
492720.0,79573429.99094377,101394481.09991117
492780.0,79827677.66558826,101391855.16499893
492840.0,80077555.03066577,101389260.29037824
492900.0,80322916.93112734,101386695.91504541
492960.0,80563599.85539362,101384161.45836823
493020.0,80799353.80685998,101381656.30957288
493080.0,81030127.1332528,101379179.85189748
493140.0,81255773.19804856,101376731.45103924
493200.0,81476122.45584524,101374310.45237803
493260.0,81690986.70684358,101371916.17871965
493320.0,81900308.67828734,101369547.94623359
493380.0,82103958.32515468,101367205.05560715
493440.0,82301759.58693384,101364886.78645971
493500.0,82493586.25461361,101362592.40341632
493560.0,82679374.93364483,101360321.16375308
493620.0,82859011.8820558,101358072.31128174
493680.0,83032313.99410433,101355845.06792769
493740.0,83199217.2138878,101353638.64821035
493800.0,83359651.48482749,101351452.25851855
493860.0,83513519.05488116,101349285.09375076
493920.0,83660629.22837503,101347136.32603145
493980.0,83800980.25145388,101345005.12767428
494040.0,83934494.8562773,101342890.662011
494100.0,84061076.46837465,101340792.08105245
494160.0,84180569.76119116,101338708.51836184
494220.0,84292991.93622403,101336639.11001146
494280.0,84398272.47600573,101334582.98393303
494340.0,84496306.76046464,101332539.25578356
494400.0,84587001.09630927,101330507.03027877
494460.0,84670365.0207011,101328485.41372623
494520.0,84746343.18294519,101326473.50615151
494580.0,84814822.42744586,101324470.3942895
494640.0,84875770.8770433,101322475.1614514
494700.0,84929189.91368048,101320486.89156082
494760.0,84975039.10319065,101318504.66408226
494820.0,85013196.3099568,101316527.54411691
494880.0,85043691.66879986,101314554.60087305
494940.0,85066517.95977813,101312584.903135
495000.0,85081648.05268972,101310617.51685011
495060.0,85088954.63709515,101308651.4929888
495120.0,85088525.8705286,101306685.8936647
495180.0,85080346.93467145,101304719.77965052
495240.0,85064381.4641725,101302752.20776835
495300.0,85040563.7364633,101300782.22733572
495360.0,85008973.05333452,101298808.89773616
495420.0,84969609.02434322,101296831.27876155
495480.0,84922425.73547766,101294848.42509924
495540.0,84867419.32542597,101292859.39142692
495600.0,84804659.92189442,101290863.24137007
495660.0,84734161.46470666,101288859.04069501
495720.0,84655868.2378394,101286845.84887671
495780.0,84569838.52758178,101284822.73289931
495840.0,84476133.0291443,101282788.76754309
495900.0,84374779.96006204,101280743.03145024
495960.0,84265713.61004412,101278684.59575929
496020.0,84149054.71268126,101276612.5466625
496080.0,84024854.33390346,101274525.97697057
496140.0,83893143.04757793,101272423.98363045
496200.0,83753880.76177315,101270305.65917799
496260.0,83607215.22807668,101268170.1144517
496320.0,83453199.66313143,101266016.46715343
496380.0,83291854.74336241,101263843.83791086
496440.0,83123202.80298111,101261651.35047615
496500.0,82947382.06434,101259438.14572857
496560.0,82764460.11456329,101257203.37312935
496620.0,82574447.68357654,101254946.18384705
496680.0,82377429.91943106,101252665.7397465
496740.0,82173535.46606292,101250361.218636
496800.0,81962846.40051606,101248031.80863382
496860.0,81745363.512332,101245676.69834566
496920.0,81521235.17061962,101243295.09468377
496980.0,81290580.4492941,101240886.21931912
497040.0,81053496.07758464,101238449.30597512
497100.0,80809972.95945105,101235983.58764724
497160.0,80560223.11451657,101233488.3232889
497220.0,80304356.10595128,101230962.78543235
497280.0,80042460.79603976,101228406.25768267
497340.0,79774586.45510846,101225818.02993473
497400.0,79500941.04812658,101223197.41751233
497460.0,79221647.44637412,101220543.75088935
497520.0,78936785.04014006,101217856.37043701
497580.0,78646467.08932847,101215134.63050199
497640.0,78350892.47455747,101212377.9097212
497700.0,78050199.33360063,101209585.60368429
497760.0,77744457.70913787,101206757.11671533
497820.0,77433845.33786494,101203891.87484732
497880.0,77118552.14223415,101200989.3272777
497940.0,76798731.77191885,101198048.94198364
498000.0,76474445.03498292,101195070.19452497
498060.0,76145934.62727025,101192052.58995116
498120.0,75813381.62130958,101188995.65536086
498180.0,75476946.38472693,101185898.93739499
498240.0,75136707.59475963,101182761.99238746
498300.0,74792946.32290119,101179584.41072948
498360.0,74445843.85263167,101176365.80483517
498420.0,74095551.64235456,101173105.8055379
498480.0,73742213.54374832,101169804.06116357
498540.0,73386102.05818558,101166460.25300339
498600.0,73027414.38936205,101163074.0862328
498660.0,72666292.96217875,101159645.28330608
498720.0,72302947.0653792,101156173.59199016
498780.0,71937640.44579057,101152658.7919004
498840.0,71570586.11564738,101149100.68837906
498900.0,71201917.12002024,101145499.10286273
498960.0,70831908.26359496,101141853.88991909
499020.0,70460814.09318466,101138164.93479145
499080.0,70088863.04612774,101134432.15024123
499140.0,69716178.1141657,101130655.46385632
499200.0,69343099.41802035,101126834.84413926
499260.0,68969871.47920874,101122970.28899385
499320.0,68596717.28381844,101119061.82311964
499380.0,68223808.94421683,101115109.49188346
499440.0,67851490.99012302,101111113.38202019
499500.0,67480016.66940852,101107073.6106433
499560.0,67109596.98807418,101102990.32015295
499620.0,66740467.08570414,101098863.68111914
499680.0,66372959.09473603,101094693.90391138
499740.0,66007338.162877694,101090481.23063235
499800.0,65643801.0465704,101086225.92688876
499860.0,65282644.13333752,101081928.29373626
499920.0,64924184.52155697,101077588.67014383
499980.0,64568696.589249715,101073207.42784442
500040.0,64216359.65122968,101068784.95990866
500100.0,63867528.69392044,101064321.70180836
500160.0,63522502.13151997,101059818.12460463
500220.0,63181553.84588768,101055274.73198393
500280.0,62844859.51796179,101050692.04846102
500340.0,62512810.944364555,101046070.64528269
500400.0,62185689.06063889,101041411.12710708
500460.0,61863742.61272068,101036714.12812442
500520.0,61547197.433960214,101031980.3092927
500580.0,61236417.95825745,101027210.37493443
500640.0,60931681.30522709,101022405.06224631
500700.0,60633204.63838916,101017565.13409486
500760.0,60341258.089745164,101012691.38534763
500820.0,60056171.69666291,101007784.6500309
500880.0,59778211.69983099,101002845.79366408
500940.0,59507555.994761884,100997875.70265931
501000.0,59244512.00947019,100992875.29982181
501060.0,58989367.17790343,100987845.5419339
501120.0,58742368.709965505,100982787.41491859
501180.0,58503646.527311,100977701.9197806
501240.0,58273537.43609609,100972590.09736215
501300.0,58052277.203471154,100967453.01622584
501360.0,57840067.42380779,100962291.76854844
501420.0,57637033.86178519,100957107.46103297
501480.0,57443481.19700851,100951901.23630649
501540.0,57259601.850405775,100946674.25946884
501600.0,57085533.815431096,100941427.71156883
501660.0,56921416.316236675,100936162.78974187
501720.0,56767486.82737739,100930880.7189499
501780.0,56623894.407877125,100925582.74139267
501840.0,56490704.73468092,100920270.10652816
501900.0,56368062.98744862,100914944.08057252
501960.0,56256131.30637752,100909605.94851726
502020.0,56155007.984475926,100904257.00648738
502080.0,56064679.16625556,100898898.54833248
502140.0,55985290.10479916,100893531.88463986
502200.0,55916921.37979182,100888158.33499771
502260.0,55859612.33928136,100882779.22306417
502320.0,55813273.2720628,100877395.86114933
502380.0,55778037.41773404,100872009.57684939
502440.0,55753903.06822604,100866621.69692239
502500.0,55740823.82470896,100861233.54195258
502560.0,55738704.83951024,100855846.42056976
502620.0,55747594.01497473,100850461.64649723
502680.0,55767431.09440504,100845080.52563877
502740.0,55798084.26980172,100839704.34754403
502800.0,55839455.34858332,100834334.3894296
502860.0,55891508.72214928,100828971.92365377
502920.0,55954128.444392405,100823618.20813489
502980.0,56027100.73766067,100818274.47468975
503040.0,56110328.75693843,100812941.94299632
503100.0,56203698.14378386,100807621.8185122
503160.0,56307042.891999654,100802315.28632446
503220.0,56420073.35366957,100797023.49641953
503280.0,56542701.118885465,100791747.58769545
503340.0,56674740.1767898,100786488.67633404
503400.0,56815967.351180516,100781247.85138468
503460.0,56966069.676046774,100776026.16407979
503520.0,57124931.37381515,100770824.65135454
503580.0,57292318.23419236,100765644.3217445
503640.0,57467946.22476968,100760486.14946704
503700.0,57651526.15730918,100755351.0738277
503760.0,57842886.37558686,100750240.01323955
503820.0,58041766.38208806,100745153.85465539
503880.0,58247830.54921595,100740093.44464044
503940.0,58460823.0800806,100735059.59890112
504000.0,58680525.59714045,100730053.10675806
504060.0,58906660.4980454,100725074.7241121
504120.0,59138849.459090464,100720125.16147642
504180.0,59376879.17841147,100715205.10364194
504240.0,59620493.072088756,100710315.20454253
504300.0,59869404.83254145,100705456.08373682
504360.0,60123201.41755704,100700628.31135207
504420.0,60381720.153509855,100695832.4378945
504480.0,60644673.67353206,100691068.97943062
504540.0,60911747.077748865,100686338.41433349
504600.0,61182580.70826093,100681641.17798318
504660.0,61456988.059567966,100676977.68337868
504720.0,61734684.21014259,100672348.30945176
504780.0,62015330.75353746,100667753.3947298
504840.0,62298629.237645976,100663193.24210832
504900.0,62584372.49191916,100658668.1297197
504960.0,62872283.59943136,100654178.3026605
505020.0,63162005.01868327,100649723.96343227
505080.0,63453304.13519352,100645305.28680739
505140.0,63745956.91948531,100640922.4208652
505200.0,64039698.11908875,100636575.48211202
505260.0,64334154.17467814,100632264.54263839
505320.0,64629161.843399465,100627989.6551177
505380.0,64924482.87605327,100623750.84391278
505440.0,65219854.64182561,100619548.10219838
505500.0,65514924.44839955,100615381.38128991
505560.0,65809566.20023815,100611250.61756086
505620.0,66103540.70203751,100607155.71903048
505680.0,66396572.84112591,100603096.56111902
505740.0,66688382.29859341,100599072.98604931
505800.0,66978831.68284463,100595084.81982116
505860.0,67267698.5074822,100591131.86212784
505920.0,67554695.85439758,100587213.87873034
505980.0,67839617.16079,100583330.61100619
506040.0,68122314.19625445,100579481.78288017
506100.0,68402581.75629044,100575667.09408033
506160.0,68680121.23697701,100571886.20908067
506220.0,68954800.8037347,100568138.7768885
506280.0,69226461.35984828,100564424.42782274
506340.0,69494915.1464238,100560742.77012853
506400.0,69759851.591405,100557093.3754391
506460.0,70021214.28122959,100553475.8089074
506520.0,70278832.87921347,100549889.61571506
506580.0,70532512.39671394,100546334.31816454
506640.0,70782003.40704502,100542809.40924565
506700.0,71027251.76024076,100539314.37577628
506760.0,71268099.82854347,100535848.68615429
506820.0,71504340.31989402,100532411.78448905
506880.0,71735798.53820789,100529003.09447409
506940.0,71962408.6858588,100525622.0322882
507000.0,72184029.8612816,100522267.99771175
507060.0,72400441.67764525,100518940.36473103
507120.0,72611544.48562607,100515638.49583857
507180.0,72817260.04136597,100512361.74457222
507240.0,73017463.7156488,100509109.45003366
507300.0,73211921.17427726,100505880.92392181
507360.0,73400608.1130453,100502675.47538693
507420.0,73583432.99289097,100499492.40308203
507480.0,73760278.5836096,100496330.99213152
507540.0,73930920.92275336,100493190.50152159
507600.0,74095386.16443694,100490070.19368033
507660.0,74253577.01006171,100486969.31988484
507720.0,74405361.5702947,100483887.11618009
507780.0,74550590.16055949,100480822.80128518
507840.0,74689274.94824949,100477775.59572598
507900.0,74821333.61819164,100474744.71067253
507960.0,74946618.79080172,100471729.34025912
508020.0,75065055.39751215,100468728.67013478
508080.0,75176640.79607704,100465741.88602118
508140.0,75281307.23271759,100462768.16602433
508200.0,75378891.05306964,100459806.66931678
508260.0,75469392.16827627,100456856.5554576
508320.0,75552792.34592128,100453916.98225063
508380.0,75629038.01359339,100450987.10157451
508440.0,75697948.5168708,100448066.04438964
508500.0,75759599.13038671,100445152.95094845
508560.0,75813955.30522501,100442246.9578331
508620.0,75860955.31315506,100439347.19475126
508680.0,75900466.85390685,100436452.77621613
508740.0,75932574.95121486,100433562.82718618
508800.0,75957250.07991637,100430676.4695509
508860.0,75974413.11650048,100427792.8162844
508920.0,75984006.39696623,100424910.9739808
508980.0,75986098.23247449,100422030.05770807
509040.0,75980672.48214965,100419149.18104899
509100.0,75967632.06706229,100416267.44656296
509160.0,75946994.43185523,100413383.95928808
509220.0,75918810.60223874,100410497.83069646
509280.0,75883077.62641743,100407608.1723312
509340.0,75839679.98550084,100404714.08254598
509400.0,75788710.71041909,100401814.67107694
509460.0,75730203.04120459,100398909.0519944
509520.0,75664162.28382921,100395996.34041077
509580.0,75590468.43564999,100393075.63772565
509640.0,75509276.23038311,100390146.0639786
509700.0,75420605.48582426,100387206.74195646
509760.0,75324442.9850643,100384256.79330333
509820.0,75220743.98142208,100381295.33481069
509880.0,75109645.32446304,100378321.49978948
509940.0,74991179.75319947,100375334.42581059
510000.0,74865315.22028163,100372333.24708053
510060.0,74732082.79414205,100369317.10186785
510120.0,74591601.11643207,100366285.1428011
510180.0,74443915.85103819,100363236.5282778
510240.0,74288975.89143938,100360170.41108155
510300.0,74126888.68607597,100357085.95702805
510360.0,73957754.42649063,100353982.34410416
510420.0,73781631.76166359,100350858.7575775
510480.0,73598450.37524542,100347714.37483391
510540.0,73408394.67209469,100344548.3953178
510600.0,73211546.23390234,100341360.0284363
510660.0,73007958.01070933,100338148.4901896
510720.0,72797596.81032687,100334912.99304675
510780.0,72580668.18197417,100331652.77399224
510840.0,72357253.82253349,100328367.0799646
510900.0,72127387.82138553,100325055.16225952
510960.0,71891114.1314606,100321716.27768569
511020.0,71648620.05080658,100318349.70539182
511080.0,71400000.73417984,100314954.7360362
511140.0,71145271.44008169,100311530.66240127
511200.0,70884553.96443723,100308076.79189682
511260.0,70618017.3918401,100304592.452101
511320.0,70345770.62197565,100301076.98368631
511380.0,70067810.17943132,100297529.72722682
511440.0,69784336.44028161,100293950.04711337
511500.0,69495500.38820243,100290337.32574575
511560.0,69201424.25386517,100286690.96014972
511620.0,68902088.26087433,100283010.34531458
511680.0,68597769.87189795,100279294.90904893
511740.0,68288602.90506333,100275544.09511952
511800.0,67974691.55941655,100271757.3597695
511860.0,67656095.2318049,100267934.16645944
511920.0,67333074.03183673,100264074.00938788
511980.0,67005776.59185489,100260176.40040891
512040.0,66674289.29752972,100256240.861728
512100.0,66338751.57983184,100252266.9321109
512160.0,65999406.439774916,100248254.17900729
512220.0,65656417.77559193,100244202.18926811
512280.0,65309854.37482677,100240110.55799447
512340.0,64959936.594323106,100235978.90628307
512400.0,64606890.564619355,100231806.88188708
512460.0,64250895.89043507,100227594.1537532
512520.0,63892003.92531238,100223340.39699501
512580.0,63530516.853288524,100219045.32225034
512640.0,63166644.10968989,100214708.66480504
512700.0,62800566.238467105,100210330.18119751
512760.0,62432362.63944607,100205909.63737094
512820.0,62062372.757921256,100201446.83909325
512880.0,61690804.51160542,100196941.61654675
512940.0,61317821.537796184,100192393.81913434
513000.0,60943585.36951468,100187803.3152221
513060.0,60568419.22632605,100183170.01103675
513120.0,60192547.37330436,100178493.83907257
513180.0,59816116.20135862,100173774.7489711
513240.0,59439369.86789966,100169012.71894059
513300.0,59062614.92905687,100164207.76303293
513360.0,58686091.71153899,100159359.92338222
513420.0,58309928.57299087,100154469.25710312
513480.0,57934452.45006835,100149535.85948604
513540.0,57559952.273167744,100144559.85953437
513600.0,57186683.61486382,100139541.41604784
513660.0,56814755.370198414,100134480.70047188
513720.0,56444576.88865352,100129377.93198183
513780.0,56076417.767702274,100124233.36113466
513840.0,55710516.93485759,100119047.26626939
513900.0,55347052.48437841,100113819.94638824
513960.0,54986424.08882123,100108551.74701193
514020.0,54628909.625510834,100103243.04593553
514080.0,54274724.7539694,100097894.24594814
514140.0,53924125.447821744,100092505.77952287
514200.0,53577487.42657105,100087078.12277222
514260.0,53235096.89900427,100081611.78497922
514320.0,52897141.85920379,100076107.2971204
514380.0,52563952.88814867,100070565.22848529
514440.0,52235876.70976495,100064986.18853675
514500.0,51913202.85786956,100059370.8202183
514560.0,51596085.67114188,100053719.78417012
514620.0,51284925.58198803,100048033.7874111
514680.0,50980033.5727069,100042313.57288384
514740.0,50681684.3071891,100036559.91520047
514800.0,50390025.25505958,100030773.60579953
514860.0,50105485.78221684,100024955.48578745
514920.0,49828344.10155126,100019106.42829685
514980.0,49558827.76002604,100013227.3325648
515040.0,49297139.396651275,100007319.12101588
515100.0,49043657.805732034,100001382.75976773
515160.0,48798642.07841155,99995419.24466391
515220.0,48562262.099794276,99989429.59086807
515280.0,48334766.589470565,99983414.84203231
515340.0,48116472.65214208,99977376.0782426
515400.0,47907609.475060806,99971314.40576258
515460.0,47708277.7334879,99965230.9420596
515520.0,47518762.31927527,99959126.83723852
515580.0,47339306.882375464,99953003.2692233
515640.0,47170099.529286966,99946861.43727776
515700.0,47011160.07504355,99940702.54241304
515760.0,46862799.75165393,99934527.82128802
515820.0,46725177.40080056,99928338.52846256
515880.0,46598401.77837915,99922135.93056187
515940.0,46482484.67598641,99915921.29499325
516000.0,46377671.664428525,99909695.91712923
516060.0,46284054.91413796,99903461.10245618
516120.0,46201646.343482934,99897218.15723892
516180.0,46130468.53464856,99890968.38975982
516240.0,46070668.25810679,99884713.1247515
516300.0,46022273.30675057,99878453.68956056
516360.0,45985193.028930925,99872191.40038316
516420.0,45959457.40618278,99865927.57628717
516480.0,45945110.47753619,99859663.54084353
516540.0,45942113.305041,99853400.61248533
516600.0,45950271.033610426,99847140.08640184
516660.0,45969621.62115427,99840883.26158877
516720.0,46000106.73956865,99834631.42966564
516780.0,46041615.196952134,99828385.8687423
516840.0,46093872.940875985,99822147.82452036
516900.0,46156908.23552113,99815918.54540382
516960.0,46230572.40382553,99809699.26196119
517020.0,46314657.98114758,99803491.18011358
517080.0,46408908.16335733,99797295.47542378
517140.0,46513259.83165494,99791113.31558578
517200.0,46627511.9929271,99784945.84443466
517260.0,46751369.752003424,99778794.17106818
517320.0,46884603.84140788,99772659.37747857
517380.0,47027069.63646123,99766542.52838416
517440.0,47178524.504876204,99760444.65987493
517500.0,47338596.94800013,99754366.76448806
517560.0,47507097.031990886,99748309.81228165
517620.0,47683809.86473732,99742274.74795482
517680.0,47868462.81412672,99736262.48417018
517740.0,48060619.252563566,99730273.88256726
517800.0,48260140.66119121,99724309.78833535
517860.0,48466753.20632967,99718371.0145453
517920.0,48680141.634377316,99712458.33736965
517980.0,48899887.221800536,99706572.48411869
518040.0,49125842.15251589,99700714.16464548
518100.0,49357708.07480148,99694884.05392285
518160.0,49595123.38127565,99689082.7847389
518220.0,49837738.85841218,99683310.94915637
518280.0,50085365.378016144,99677569.11706895
518340.0,50337702.886489764,99671857.823374
518400.0,50594351.746245585,99666177.55646692
518460.0,50855040.874007486,99660528.77314526
518520.0,51119547.30142494,99654911.90419458
518580.0,51387576.48436308,99649327.34612218
518640.0,51658697.155088015,99643775.44535968
518700.0,51932723.2193507,99638256.52665222
518760.0,52209403.449284874,99632770.88553756
518820.0,52488451.48592803,99627318.7843002
518880.0,52769417.06585332,99621900.43303765
518940.0,53052196.215664245,99616516.0297289
519000.0,53336515.97087012,99611165.74070475
519060.0,53622065.95360939,99605849.69634144
519120.0,53908487.58223573,99600567.98550995
519180.0,54195655.075228386,99595320.68250403
519240.0,54483311.97778666,99590107.83194882
519300.0,54771125.80992769,99584929.44003408
519360.0,55058832.5150993,99579785.48244108
519420.0,55346285.982367784,99574675.91798458
519480.0,55633247.80728317,99569600.67796254
519540.0,55919364.180730246,99564559.65284449
519600.0,56204467.58046247,99559552.71380611
519660.0,56488392.0444945,99554579.71292062
519720.0,56770917.906646326,99549640.47696976
519780.0,57051669.94303079,99544734.78950192
519840.0,57330578.60653399,99539862.42613822
519900.0,57607457.822237074,99535023.14112912
519960.0,57882086.69646371,99530216.66334876
520020.0,58154128.04534148,99525442.68289208
520080.0,58423551.22944583,99520700.88646229
520140.0,58690169.32805636,99515990.93934515
520200.0,58953739.82551741,99511312.47900906
520260.0,59214022.704999186,99506665.11540924
520320.0,59470966.88552878,99502048.45279048
520380.0,59724403.5478743,99497462.07611519
520440.0,59974067.31898462,99492905.53994305
520500.0,60219816.00485788,99488378.38264793
520560.0,60461576.85991073,99483880.13443185
520620.0,60699198.49409915,99479410.30826609
520680.0,60932391.26535882,99474968.38396983
520740.0,61161111.44881536,99470553.83656402
520800.0,61385263.260917895,99466166.1302765
520860.0,61604711.99634141,99461804.71406478
520920.0,61819142.24860758,99457469.00081144
520980.0,62028609.44391245,99453158.41005284
521040.0,62232993.3146612,99448872.34774338
521100.0,62432136.18433627,99444610.201956
521160.0,62625812.062863,99440371.33502772
521220.0,62814059.57145856,99436155.11403503
521280.0,62996771.39332257,99431960.89399351
521340.0,63173762.98415132,99427788.00897683
521400.0,63344905.77477746,99423635.77857013
521460.0,63510212.88914162,99419503.52418175
521520.0,63669591.68345016,99415390.55687381
521580.0,63822829.31186649,99411296.16354066
521640.0,63969895.44398654,99407219.62791614
521700.0,64110776.31168278,99403160.23248012
521760.0,64245393.300666094,99399117.25100222
521820.0,64373503.89484674,99395089.92970106
521880.0,64495176.8859858,99391077.52305083
521940.0,64610370.270820536,99387079.28104
522000.0,64719002.7853693,99383094.44466119
522060.0,64820849.254862376,99379122.22937676
522120.0,64916030.2240492,99375161.86486225
522180.0,65004490.27829884,99371212.5747799
522240.0,65086117.78758669,99367273.57032366
522300.0,65160785.3322644,99363344.04841234
522360.0,65228584.55661472,99359423.21686034
522420.0,65289472.64006695,99355510.27892801
522480.0,65343306.4287762,99351604.42180236
522540.0,65390057.29215685,99347704.82975625
522600.0,65429786.805450775,99343810.69450662
522660.0,65462464.340978645,99339921.2046256
522720.0,65487914.15804526,99336035.52888563
522780.0,65506207.45866254,99332152.8446127
522840.0,65517374.66243397,99328272.33300124
522900.0,65521396.99448836,99324393.17346728
522960.0,65518065.163289055,99320514.52179103
523020.0,65507551.23823228,99316635.55387965
523080.0,65489853.484881036,99312755.44581942
523140.0,65464928.576648295,99308873.36910546
523200.0,65432641.17798838,99304988.48009272
523260.0,65393156.86812487,99301099.9545094
523320.0,65346476.97640352,99297206.96861419
523380.0,65292524.44097573,99293308.6902091
523440.0,65231263.9993104,99289404.28343573
523500.0,65162828.84261805,99285492.92808434
523560.0,65087231.51473934,99281573.80575873
523620.0,65004360.46927531,99277646.085656
523680.0,64914281.60132454,99273708.9449039
523740.0,64817094.91393975,99269761.57246365
523800.0,64712824.0378987,99265803.16037492
523860.0,64601322.29471094,99261832.88424782
523920.0,64482757.786446676,99257849.93932137
523980.0,64357196.62826746,99253853.52877389
524040.0,64224662.1959134,99249842.8588251
524100.0,64085005.946689665,99245817.11905268
524160.0,63938465.39158769,99241775.52659303
524220.0,63785083.4332203,99237717.30385143
524280.0,63624848.44286113,99233641.67225826
524340.0,63457713.78276938,99229547.84826359
524400.0,63283883.14811235,99225435.07198212
524460.0,63103410.47759821,99221302.59004706
524520.0,62916248.70724214,99217149.64405268
524580.0,62722454.206311025,99212975.4823876
524640.0,62522196.38278965,99208779.37315847
524700.0,62315540.31299108,99204560.59224822
524760.0,62102403.17138937,99200318.40640087
524820.0,61882945.42444677,99196052.10104111
524880.0,61657301.836665116,99191760.97732547
524940.0,61425548.796361506,99187444.34546115
525000.0,61187567.49307939,99183101.5023923
525060.0,60943623.58888235,99178731.77574238
525120.0,60693816.965393454,99174334.50485454
525180.0,60438203.60166103,99169909.0357693
525240.0,60176724.50613054,99165454.70808713
525300.0,59909655.741813205,99160970.89324233
525360.0,59637094.16090558,99156456.97401753
525420.0,59359060.41029385,99151912.33583508
525480.0,59075601.08473867,99147336.36971827
525540.0,58786958.050836846,99142728.49458195
525600.0,58493240.38917131,99138088.1420585
525660.0,58194433.43841141,99133414.74236628
525720.0,57890690.68057145,99128707.74350052
525780.0,57582219.844479546,99123966.61741368
525840.0,57269142.75468229,99119190.85019977
525900.0,56951409.55935634,99114379.92249973
525960.0,56629282.02855232,99109533.34505346
526020.0,56302933.92936179,99104650.64864469
526080.0,55972494.85125046,99099731.37905101
526140.0,55637896.74998337,99094775.07449758
526200.0,55299494.419351295,99089781.31387556
526260.0,54957433.54381207,99084749.69287795
526320.0,54611809.77740477,99079679.81828657
526380.0,54262664.41545285,99074571.30176966
526440.0,53910319.70348379,99069423.79189979
526500.0,53554936.02538316,99064236.95568709
526560.0,53196575.43375323,99059010.46736416
526620.0,52835390.294438355,99053744.0186718
526680.0,52471670.75014811,99048437.33454458
526740.0,52105592.76092144,99043090.16008581
526800.0,51737185.114820905,99037702.24379365
526860.0,51366713.1386987,99032273.36449686
526920.0,50994435.32992976,99026803.33055988
526980.0,50620544.13540094,99021291.9723457
527040.0,50245035.34416048,99015739.11981516
527100.0,49868289.28310458,99010144.64629932
527160.0,49490533.18433502,99004508.45104983
527220.0,49111949.69749572,98998830.4541506
527280.0,48732583.15439423,98993110.58076647
527340.0,48352849.56217035,98987348.80342905
527400.0,47972972.209086746,98981545.12008499
527460.0,47593102.104936674,98975699.54585962
527520.0,47213399.504154526,98969812.11409874
527580.0,46834250.58703529,98963882.90205199
527640.0,46455897.00784651,98957912.01441334
527700.0,46078457.663842104,98951899.56934789
527760.0,45702210.37813774,98945845.71655217
527820.0,45327510.970689945,98939750.64610249
527880.0,44954619.3749256,98933614.57753335
527940.0,44583621.13699153,98927437.74000175
528000.0,44214912.85670048,98921220.40762864
528060.0,43848818.54575724,98914962.89122574
528120.0,43485615.44187496,98908665.53296065
528180.0,43125353.36237768,98902328.6805046
528240.0,42768548.08935887,98895952.73995586
528300.0,42415489.03215096,98889538.15009694
528360.0,42066417.70340663,98883085.37693696
528420.0,41721496.402754635,98876594.9047019
528480.0,41381207.037021235,98870067.2721102
528540.0,41045850.49260044,98863503.0517924
528600.0,40715626.633917235,98856902.83880511
528660.0,40390809.51176159,98850267.2590381
528720.0,40071839.106303,98843596.98802666
528780.0,39759022.529831104,98836892.73584715
528840.0,39452510.20870216,98830155.22932035
528900.0,39152683.14001456,98823385.23815876
528960.0,38859930.44106471,98816583.57586327
529020.0,38574556.88005907,98809751.09013164
529080.0,38296652.797888026,98802888.63852218
529140.0,38026698.70871736,98795997.13269047
529200.0,37765020.91632759,98789077.52087454
529260.0,37511887.61061328,98782130.78128605
529320.0,37267383.803316385,98775157.90132934
529380.0,37032011.08133269,98768159.92481115
529440.0,36806040.916947894,98761137.92583022
529500.0,36589658.846008234,98754092.99902229
529560.0,36383024.61588973,98747026.25662674
529620.0,36186552.51145945,98739938.8573127
529680.0,36000474.39996048,98732831.98548925
529740.0,35824876.16477504,98725706.83475634
529800.0,35659979.10130183,98718564.623235
529860.0,35506092.907987475,98711406.60356393
529920.0,35363394.01335241,98704234.04779059
529980.0,35231851.8858124,98697048.22392984
530040.0,35111736.68805869,98689850.43000457
530100.0,35003237.487361,98682641.98484977
530160.0,34906461.25724408,98675424.21880998
530220.0,34821246.91125297,98668198.44339891
530280.0,34747903.53662121,98660966.00450926
530340.0,34686487.27280929,98653728.25377594
530400.0,34636977.1368869,98646486.53984869
530460.0,34599218.56468105,98639242.19328436
530520.0,34573408.34817239,98631996.56629442
530580.0,34559512.08998963,98624751.00658885
530640.0,34557368.44059245,98617506.84302418
530700.0,34566853.5346238,98610265.38985194
530760.0,34588026.63960113,98603027.96742935
530820.0,34620772.49277111,98595795.88248816
530880.0,34664792.197236136,98588570.40738812
530940.0,34719999.41063958,98581352.80415648
531000.0,34786321.7016935,98574144.32606581
531060.0,34863571.363223,98566946.20461482
531120.0,34951321.39280764,98559759.62250774
531180.0,35049535.445333704,98552585.75780909
531240.0,35158021.09185232,98545425.76631756
531300.0,35276514.686544955,98538280.7735361
531360.0,35404526.4856872,98531151.84915853
531420.0,35542035.11374353,98524040.05998214
531480.0,35688760.51998674,98516946.4407069
531540.0,35844338.123049155,98509871.98441187
531600.0,36008355.82557596,98502817.6372156
531660.0,36180700.70656335,98495784.33206598
531720.0,36361062.79901298,98488772.96651271
531780.0,36548992.85717452,98481784.38701262
531840.0,36744173.71626985,98474819.40385933
531900.0,36946416.50492415,98467878.80567558
531960.0,37155396.961382255,98460963.34415469
532020.0,37370595.79547086,98454073.71208648
532080.0,37591806.06010587,98447210.57861197
532140.0,37818776.31530115,98440374.5842199
532200.0,38051181.0766798,98433566.33241522
532260.0,38288442.75024401,98426786.3613204
532320.0,38530477.11002595,98420035.19932184
532380.0,38776980.473445125,98413313.34034225
532440.0,39027592.812187165,98406621.23751059
532500.0,39281816.478817284,98399959.28767863
532560.0,39539569.76413573,98393327.87831365
532620.0,39800547.134679414,98386727.3622898
532680.0,40064344.2205935,98380158.04677486
532740.0,40330598.62297154,98373620.19798289
532800.0,40599188.19277905,98367114.06825258
532860.0,40869826.43432835,98360639.87754953
532920.0,41142068.03507021,98354197.79560374
532980.0,41415690.919047244,98347787.96706872
533040.0,41690535.10696219,98341410.51852524
533100.0,41966335.7951514,98335065.5466937
533160.0,42242607.859238826,98328753.09365661
533220.0,42519273.10174633,98322473.19267856
533280.0,42796134.370754935,98316225.8548273
533340.0,43072939.550418295,98310011.06280296
533400.0,43349193.23842369,98303828.74358761
533460.0,43624933.63401596,98297678.82849261
533520.0,43899935.672826566,98291561.22354934
533580.0,44173908.06498399,98285475.80207643
533640.0,44446498.73173322,98279422.39786343
533700.0,44717709.05011621,98273400.84492946
533760.0,44987336.06503478,98267410.954554
533820.0,45255047.218933634,98261452.50072287
533880.0,45520635.20158677,98255525.23422487
533940.0,45784062.56971921,98249628.90175329
534000.0,46045147.39310936,98243763.22967367
534060.0,46303513.19457278,98237927.90217844
534120.0,46559098.92834896,98232122.5967444
534180.0,46811825.86249602,98226346.98214996
534240.0,47061531.78793425,98220600.70910479
534300.0,47307793.33577955,98214883.3809326
534360.0,47550697.41656212,98209194.61089393
534420.0,47790121.26328367,98203533.99863979
534480.0,48025882.30368264,98197901.12350565
534540.0,48257623.30055308,98192295.52491736
534600.0,48485464.92750975,98186716.75605121
534660.0,48709276.20829028,98181164.35558575
534720.0,48928825.6498733,98175637.83643116
534780.0,49143900.64579346,98170136.68786271
534840.0,49354576.20178212,98164660.40779921
534900.0,49560737.41088831,98159208.48149557
534960.0,49762100.84586782,98153780.36264905
535020.0,49958600.693963654,98148375.49782135
535080.0,50150263.49046631,98142993.33679788
535140.0,50336989.228934385,98137633.31839806
535200.0,50518439.58081698,98132294.84376381
535260.0,50694697.97845493,98126977.32365786
535320.0,50865739.69521155,98121680.16633567
535380.0,51031476.21819064,98116402.77039842
535440.0,51191518.51037184,98111144.49112232
535500.0,51346094.85914831,98105904.70965093
535560.0,51495128.88743955,98100682.79884855
535620.0,51638476.01520934,98095478.11566454
535680.0,51775893.6244135,98090289.99016148
535740.0,51907557.81604945,98085117.77242443
535800.0,52033404.517881684,98079960.8056546
535860.0,52153230.414954074,98074818.4105823
535920.0,52266942.22993946,98069689.89779899
535980.0,52374661.280330665,98064574.59178561
536040.0,52476335.063994676,98059471.81144893
536100.0,52571698.975803286,98054380.84638618
536160.0,52660812.12056121,98049300.99312681
536220.0,52743738.50656139,98044231.55567725
536280.0,52820436.56313627,98039171.8337045
536340.0,52890577.965401515,98034121.09045935
536400.0,52954377.29915239,98029078.6135252
536460.0,53011838.82491606,98024043.69128063
536520.0,53062897.24156425,98019015.60511984
536580.0,53107260.53630695,98013993.60410577
536640.0,53145199.55017917,98008976.96791907
536700.0,53176690.56684304,98003964.9739111
536760.0,53201604.29067684,97998956.88530354
536820.0,53219802.228671335,97993951.95016812
536880.0,53231495.17057957,97988949.4404699
536940.0,53236668.98466725,97983948.62692025
537000.0,53235128.237869576,97978948.75872037
537060.0,53226891.15096457,97973949.08744255
537120.0,53212106.228446014,97968948.8815825
537180.0,53190768.554244846,97963947.4094137
537240.0,53162614.554247476,97958943.91009997
537300.0,53127822.27151622,97953937.64302698
537360.0,53086475.805672124,97948927.87730151
537420.0,53038579.1410503,97943913.88280153
537480.0,52983798.70524169,97938894.89249371
537540.0,52922475.35163683,97933870.17773303
537600.0,52854626.781286605,97928839.0121754
537660.0,52780196.095717944,97923800.66345131
537720.0,52698986.56972705,97918754.37756717
537780.0,52611296.15701608,97913699.43410845
537840.0,52517143.819361955,97908635.11509745
537900.0,52416402.823442586,97903560.68874031
537960.0,52309037.93683203,97898475.41964017
538020.0,52195280.69398266,97893378.59854887
538080.0,52075158.336006306,97888269.51957224
538140.0,51948472.6974373,97883147.45503637
538200.0,51815352.911277734,97878011.69198802
538260.0,51675962.32993506,97872861.53600073
538320.0,51530336.33344669,97867696.29690102
538380.0,51378203.87945656,97862515.25461668
538440.0,51219861.173390955,97857317.72240348
538500.0,51055401.77365051,97852103.02424763
538560.0,50884841.97016895,97846870.48625141
538620.0,50707917.961410865,97841619.405431
538680.0,50525014.16049947,97836349.12193303
538740.0,50336180.01348935,97831058.98170489
538800.0,50141359.2591325,97825748.3247202
538860.0,49940454.45751079,97820416.48039694
538920.0,49733780.36525424,97815062.81349479
538980.0,49521394.44300313,97809686.69545287
539040.0,49303166.6956207,97804287.48352055
539100.0,49079168.651587255,97798864.54319423
539160.0,48849644.08745218,97793417.26738124
539220.0,48614658.54822781,97787945.05655235
539280.0,48374007.273366295,97782447.28866369
539340.0,48127933.2526471,97776923.36898006
539400.0,47876608.13372754,97771372.72212408
539460.0,47620105.69369956,97765794.78118
539520.0,47358145.51903055,97760188.94829941
539580.0,47091144.48535141,97754554.67225549
539640.0,46819201.13902304,97748891.41302343
539700.0,46542333.5409125,97743198.63282642
539760.0,46260377.43723609,97737475.77586825
539820.0,45973733.44122087,97731722.33112727
539880.0,45682490.38996379,97725937.79768194
539940.0,45386591.47032072,97720121.6685201
540000.0,45086046.48396165,97714273.43794404
540060.0,44781183.74527221,97708392.63695608
540120.0,44472101.267060526,97702478.80765483
540180.0,44158666.78085266,97696531.47765073
540240.0,43841066.81560302,97690550.19548036
540300.0,43519556.85354294,97684534.53825194
540360.0,43194244.69119423,97678484.09523094
540420.0,42864922.15151409,97672398.43275246
540480.0,42531955.34412563,97666277.15798685
540540.0,42195526.58656522,97660119.89851616
540600.0,41855736.304493554,97653926.29323383
540660.0,41512353.918803066,97647695.95560487
540720.0,41165874.432153784,97641428.55419303
540780.0,40816424.80905955,97635123.77179593
540840.0,40464031.280541256,97628781.29426196
540900.0,40108644.13309158,97622400.80206439
540960.0,39750687.358984776,97615982.02284488
541020.0,39390300.45438869,97609524.69983628
541080.0,39027435.42995251,97603028.57106385
541140.0,38662227.14454754,97596493.38962172
541200.0,38295028.92266928,97589918.94788481
541260.0,37925994.29627406,97583305.05533946
541320.0,37555001.11976842,97576651.50801784
541380.0,37182373.15512309,97569958.13792442
541440.0,36808393.604904,97563224.80852139
541500.0,36433231.86211993,97556451.40210073
541560.0,36056691.72162434,97549637.77926886
541620.0,35679290.981687725,97542783.85805498
541680.0,35301243.415668845,97535889.5802036
541740.0,34922679.01958008,97528954.90188254
541800.0,34543499.80640333,97521979.7684279
541860.0,34164251.4722097,97514964.18562464
541920.0,33785136.50954162,97507908.18167467
541980.0,33406214.855527773,97500811.79140276
542040.0,33027585.903202582,97493675.06062037
542100.0,32649731.09968097,97486498.08840555
542160.0,32272875.359056864,97479280.99868341
542220.0,31897008.725060653,97472023.91422245
542280.0,31522434.714900587,97464726.99131922
542340.0,31149571.4333221,97457390.43245673
542400.0,30778668.80132867,97450014.46767452
542460.0,30409646.499649674,97442599.31802647
542520.0,30043019.683377806,97435145.26144223
542580.0,29679143.287849296,97427652.61497828
542640.0,29318286.72336781,97420121.72533967
542700.0,28960320.599934228,97412552.924773
542760.0,28605956.60874328,97404946.62405267
542820.0,28255492.859733738,97397303.2667227
542880.0,27909131.12657874,97389623.31843135
542940.0,27566953.38842313,97381907.25368054
543000.0,27229611.04580179,97374155.61874044
543060.0,26897429.523149926,97366368.99559432
543120.0,26570537.699491847,97358547.9802059
543180.0,26249233.3157232,97350693.2011642
543240.0,25934101.459889285,97342805.35140263
543300.0,25625490.60884245,97334885.16203293
543360.0,25323446.932239182,97326933.36894219
543420.0,25028485.06395303,97318950.76451412
543480.0,24741112.174071215,97310938.19677396
543540.0,24461690.076044936,97302896.55331212
543600.0,24190166.085873164,97294826.7155122
543660.0,23927267.46636952,97286729.6446316
543720.0,23673404.409493115,97278606.34676853
543780.0,23428881.36659207,97270457.86116992
543840.0,23193684.046888575,97262285.22504742
543900.0,22968579.660265334,97254089.55978931
543960.0,22753907.56970592,97245872.02372158
544020.0,22549836.06439915,97237633.79321983
544080.0,22356518.85009971,97229376.06109113
544140.0,22174582.54945477,97221100.08871141
544200.0,22004314.455148116,97212807.16857542
544260.0,21845710.682817657,97204498.59217967
544320.0,21699069.681739543,97196175.68334916
544380.0,21564839.403610986,97187839.81469715
544440.0,21443221.57013309,97179492.38046259
544500.0,21334003.245920062,97171134.75080588
544560.0,21237603.756414317,97162768.34148522
544620.0,21154256.564531773,97154394.59335512
544680.0,21084048.58166463,97146014.95620908
544740.0,21026528.483586192,97137630.8294911
544800.0,20982219.52335194,97129243.6696556
544860.0,20951116.231584,97120854.93191329
544920.0,20933066.300059397,97112466.05406348
544980.0,20927690.82200668,97104078.43155637
545040.0,20935289.955623243,97095693.49227016
545100.0,20955721.560190577,97087312.64780873
545160.0,20988589.004722856,97078937.26550154
545220.0,21033615.08881487,97070568.68157102
545280.0,21090868.734526448,97062208.2392353
545340.0,21160092.98448564,97053857.25285013
545400.0,21240666.54095866,97045516.96784332
545460.0,21332442.022026192,97037188.61288284
545520.0,21435282.099061146,97028873.40099174
545580.0,21548845.53398168,97020572.50713196
545640.0,21672318.695301887,97012287.01627955
545700.0,21805720.178336263,97004018.01497796
545760.0,21948740.124334592,96995766.55522746
545820.0,22100943.86258097,96987533.64078395
545880.0,22261496.03159065,96979320.1831439
545940.0,22430482.33118025,96971127.10282166
546000.0,22607498.8357952,96962955.27553958
546060.0,22791978.835969836,96954805.51436612
546120.0,22983310.863962416,96946678.564833
546180.0,23181463.384250317,96938575.16868003
546240.0,23386036.894694135,96930496.02343903
546300.0,23596357.12089121,96922441.75228004
546360.0,23812060.601655863,96914412.93818487
546420.0,24033018.92144936,96906410.14977852
546480.0,24258855.552476186,96898433.9140959
546540.0,24488803.577589888,96890484.67374718
546600.0,24722763.551969416,96882562.86023216
546660.0,24960521.866787266,96874668.88141607
546720.0,25201735.285243303,96866803.1073164
546780.0,25445550.533669967,96858965.81415568
546840.0,25692142.267080884,96851157.29719858
546900.0,25941216.102729004,96843377.81928366
546960.0,26192367.844059408,96835627.59879494
547020.0,26444952.51042561,96827906.78327575
547080.0,26699130.581223555,96820215.53780504
547140.0,26954624.315341245,96812553.99693185
547200.0,27210944.902191706,96804922.24154867
547260.0,27467721.75213658,96797320.31188202
547320.0,27725035.684108686,96789748.25700065
547380.0,27982644.769436594,96782206.09943324
547440.0,28239969.719004624,96774693.79820785
547500.0,28496917.30871711,96767211.30215421
547560.0,28753483.750957858,96759758.55970941
547620.0,29009459.76476307,96752335.49640329
547680.0,29264167.75670405,96744941.96356589
547740.0,29517795.885213107,96737577.83320348
547800.0,29770249.245248247,96730242.96698356
547860.0,30021314.948657848,96722937.20331931
547920.0,30270306.081977878,96715660.30547422
547980.0,30517599.88409227,96708412.07812053
548040.0,30763035.502796635,96701192.30840568
548100.0,31006295.848101877,96694000.74885884
548160.0,31246966.245251358,96686837.10672842
548220.0,31485329.345345963,96679701.12032573
548280.0,31721247.312862158,96672592.51299289
548340.0,31954290.0962284,96665510.96113637
548400.0,32184321.921469107,96658456.12644932
548460.0,32411523.564734887,96651427.69054933
548520.0,32635777.252845526,96644425.32231069
548580.0,32856530.937421225,96637448.63037315
548640.0,33073936.309428886,96630497.24013682
548700.0,33288064.584588517,96623570.78495306
548760.0,33498815.513688937,96616668.88737255
548820.0,33705505.85451613,96609791.09541532
548880.0,33908585.02831109,96602937.00642678
548940.0,34108006.69144656,96596106.212863
549000.0,34303588.348401435,96589298.28741334
549060.0,34494799.153419144,96582512.74494432
549120.0,34682105.108176485,96575749.15145254
549180.0,34865431.68364345,96569007.06498167
549240.0,35044463.25568176,96562286.00928916
549300.0,35218959.30967914,96555585.48206909
549360.0,35389268.10837691,96548905.01927161
549420.0,35555327.56948459,96542244.15026979
549480.0,35716680.13643623,96535602.35467972
549540.0,35873388.22092954,96528979.11915906
549600.0,36025674.341432236,96522373.95488201
549660.0,36173487.55739911,96515786.36767566
549720.0,36316219.49987834,96509215.79718146
549780.0,36454249.11588529,96502661.72464176
549840.0,36587664.94481281,96496123.64118695
549900.0,36716406.17842787,96489601.03153472
549960.0,36839764.47944013,96483093.3033488
550020.0,36958389.97040434,96476599.93547131
550080.0,37072248.71807634,96470120.40327047
550140.0,37181129.574350804,96463654.15931486
550200.0,37284634.001288295,96457200.61295085
550260.0,37383279.60327226,96450759.23022163
550320.0,37477040.9939928,96444329.47463547
550380.0,37565547.99608856,96437910.76957949
550440.0,37648726.77159487,96431502.53064358
550500.0,37726954.02099244,96425104.21472973
550560.0,37800212.21376219,96418715.27706616
550620.0,37867963.46098475,96412335.11450583
550680.0,37930473.951065555,96405963.15316746
550740.0,37987970.976467066,96399598.84418209
550800.0,38040444.26529105,96393241.63780095
550860.0,38087179.59654863,96386890.9067214
550920.0,38128798.75588729,96380546.091632
550980.0,38165371.066426896,96374206.64101398
551040.0,38196794.523210235,96367871.99248199
551100.0,38222465.4766979,96361541.51817434
551160.0,38243081.54853599,96355214.66644675
551220.0,38258644.00431007,96348890.88603288
551280.0,38268876.133484244,96342569.5957899
551340.0,38273524.0533457,96336250.18719894
551400.0,38273129.25645413,96329932.11092791
551460.0,38267698.967769064,96323614.81866992
551520.0,38256773.379413694,96317297.71233405
551580.0,38240464.196357824,96310980.20624073
551640.0,38219148.18453877,96304661.75594468
551700.0,38192838.137105554,96298341.81862888
551760.0,38160882.950486295,96292019.78090943
551820.0,38123775.55154093,96285695.0832657
551880.0,38081719.47437992,96279367.18854849
551940.0,38034732.71869766,96273035.56179887
552000.0,37981964.93834533,96266699.57586153
552060.0,37924305.58680365,96260358.70052308
552120.0,37861776.61562445,96254012.40818611
552180.0,37794206.73758238,96247660.15287039
552240.0,37721121.18951839,96241301.33725072
552300.0,37643238.3271615,96234935.44230124
552360.0,37560584.53878623,96228561.95208795
552420.0,37472791.18581993,96222180.31086212
552480.0,37379775.04330396,96215789.95407808
552540.0,37282074.38542083,96209390.37588623
552600.0,37179719.91968425,96202981.07399088
552660.0,37072138.11953264,96196561.48404902
552720.0,36959652.12818914,96190131.07704121
552780.0,36842611.98200551,96183689.36217146
552840.0,36721052.40810343,96177235.85262576
552900.0,36594187.84402062,96170769.9765532
552960.0,36462761.96485225,96164291.24304499
553020.0,36326928.71854919,96157799.17810796
553080.0,36186635.76854827,96151293.30227703
553140.0,36041151.18656654,96144773.05690163
553200.0,35891380.185626864,96138237.98175292
553260.0,35737363.92898137,96131687.62126568
553320.0,35578839.633637525,96125121.49157715
553380.0,35415492.08412508,96118539.07485726
553440.0,35248031.232272826,96111939.93046844
553500.0,35076501.48175971,96105323.62277752
553560.0,34900422.988649905,96098689.6643303
553620.0,34719910.57517467,96092037.580328
553680.0,34535471.4385772,96085366.95114055
553740.0,34347152.950134404,96078677.36245261
553800.0,34154252.09877597,96071968.32396251
553860.0,33957326.132299416,96065239.40594803
553920.0,33756672.44397538,96058490.21108647
553980.0,33552341.106091674,96051720.34765042
554040.0,33343400.380887624,96044929.32317926
554100.0,33130861.309367545,96038116.75490488
554160.0,32914804.92118009,96031282.26899825
554220.0,32695088.07747741,96024425.4762959
554280.0,32471132.289604176,96017545.92518239
554340.0,32243825.713215277,96010643.26036888
554400.0,32013222.636903357,96003717.13259576
554460.0,31778952.240954027,95996767.15262698
554520.0,31540887.55909323,95989792.9176569
554580.0,31299700.34685144,95982794.09773146
554640.0,31055446.902567904,95975770.36912966
554700.0,30807523.833889097,95968721.34300362
554760.0,30556265.877659526,95961646.66687714
554820.0,30302122.412128538,95954546.0370237
554880.0,30045151.51434052,95947419.15612806
554940.0,29784512.921173874,95940265.63615458
555000.0,29521012.118194018,95933085.1763148
555060.0,29254870.708118547,95925877.49990487
555120.0,28986076.557308592,95918642.3290291
555180.0,28713764.148572378,95911379.29237282
555240.0,28439002.304393608,95904088.13428034
555300.0,28161851.82192483,95896768.60577548
555360.0,27882063.89983484,95889420.43110976
555420.0,27599243.418346755,95882043.29197043
555480.0,27314230.566621594,95874636.96093509
555540.0,27027087.388286687,95867201.21738042
555600.0,26737324.743778728,95859735.78795561
555660.0,26445025.80762634,95852240.4084091
555720.0,26150797.441644922,95844714.88012506
555780.0,25854702.80337381,95837159.01139174
555840.0,25556009.259906,95829572.53149629
555900.0,25255285.18412963,95821955.23118897
555960.0,24952900.011314254,95814306.94118035
556020.0,24648917.932296865,95806627.4991809
556080.0,24342360.098939355,95798916.63735524
556140.0,24034286.158592142,95791174.2023052
556200.0,23724824.57836894,95783400.0545572
556260.0,23413858.90435994,95775594.04213673
556320.0,23100706.665547453,95767755.93952924
556380.0,22786379.284564365,95759885.63038926
556440.0,22470942.877541758,95751983.0055507
556500.0,22154034.155812476,95744047.91672593
556560.0,21835463.576718286,95736080.19525763
556620.0,21516000.82363222,95728079.755528
556680.0,21195713.27300711,95720046.51921819
556740.0,20873988.211178772,95711980.34201074
556800.0,20551135.063318115,95703881.11299363
556860.0,20227679.01898439,95695748.7778903
556920.0,19903689.091510314,95687583.28988272
556980.0,19578300.480706647,95679384.50901347
557040.0,19252327.946386497,95671152.38314503
557100.0,18926049.799329344,95662886.89013654
557160.0,18599492.89595515,95654588.01074885
557220.0,18271670.601174556,95646255.61951275
557280.0,17943777.20974356,95637889.71959785
557340.0,17615886.40315601,95629490.32210441
557400.0,17287772.563442208,95621057.4138419
557460.0,16958957.376203116,95612590.93014395
557520.0,16630390.454850135,95604090.9085689
557580.0,16302149.98231274,95595557.39507204
557640.0,15973754.563745447,95586990.3837926
557700.0,15645243.6583131,95578389.87311745
557760.0,15317321.300268354,95569755.93716942
557820.0,14990072.55389577,95561088.65918908
557880.0,14662755.77936409,95552388.0426178
557940.0,14335941.72221107,95543654.15227257
558000.0,14010088.240922514,95534887.10217457
558060.0,13685291.078748818,95526087.01658985
558120.0,13360542.016368246,95517253.91134365
558180.0,13036963.475179473,95508387.92290592
558240.0,12714766.78028439,95499489.21040134
558300.0,12393898.179664178,95490557.92710948
558360.0,12073572.777044617,95481594.14190102
558420.0,11754997.305031985,95472598.05327559
558480.0,11438302.886273216,95463569.87373467
558540.0,11123178.594676528,95454509.78228778
558600.0,10809403.619500134,95445417.93415
558660.0,10497965.081468483,95436294.5904863
558720.0,10189032.725008952,95427140.03057806
558780.0,9882033.915919095,95417954.4720991
558840.0,9577359.784800561,95408738.17462353
558900.0,9275790.999049408,95399491.48142165
558960.0,8977561.255505744,95390214.76070182
559020.0,8681832.080916407,95380908.29052044
559080.0,8389685.72773688,95371572.46496102
559140.0,8101718.938367835,95362207.74197286
559200.0,7818258.148040955,95352814.61433403
559260.0,7538242.668822503,95343393.4608156
559320.0,7263530.902286646,95333944.85938258
559380.0,6994588.78422538,95324469.43772914
559440.0,6731577.942250391,95314967.84061463
559500.0,6474213.573923456,95305440.68198015
559560.0,6224340.818457412,95295888.77335228
559620.0,5982681.944191642,95286313.00334807
559680.0,5749277.54991474,95276714.26455589
559740.0,5524813.65985972,95267093.5227181
559800.0,5311204.18164071,95257451.94829784
559860.0,5109527.361153802,95247790.82681172
559920.0,4919703.3841268625,95238111.43467255
559980.0,4743565.281876549,95228415.24414937
560040.0,4583037.3802770125,95218703.93304333
560100.0,4439460.212528287,95208979.32203951
560160.0,4312360.678479021,95199243.1803682
560220.0,4204534.690669937,95189497.57594603
560280.0,4117342.3024269114,95179744.72145112
560340.0,4051483.8613972454,95169986.90360552
560400.0,4005938.108058543,95160226.29880942
560460.0,3982929.7965621175,95150465.32070193
560520.0,3982418.949120646,95140706.37760927
560580.0,4003305.2680584164,95130951.75905961
560640.0,4044123.4140294865,95121203.59677953
560700.0,4105247.0112623763,95111464.06156439
560760.0,4185369.2618547236,95101735.18345612
560820.0,4281950.766728883,95092018.71994732
560880.0,4393678.284484282,95082316.28729483
560940.0,4519889.210175055,95072629.43018958
561000.0,4659031.6403102605,95062959.52668265
561060.0,4808258.070368349,95053307.64972228
561120.0,4967200.741796342,95043674.83247378
561180.0,5135013.561440154,95034062.01719835
561240.0,5310532.142122253,95024470.02127413
561300.0,5491099.453763525,95014899.37770733
561360.0,5677420.428486123,95005350.6946217
561420.0,5868686.190822754,94995824.49343503
561480.0,6063843.0968855955,94986321.18274935
561540.0,6261331.016456175,94976841.00429371
561600.0,6461824.432166922,94967384.27175395
561660.0,6664809.511811924,94957951.24379113
561720.0,6869214.968249917,94948542.06452648
561780.0,7074418.203695247,94939156.81152415
561840.0,7280928.04888737,94929795.61665416
561900.0,7488434.029682395,94920458.5785776
561960.0,7695742.543521556,94911145.66847348
562020.0,7903010.895032207,94901856.87432665
562080.0,8110545.251583792,94892592.21680927
562140.0,8318158.317430704,94883351.69659373
562200.0,8524452.257016959,94874135.16517009
562260.0,8730293.458408104,94864942.56654596
562320.0,8935756.37925018,94855773.85269755
562380.0,9140618.549289668,94846628.95188636
562440.0,9343545.290097285,94837507.65002356
562500.0,9545767.974677997,94828409.8644582
562560.0,9747212.644305686,94819335.50468643
562620.0,9947378.911427628,94810284.42687975
562680.0,10145582.73687199,94801256.41433017
562740.0,10342803.533933753,94792251.35484831
562800.0,10539003.492061926,94783269.13226165
562860.0,10733363.919822168,94774309.54317601
562920.0,10925867.876615088,94765372.38247822
562980.0,11117226.107572801,94756457.52089079
563040.0,11307425.834601013,94747564.82782958
563100.0,11495287.099919131,94738694.04703812
563160.0,11681503.184991188,94729844.99623245
563220.0,11866491.378675848,94721017.53766021
563280.0,12050256.96171723,94712211.53419025
563340.0,12231212.624661334,94703426.67968929
563400.0,12410824.267629078,94694662.82426734
563460.0,12589183.902222678,94685919.82789613
563520.0,12766012.770668902,94677197.52092667
563580.0,12940159.743460584,94668495.61123036
563640.0,13113047.317542497,94659813.95822911
563700.0,13284702.042848125,94651152.42423066
563760.0,13454441.348112848,94642510.7989565
563820.0,13621848.665796062,94633888.82788774
563880.0,13788040.149818677,94625286.3753789
563940.0,13953051.031393707,94616703.30959062
564000.0,14115748.31857783,94608139.3782086
564060.0,14276529.697211627,94599594.37132838
564120.0,14436166.352547813,94591068.16115835
564180.0,14594700.321898114,94582560.62443185
564240.0,14750499.053667579,94574071.46433288
564300.0,14904862.378265146,94565600.52237795
564360.0,15058173.549111653,94557147.68089662
564420.0,15210378.437879711,94548712.81651446
564480.0,15359598.607042262,94540295.60624559
564540.0,15507825.154397633,94531895.9388578
564600.0,15655108.685101831,94523513.70854391
564660.0,15800913.382633545,94515148.75260662
564720.0,15944216.310289826,94506800.79973345
564780.0,16086643.91223003,94498469.75151423
564840.0,16228250.05431081,94490155.5153025
564900.0,16367967.704375442,94481857.88515796
564960.0,16505723.604575593,94473576.6474476
565020.0,16642732.272690706,94465311.71760002
565080.0,16779049.77608333,94457063.01703285
565140.0,16913028.274832677,94448830.29224867
565200.0,17045640.169043772,94440613.39308484
565260.0,17177639.27252086,94432412.24945672
565320.0,17309082.861551248,94424226.79738839
565380.0,17437693.64249734,94416056.73125711
565440.0,17565585.32169209,94407901.96985967
565500.0,17693001.770148955,94399762.45790215
565560.0,17819628.150059126,94391638.1067131
565620.0,17943628.149234187,94383528.6328659
565680.0,18067232.889389955,94375433.98970263
565740.0,18190500.007832903,94367354.13669787
565800.0,18312509.56065691,94359288.93578842
565860.0,18432518.707714155,94351238.17020386
565920.0,18552268.548166305,94343201.80786055
565980.0,18671815.489523653,94335179.82266833
566040.0,18789589.95707174,94327172.02217378
566100.0,18906033.666110918,94319178.26082179
566160.0,19022349.18003205,94311198.52056313
566220.0,19138590.829576388,94303232.7891134
566280.0,19252498.40966987,94295280.81471422
566340.0,19365783.59910637,94287342.52705497
566400.0,19479064.16828915,94279417.92129663
566460.0,19592331.963105228,94271506.99173851
566520.0,19702778.37804674,94263609.43522361
566580.0,19813284.148610305,94255725.25378904
566640.0,19923898.8110881,94247854.45471631
566700.0,20033947.88143756,94239996.97387213
566760.0,20141852.271227635,94232152.57998025
566820.0,20249921.227785528,94224321.28630477
566880.0,20358200.20263476,94216503.11091489
566940.0,20465314.282969464,94208697.92636329
567000.0,20570988.680835158,94200905.57617858
567060.0,20676919.01791162,94193126.08336744
567120.0,20783146.03045301,94185359.47523656
567180.0,20887565.864637867,94177605.5565218
567240.0,20991272.762629308,94169864.2477854
567300.0,21095311.241666898,94162135.58009571
567360.0,21199716.77667148,94154419.58825947
567420.0,21301634.213627372,94146716.0051597
567480.0,21403580.25582279,94139024.82988487
567540.0,21505916.197433125,94131346.09971969
567600.0,21608297.508909248,94123679.81551348
567660.0,21708224.82649532,94116025.71393974
567720.0,21808555.596381083,94108383.83377512
567780.0,21909315.9950755,94100754.21654604
567840.0,22009432.43009241,94093136.79032178
567900.0,22107798.515277676,94085531.36630963
567960.0,22206594.508124832,94077937.98612177
568020.0,22305840.352513026,94070356.69345951
568080.0,22403720.13881971,94062787.34021123
568140.0,22500557.510926753,94055229.81250721
568200.0,22597831.352685668,94047684.15269098
568260.0,22695555.203353915,94040150.40451768
568320.0,22791164.347141758,94032628.34095588
568380.0,22886436.455391552,94025117.92272665
568440.0,22982131.3959573,94017619.19077322
568500.0,23078256.23885711,94010132.18676773
568560.0,23171497.712278087,94002656.60271597
568620.0,23265098.341528546,93995192.4729005
568680.0,23359088.014903493,93987739.83474286
568740.0,23452766.105316453,93980298.65173522
568800.0,23544181.408130396,93972868.68156184
568860.0,23635935.325090744,93965449.95638977
568920.0,23728024.734596413,93958042.50804324
568980.0,23819016.793992378,93950646.21723716
569040.0,23908409.429553922,93943260.91179772
569100.0,23998074.20486584,93935886.61694194
569160.0,24088001.860425606,93928523.35690016
569220.0,24176035.734509677,93921170.92856428
569280.0,24263117.339866523,93913829.22814389
569340.0,24350386.253780417,93906498.27198683
569400.0,24437827.362224463,93899178.07484142
569460.0,24522574.440080035,93891868.34945583
569520.0,24606995.073912874,93884569.05812888
569580.0,24691500.991623677,93877280.20654702
569640.0,24775789.076231,93870001.76846714
569700.0,24857150.69833262,93862733.43238814
569760.0,24938503.334995378,93855475.19417232
569820.0,25019823.42280152,93848227.04720262
569880.0,25100105.246318866,93840988.87897763
569940.0,25178067.30941386,93833760.44213484
570000.0,25255893.07620431,93826541.71925423
570060.0,25333554.22166213,93819332.68994176
570120.0,25409362.867170166,93812133.15617806
570180.0,25483433.51577813,93804942.93207616
570240.0,25557227.534946784,93797761.98559076
570300.0,25630712.332725264,93790590.28126115
570360.0,25701542.694650788,93783427.53693266
570420.0,25771188.591990165,93776273.62518921
570480.0,25840406.291736875,93769128.49820842
570540.0,25909159.46114014,93761992.1043671
570600.0,25974474.182907987,93754864.07934909
570660.0,26039127.080717754,93747744.3509295
570720.0,26103190.847157598,93740632.8545561
570780.0,26166081.3775558,93733529.46430308
570840.0,26225861.63187933,93726433.85069866
570900.0,26284925.196484137,93719345.93596885
570960.0,26343231.250139385,93712265.63808258
571020.0,26399566.06816643,93705192.74751098
571080.0,26453311.179021224,93698126.9898341
571140.0,26506167.967244387,93691068.26948296
571200.0,26558093.361874327,93684016.48640442
571260.0,26607275.673542447,93676971.35030392
571320.0,26654358.24708496,93669932.63857286
571380.0,26700376.741120923,93662900.23744953
571440.0,26745286.398567334,93655874.02852063
571500.0,26786711.46302641,93648853.64399932
571560.0,26826495.121018548,93641838.90974328
571620.0,26865036.747833434,93634829.69360368
571680.0,26902131.195556205,93627825.84195611
571740.0,26935352.037014693,93620826.94660455
571800.0,26967198.390878223,93613832.86176135
571860.0,26997624.468373466,93606843.43689582
571920.0,27025854.069474157,93599858.44010948
571980.0,27050680.540866747,93592877.5130247
572040.0,27073956.061521877,93585900.49168512
572100.0,27095634.63006798,93578927.20737872
572160.0,27114404.129819907,93571957.35386805
572220.0,27130211.438710064,93564990.6194741
572280.0,27144294.19226729,93558026.82240687
572340.0,27156606.70602434,93551065.77616341
572400.0,27165337.004443426,93544107.1043844
572460.0,27171516.75521425,93537150.53899826
572520.0,27175802.989990514,93530195.88090257
572580.0,27178150.857653353,93523242.9263785
572640.0,27176285.075058434,93516291.23339324
572700.0,27172251.752289645,93509340.57446384
572760.0,27166162.337553613,93502390.73387752
572820.0,27157616.648674086,93495441.45409486
572880.0,27144982.751638483,93488492.30676532
572940.0,27130180.065401677,93481543.06472518
573000.0,27113166.797069307,93474593.4965296
573060.0,27093068.463323846,93467643.27927138
573120.0,27069291.263118487,93460692.02801341
573180.0,27043198.382485613,93453739.50067692
573240.0,27014750.186236892,93446785.45113593
573300.0,26982633.731889762,93439829.49595863
573360.0,26947223.09265423,93432871.29101898
573420.0,26909360.809841502,93425910.58049464
573480.0,26869009.88860916,93418947.10479973
573540.0,26824454.343391567,93411980.42494187
573600.0,26776966.25172234,93405010.23517479
573660.0,26726903.137401015,93398036.26727417
573720.0,26674169.920185663,93391058.24318433
573780.0,26616865.890300304,93384075.68620923
573840.0,26556908.6633506,93377088.32035574
573900.0,26494267.29505733,93370095.86651096
573960.0,26428431.44127305,93363097.99232894
574020.0,26358422.372222878,93356094.26329997
574080.0,26285663.01654205,93349084.39381349
574140.0,26210126.388540093,93342068.09555815
574200.0,26130920.76337488,93335044.98716399
574260.0,26047921.71538674,93328014.6744201
574320.0,25962092.569183215,93320976.86392017
574380.0,25873410.825883996,93313931.26003027
574440.0,25780636.15024025,93306877.43768749
574500.0,25684432.69300257,93299815.04136951
574560.0,25585338.52578961,93292743.7718921
574620.0,25483336.20508268,93285663.32837464
574680.0,25376868.20976557,93278573.24744765
574740.0,25267324.015059374,93271473.21098953
574800.0,25154849.813497007,93264362.91627164
574860.0,25039227.251387678,93257242.03790145
574920.0,24919231.26351116,93250110.12277158
574980.0,24796296.601611484,93242966.86768223
575040.0,24670416.344298773,93235811.96883798
575100.0,24541042.60889931,93228645.0654097
575160.0,24407698.87120414,93221465.74700847
575220.0,24271420.38615285,93214273.71140184
575280.0,24132207.210825708,93207068.65648939
575340.0,23989210.965661768,93199850.19182248
575400.0,23842645.183719993,93192617.9493816
575460.0,23693177.450154293,93185371.63090602
575520.0,23540815.75492099,93178110.93909243
575580.0,23384438.416402027,93170835.45983437
575640.0,23224894.374991324,93163544.8676846
575700.0,23062513.91497648,93156238.87175414
575760.0,22897311.00704139,93148917.18273114
575820.0,22727925.1899005,93141579.3696653
575880.0,22555781.199507043,93134225.15022686
575940.0,22380903.88075242,93126854.24479197
576000.0,22203024.29661205,93119466.34583902
576060.0,22021437.195270613,93112061.07251848
576120.0,21837226.82311415,93104638.15705824
576180.0,21650429.895718366,93097197.33562104
576240.0,21460519.22435712,93089738.28958696
576300.0,21267396.919812705,93082260.69027725
576360.0,21071835.5949345,93074764.28958026
576420.0,20873886.085751433,93067248.8447792
576480.0,20672785.432939842,93059714.03384957
576540.0,20469000.84707965,93052159.58352314
576600.0,20263020.511627045,93044585.27144489
576660.0,20054912.32316241,93036990.88241687
576720.0,19843697.719880156,93029376.0995244
576780.0,19630373.17619204,93021740.70964368
576840.0,19415167.93333489,93014084.52358416
576900.0,19198057.22955814,93006407.34965861
576960.0,18978205.4295908,92998708.9093591
577020.0,18756769.06442965,92990989.04455252
577080.0,18533855.769685194,92983247.60836257
577140.0,18309222.714855123,92975484.42872919
577200.0,18082584.055715885,92967699.3039503
577260.0,17854844.895699468,92959892.12648347
577320.0,17626143.80550369,92952062.80323249
577380.0,17396038.63230019,92944211.19519228
577440.0,17164770.09779665,92936337.18842821
577500.0,16933017.77526189,92928440.73965801
577560.0,16700959.461249433,92920521.82408784
577620.0,16467970.35098086,92912580.35203288
577680.0,16234804.313948452,92904616.31214525
577740.0,16001940.006382413,92896629.74279165
577800.0,15769605.044653479,92888620.70595904
577860.0,15537006.44487376,92880589.18127199
577920.0,15305408.686215822,92872535.2796425
577980.0,15075112.502033137,92864459.1431557
578040.0,14846205.096900955,92856360.9228893
578100.0,14618346.328057725,92848240.73455565
578160.0,14392710.633928163,92840098.8156992
578220.0,14169644.117587453,92831935.4396799
578280.0,13949081.476609023,92823750.87296864
578340.0,13731221.186717259,92815545.4025167
578400.0,13517087.2907301,92807319.42138477
578460.0,13307111.734488113,92799073.3672735
578520.0,13101085.52938675,92790807.65602708
578580.0,12899753.679664036,92782522.78057584
578640.0,12704002.465865025,92774219.32554528
578700.0,12514354.535918005,92765897.92950696
578760.0,12330452.241322827,92757559.19369023
578820.0,12153590.385883866,92749203.85329345
578880.0,11984509.128224425,92740832.71992642
578940.0,11823732.915152362,92732446.65921497
579000.0,11670946.719888117,92724046.50378084
579060.0,11527754.869303962,92715633.25213495
579120.0,11394781.113527266,92707207.96699834
579180.0,11272337.609509638,92698771.74298948
579240.0,11160574.27763759,92690325.68980268
579300.0,11060854.2865707,92681871.05786034
579360.0,10973758.268797839,92673409.15719868
579420.0,10899287.506050404,92664941.29744397
579480.0,10837963.844215294,92656468.84171264
579540.0,10790789.910270136,92647993.25635894
579600.0,10758184.898155475,92639516.05052476
579660.0,10739721.67273748,92631038.68851484
579720.0,10736179.969655853,92622562.714729
579780.0,10748081.888506377,92614089.72695851
579840.0,10775580.715661261,92605621.33819492
579900.0,10817742.07938423,92597159.0640864
579960.0,10875520.626981804,92588704.51841736
580020.0,10948903.758544236,92580259.313001
580080.0,11037576.415131826,92571825.02639593
580140.0,11140627.629456813,92563403.14229241
580200.0,11258660.970706897,92554995.20618366
580260.0,11391348.479293466,92546602.72901203
580320.0,11537923.747290052,92538227.1418551
580380.0,11697735.795551479,92529869.80790015
580440.0,11870957.606606547,92521532.10765193
580500.0,12057107.675019456,92513215.37127645
580560.0,12255095.938056394,92504920.81573354
580620.0,12464612.700937977,92496649.62547676
580680.0,12685522.019839682,92488402.97042349
580740.0,12917295.639228126,92480181.96543007
580800.0,13158638.18739613,92471987.59107283
580860.0,13409637.038376706,92463820.83654824
580920.0,13669945.90647141,92455682.65487812
580980.0,13939025.375232304,92447573.94298309
581040.0,14215562.851889998,92439495.46187083
581100.0,14499950.08217042,92431448.01268347
581160.0,14791727.406483637,92423432.34877616
581220.0,15090226.834155526,92415449.15423557
581280.0,15394610.195444867,92407499.02634965
581340.0,15705109.97485999,92399582.58615443
581400.0,16021333.347503651,92391700.41389038
581460.0,16342504.69983453,92383853.00952406
581520.0,16668231.794001922,92376040.83234541
581580.0,16998605.660897683,92368264.35084625
581640.0,17333297.085593127,92360523.99936436
581700.0,17671427.63287401,92352820.12145136
581760.0,18013018.07447513,92345153.06265938
581820.0,18358024.797995742,92337523.16390054
581880.0,18706172.70360686,92329930.73757961
581940.0,19056478.042746607,92322375.99454479
582000.0,19409344.44437142,92314859.18716848
582060.0,19764595.39128596,92307380.5495233
582120.0,20121894.887848422,92299940.28095376
582180.0,20480462.27750022,92292538.50026701
582240.0,20840745.89442695,92285175.37242223
582300.0,21202540.482306946,92277851.041161
582360.0,21565381.804045696,92270565.60233584
582420.0,21928860.86862206,92263319.10962607
582480.0,22293277.706492063,92256111.64759444
582540.0,22658455.32131009,92248943.28253868
582600.0,23023798.95153408,92241814.01947679
582660.0,23389250.611714013,92234723.85745354
582720.0,23754963.63368626,92227672.811302
582780.0,24120782.940589573,92220660.87988321
582840.0,24485981.35419166,92213687.9871999
582900.0,24850836.172457855,92206754.08582936
582960.0,25215355.26888269,92199859.12917879
583020.0,25579391.726256374,92193003.05555496
583080.0,25942111.432219677,92186185.7174583
583140.0,26304088.150845937,92179407.02648528
583200.0,26665194.305938743,92172666.88114366
583260.0,27025141.61874977,92165965.15032765
583320.0,27383426.028777104,92159301.65113804
583380.0,27740470.708196823,92152676.24427359
583440.0,28096159.563351,92146088.77855158
583500.0,28450063.430651966,92139539.05872145
583560.0,28801998.653907523,92133026.87073001
583620.0,29152239.79038776,92126552.02883832
583680.0,29500680.135683287,92120114.3364151
583740.0,29846750.363523703,92113713.53839137
583800.0,30190579.48722597,92107349.39306237
583860.0,30532295.229252443,92101021.67194802
583920.0,30871798.75442346,92094730.13650644
583980.0,31208381.57272151,92088474.47550122
584040.0,31542478.898234338,92082254.42253457
584100.0,31874073.320130985,92076069.70952971
584160.0,32202999.435442466,92069920.05153114
584220.0,32528630.929429695,92063805.09937727
584280.0,32851483.478805866,92057724.55700506
584340.0,33171469.60739097,92051678.119491
584400.0,33488282.737944275,92045665.45056064
584460.0,33801601.86569617,92039686.18112375
584520.0,34111796.30892974,92033739.98015144
584580.0,34418784.18663743,92027826.5083467
584640.0,34722119.601043,92021945.38079055
584700.0,35021781.6752034,92016096.2105796
584760.0,35317995.30857624,92010278.63404544
584820.0,35610683.82371316,92004492.27980205
584880.0,35899264.10735408,91998736.71679707
584940.0,36184010.3709523,91993011.54228216
585000.0,36465005.13559983,91987316.36213788
585060.0,36742176.68311349,91981650.77505153
585120.0,37014807.06839489,91976014.3062547
585180.0,37283460.485257134,91970406.53902195
585240.0,37548079.27969499,91964827.05088793
585300.0,37808464.410865195,91959275.3991565
585360.0,38064162.23141963,91953751.09481375
585420.0,38315625.14259917,91948253.6954131
585480.0,38562789.877305135,91942782.75220567
585540.0,38805322.272529684,91937337.78238502
585600.0,39043059.22472541,91931918.28663117
585660.0,39276312.43002903,91926523.79776153
585720.0,39505023.415126346,91921153.84279506
585780.0,39728725.76931266,91915807.90117122
585840.0,39947541.66350088,91910485.46505512
585900.0,40161644.60117288,91905186.04458775
585960.0,40370980.96402511,91899909.14462046
586020.0,40574955.24787177,91894654.20923634
586080.0,40773969.24683503,91889420.72387983
586140.0,40968061.02940211,91884208.17810294
586200.0,41157132.39369866,91879016.05161528
586260.0,41340610.80816439,91873843.7657445
586320.0,41519022.98223044,91868690.79595496
586380.0,41692324.11065749,91863556.6133411
586440.0,41860286.72855223,91858440.66594139
586500.0,42022619.44569508,91853342.37221041
586560.0,42179712.90624738,91848261.19080022
586620.0,42331527.533912994,91843196.57653645
586680.0,42477710.123994894,91838147.94834535
586740.0,42618244.33732116,91833114.72372003
586800.0,42753387.850125395,91828096.3467391
586860.0,42883106.507070296,91823092.25821647
586920.0,43006925.14090488,91818101.85061912
586980.0,43125095.929937944,91813124.54243957
587040.0,43237746.94302179,91808159.76549767
587100.0,43344849.662684776,91803206.9489312
587160.0,43445810.97437006,91798265.46150278
587220.0,43541144.61564712,91793334.72472481
587280.0,43630852.66448328,91788414.16055846
587340.0,43714810.44942853,91783503.17846519
587400.0,43792617.239294276,91778601.14721502
587460.0,43864734.8832703,91773707.48300667
587520.0,43931145.3607055,91768821.600437
587580.0,43991605.739290774,91763942.88953522
587640.0,44045979.21300718,91759070.72661133
587700.0,44094600.93157108,91754204.52244644
587760.0,44137459.23289593,91749343.68687177
587820.0,44174197.19071846,91744487.59352726
587880.0,44204934.58831285,91739635.62853387
587940.0,44229883.82013017,91734787.19993827
588000.0,44249039.89618605,91729941.71551952
588060.0,44261936.33819865,91725098.53570344
588120.0,44268941.88054723,91720257.05879514
588180.0,44270150.32435769,91715416.69291385
588240.0,44265535.68987678,91710576.84377033
588300.0,44254610.56127015,91705736.8676069
588360.0,44237900.72556311,91700896.17454733
588420.0,44215413.75590054,91696054.17572825
588480.0,44187013.642645024,91691210.26865922
588540.0,44152465.015149914,91686363.82710008
588600.0,44112174.40606715,91681514.26650672
588660.0,44066157.11257191,91676661.00413245
588720.0,44014171.71886776,91671803.43286408
588780.0,43956227.11517249,91666940.94674183
588840.0,43892615.055011205,91662072.96978119
588900.0,43823359.03641477,91657198.9286265
588960.0,43748116.96322752,91652318.21530484
589020.0,43667134.116200835,91647430.24707635
589080.0,43580592.10999618,91642534.4599367
589140.0,43488523.18768966,91637630.29339506
589200.0,43390489.36807588,91632717.142588
589260.0,43286964.46562714,91627794.45114344
589320.0,43178024.73440646,91622861.67067951
589380.0,43063638.444213316,91617918.24980743
589440.0,42943496.593650125,91612963.60590921
589500.0,42818073.76363866,91607997.20490746
589560.0,42687419.080484495,91603018.5179418
589620.0,42551404.69372949,91598027.00335707
589680.0,42409954.033020414,91593022.11192745
589740.0,42263436.33661182,91588003.33221687
589800.0,42111911.44554036,91582970.15908496
589860.0,41955160.30658331,91577922.06531501
589920.0,41793331.365609854,91572858.539003
589980.0,41626693.61445024,91567779.0958092
590040.0,41455318.5592231,91562683.25886223
590100.0,41278900.86504076,91557570.52043886
590160.0,41097806.930823565,91552440.4102732
590220.0,40912210.68915067,91547292.47597198
590280.0,40722185.83921933,91542126.2728172
590340.0,40527377.409979865,91536941.32019368
590400.0,40328331.42671534,91531737.19317198
590460.0,40125142.59679624,91526513.47661914
590520.0,39917798.98083431,91521269.75435784
590580.0,39706168.197273575,91516005.59693052
590640.0,39490702.56084433,91510720.62100244
590700.0,39271511.96582503,91505414.45455702
590760.0,39048503.9337624,91500086.71633632
590820.0,38821762.64073128,91494737.03378575
590880.0,38591652.28644435,91489365.07148403
590940.0,38358299.63634836,91483970.50701706
591000.0,38121536.70610493,91478553.00104743
591060.0,37881658.93936043,91473112.24436672
591120.0,37638948.03714527,91467647.95648535
591180.0,37393549.55445995,91462159.87180027
591240.0,37145224.91027976,91456647.70060466
591300.0,36894476.385978706,91451111.20427644
591360.0,36641508.75054297,91445550.16506644
591420.0,36386438.08063509,91439964.37708992
591480.0,36129111.10798259,91434353.61899811
591540.0,35870082.25526789,91428717.72576717
591600.0,35609535.17003827,91423056.55106579
591660.0,35347517.747725114,91417369.95347899
591720.0,35084089.373250395,91411657.79767083
591780.0,34819731.1021452,91405919.99713391
591840.0,34554651.52986002,91400156.48654315
591900.0,34288834.994516365,91394367.19901228
591960.0,34022550.41191903,91388552.094939
592020.0,33756210.745590165,91382711.17659001
592080.0,33490051.700911548,91376844.470117
592140.0,33223997.973238524,91370951.99403058
592200.0,32958525.473155025,91365033.81505176
592260.0,32693983.504076324,91359090.03526136
592320.0,32430636.513881486,91353120.78348652
592380.0,32168352.329235695,91347126.17511478
592440.0,31907811.49164472,91341106.39440955
592500.0,31649302.67406664,91335061.6547923
592560.0,31393033.631251458,91328992.19063438
592620.0,31139074.217982803,91322898.24328472
592680.0,30888048.83457296,91316780.1172057
592740.0,30640272.334080115,91310638.14860734
592800.0,30395893.326763123,91304472.68860513
592860.0,30155185.253826454,91298284.11584581
592920.0,29918708.800515927,91292072.86556092
592980.0,29686803.720975757,91285839.40718345
593040.0,29459555.904713377,91279584.21864617
593100.0,29237434.74808126,91273307.82517418
593160.0,29020932.382812735,91267010.80156074
593220.0,28810406.035903245,91260693.75849757
593280.0,28605870.85077545,91254357.3079608
593340.0,28407980.82184849,91248002.12781253
593400.0,28217149.54936022,91241628.93746082
593460.0,28033704.00077001,91235238.4890798
593520.0,27857681.353358176,91228831.53829779
593580.0,27689797.915340755,91222408.91284312
593640.0,27530408.4057109,91215971.47596146
593700.0,27379741.221501637,91209520.11363156
593760.0,27237988.46349057,91203055.730886
593820.0,27105755.83024364,91196579.2935918
593880.0,26983368.731054816,91190091.80010195
593940.0,26870935.12386242,91183594.25927193
594000.0,26768777.444770448,91177087.71211897
594060.0,26677367.21258868,91170573.24686298
594120.0,26596975.897097476,91164051.97870001
594180.0,26527567.144494716,91157525.01870464
594240.0,26469567.424142197,91150993.52056302
594300.0,26423290.084635627,91144458.66913082
594360.0,26388928.697080996,91137921.66832605
594420.0,26366281.049758133,91131383.70116964
594480.0,26355853.633164205,91124846.00132427
594540.0,26357782.13713328,91118309.8156482
594600.0,26372092.95452381,91111776.39315969
594660.0,26398616.284926776,91105246.96524037
594720.0,26437708.922488246,91098722.79877117
594780.0,26489389.578024562,91092205.16200927
594840.0,26553497.52270115,91085695.30648786
594900.0,26629926.38391035,91079194.47250675
594960.0,26718842.083898503,91072703.91659826
595020.0,26820159.74904354,91066224.88622944
595080.0,26933537.101753943,91059758.5938535
595140.0,27058933.711530022,91053306.24735866
595200.0,27196335.020717863,91046869.05267857
595260.0,27345564.20918904,91040448.19743782
595320.0,27506114.183884986,91034044.81767431
595380.0,27678021.991761006,91027660.05270143
595440.0,27861112.667133845,91021295.0237428
595500.0,28055114.92332136,91014950.82423645
595560.0,28259447.61794166,91008628.48863235
595620.0,28474175.173748538,91002329.05745324
595680.0,28699009.661206372,90996053.54180093
595740.0,28933553.068403464,90989802.91228402
595800.0,29177342.831369314,90983578.0925377
595860.0,29430321.975936808,90977380.00008814
595920.0,29692170.614681266,90971209.51988421
595980.0,29962389.038398374,90965067.48621045
596040.0,30240649.47659366,90958954.70002063
596100.0,30526796.908727705,90952871.94634259
596160.0,30820499.220309135,90946819.97646277
596220.0,31121176.17788711,90940799.48297392
596280.0,31428646.90461305,90934811.13998957
596340.0,31742677.29201975,90928855.59779741
596400.0,32062937.993444078,90922933.47328994
596460.0,32388784.279757105,90917045.31825589
596520.0,32720189.689705856,90911191.68160044
596580.0,33056854.964048345,90905373.08191045
596640.0,33398411.276675884,90899590.00047387
596700.0,33744317.46508211,90893842.86396956
596760.0,34094547.88351122,90888132.09632625
596820.0,34448799.831672885,90882458.09087086
596880.0,34806651.957310244,90876821.19841674
596940.0,35167730.39228923,90871221.7320577
597000.0,35531953.79216114,90865659.99658635
597060.0,35899040.6831157,90860136.26838683
597120.0,36268521.834018916,90854650.77658273
597180.0,36640188.74524953,90849203.72925717
597240.0,37013908.38485155,90843795.32104495
597300.0,37389421.67310956,90838425.72047761
597360.0,37766213.713938735,90833095.04430178
597420.0,38144238.20646761,90827803.40456714
597480.0,38523312.43551856,90822550.89492977
597540.0,38903188.898689136,90817337.58415596
597600.0,39283339.16941489,90812163.48792958
597660.0,39663843.95308586,90807028.63003029
597720.0,40044482.063788466,90801933.01202525
597780.0,40424958.10228831,90796876.60583137
597840.0,40804904.79151245,90791859.3465164
597900.0,41184351.11335594,90786881.17208257
597960.0,41563095.68327653,90781942.0003498
598020.0,41940794.842576265,90777041.71469136
598080.0,42317238.176441714,90772180.17741826
598140.0,42692402.902166635,90767357.24861144
598200.0,43066105.80910062,90762572.77003175
598260.0,43437954.3203656,90757826.54413167
598320.0,43807891.001306914,90753118.36768332
598380.0,44175840.99529979,90748448.03003444
598440.0,44541637.668716446,90743815.30391039
598500.0,44904838.78682335,90739219.9177934
598560.0,45265536.45835572,90734661.60950756
598620.0,45623603.34633136,90730140.10421908
598680.0,45978848.758952715,90725655.10809308
598740.0,46330897.6316692,90721206.28982708
598800.0,46679871.08268579,90716793.33038749
598860.0,47025628.071392015,90712415.89673765
598920.0,47367925.548274525,90708073.6316256
598980.0,47706536.11277268,90703766.15516372
599040.0,48041526.1794605,90699493.09426872
599100.0,48372767.70437604,90695254.06318311
599160.0,48699964.94306215,90691048.646688
599220.0,49023035.52272849,90686876.42148285
599280.0,49341991.02386666,90682736.96559602
599340.0,49656715.45062572,90678629.84561254
599400.0,49966860.18184344,90674554.59339395
599460.0,50272485.53258702,90670510.74702615
599520.0,50573548.21706346,90666497.84044787
599580.0,50869942.119126834,90662515.39716545
599640.0,51161269.92139795,90658562.90112025
599700.0,51447728.30623785,90654639.85613826
599760.0,51729220.60507026,90650745.75657333
599820.0,52005586.50822506,90646880.0809458
599880.0,52276570.5520365,90643042.28243321
599940.0,52542313.40672227,90639231.82850026
600000.0,52802728.69992288,90635448.1781874
600060.0,53057602.19663294,90631690.76933013
600120.0,53306818.410346895,90627959.0284424
600180.0,53550462.2908739,90624252.39075994
600240.0,53788457.37885039,90620570.28410143
600300.0,54020535.93980119,90616912.10975417
600360.0,54246720.65418991,90613277.27151155
600420.0,54467041.16375641,90609665.17636739
600480.0,54681430.646217,90606075.22487557
600540.0,54889568.45113516,90602506.78579338
600600.0,55091613.62705198,90598959.24401927
600660.0,55287541.047313355,90595431.98218761
600720.0,55477264.46132387,90591924.37456468
600780.0,55660497.686931275,90588435.76708564
600840.0,55837447.66484873,90584965.52661207
600900.0,56008064.05302063,90581513.01523179
600960.0,56172207.33944086,90578077.5813584
601020.0,56329727.88835084,90574658.55872759
601080.0,56480777.4510477,90571255.29648885
601140.0,56625315.00413463,90567867.13995703
601200.0,56763148.66538274,90564493.41555837
601260.0,56894263.60573557,90561133.44850819
601320.0,57018757.18509312,90557786.57400575
601380.0,57136597.71191735,90554452.12435375
601440.0,57247541.96113149,90551129.40785702
601500.0,57351708.087209776,90547817.74488239
601560.0,57449139.984128416,90544516.46044585
601620.0,57539815.363329105,90541224.87760979
601680.0,57623440.81566604,90537942.29044765
601740.0,57700265.56223571,90534668.01816444
601800.0,57770281.08435605,90531401.3793874
601860.0,57833420.36194506,90528141.68633412
601920.0,57889503.864745565,90524888.2336007
601980.0,57938747.089685865,90521640.33754331
602040.0,57981144.54477893,90518397.31424326
602100.0,58016579.113876894,90515158.46838373
602160.0,58045003.172710545,90511923.10017969
602220.0,58066579.769150406,90508690.52636969
602280.0,58081313.28291796,90505460.06440082
602340.0,58089037.88483027,90502231.01547368
602400.0,58089835.90603456,90499002.68926755
602460.0,58083819.23453475,90495774.40687987
602520.0,58071002.39039432,90492545.49112439
602580.0,58051172.32606769,90489315.24387106
602640.0,58024539.30273695,90486082.9882019
602700.0,57991165.46148564,90482848.05365469
602760.0,57951056.62538721,90479609.77061385
602820.0,57904011.61149658,90476367.4497062
602880.0,57850309.04867302,90473120.42956279
602940.0,57789982.02520515,90469868.0523706
603000.0,57722989.46735678,90466609.65649149
603060.0,57649259.50119073,90463344.57339972
603120.0,57569021.270702,90460072.15763144
603180.0,57482319.041958444,90456791.76838289
603240.0,57389066.54587901,90453502.75652468
603300.0,57289319.238377005,90450204.47870089
603360.0,57183258.445630856,90446896.30984318
603420.0,57070940.11333642,90443577.63069467
603480.0,56952234.57233039,90440247.80935262
603540.0,56827322.636102796,90436906.23214084
603600.0,56696339.59787654,90433552.29907581
603660.0,56559353.66149858,90430185.41719154
603720.0,56416193.63629104,90426804.97674422
603780.0,56267163.76731848,90423410.39846644
603840.0,56112355.20935653,90420001.1123785
603900.0,55951806.79197418,90416576.5525851
603960.0,55785434.635407776,90413136.14508289
604020.0,55613537.69615243,90409679.34579323
604080.0,55436207.27802665,90406205.61992238
604140.0,55253441.5195388,90402714.43270415
604200.0,55065282.05954491,90399205.25371972
604260.0,54871984.658848636,90395677.57815672
604320.0,54673654.91460248,90392130.91188751
604380.0,54470252.34528184,90388564.75696181
604440.0,54261942.463087656,90384978.63205673
604500.0,54048939.99006864,90381372.0773528
604560.0,53831365.72711223,90377744.64520213
604620.0,53609142.68295721,90374095.88049415
604680.0,53382558.75590944,90370425.35686599
604740.0,53151789.84995091,90366732.66557649
604800.0,52916962.4639795,90363017.41059616
604860.0,52677996.706327595,90359279.18812774
604920.0,52435270.06772693,90355517.63197614
604980.0,52188932.37697256,90351732.39095114
605040.0,51939074.968978874,90347923.12305924
605100.0,51685742.867219105,90344089.49090695
605160.0,51429276.31304664,90340231.19096863
605220.0,51169843.185859874,90336347.93648215
605280.0,50907501.78190111,90332439.44657785
605340.0,50642420.83817903,90328505.45722227
605400.0,50374905.59989188,90324545.73473889
605460.0,50105143.03719483,90320560.0640722
605520.0,49833160.37517685,90316548.23294963
605580.0,49559248.973499715,90312510.05805025
605640.0,49283681.15479028,90308445.38310441
605700.0,49006663.89027071,90304354.07240675
605760.0,48728195.01591646,90300235.99009134
605820.0,48448687.45039012,90296091.04124121
605880.0,48168382.33214409,90291919.15485688
605940.0,47887475.210534014,90287720.27933015
606000.0,47606031.916329786,90283494.36959124
606060.0,47324489.57980285,90279241.4238641
606120.0,47043091.400233,90274961.46444778
606180.0,46762003.6813882,90270654.53009333
606240.0,46481414.66467452,90266320.67816684
606300.0,46201730.267027326,90261960.00618157
606360.0,45923214.07542406,90257572.63769445
606420.0,45646003.147789046,90253158.70977421
606480.0,45370405.7496426,90248718.38993248
606540.0,45096796.293615974,90244251.88265221
606600.0,44825457.30228397,90239759.42028026
606660.0,44556495.31405961,90235241.2456085
606720.0,44290335.26769332,90230697.64335594
606780.0,44027318.299402565,90226128.93186143
606840.0,43767739.5915203,90221535.45852344
606900.0,43511682.3228222,90216917.57882638
606960.0,43259673.22922071,90212275.70018367
607020.0,43012019.85325342,90207610.26024625
607080.0,42768979.481868014,90202921.72192065
607140.0,42530744.17092403,90198210.56691019
607200.0,42297798.53517266,90193477.32461455
607260.0,42070456.27961595,90188722.55521972
607320.0,41848930.09530433,90183946.83970304
607380.0,41633512.342572406,90179150.78769305
607440.0,41424637.735267356,90174335.0515164
607500.0,41222617.200793825,90169500.3139509
607560.0,41027609.5825147,90164647.27319133
607620.0,40839996.642396584,90159776.66485414
607680.0,40660152.8158945,90154889.26123556
607740.0,40488374.86638692,90149985.86362524
607800.0,40324756.15676263,90145067.28221293
607860.0,40169754.754486166,90140134.37208284
607920.0,40023672.22682131,90135188.01774557
607980.0,39886753.43433725,90130229.12752715
608040.0,39759086.055362016,90125258.61804695
608100.0,39641116.67016473,90120277.44962586
608160.0,39533084.49955654,90115286.6058068
608220.0,39435144.454762086,90110287.08502638
608280.0,39347435.973419264,90105279.89908127
608340.0,39270307.881608196,90100266.0937733
608400.0,39203947.18768693,90095246.73293445
608460.0,39148405.65125485,90090222.88508101
608520.0,39103860.53835309,90085195.63578632
608580.0,39070550.581784256,90080166.0937323
608640.0,39048598.625009626,90075135.37927362
608700.0,39037942.712570034,90070104.6062163
608760.0,39038786.766867466,90065074.90802595
608820.0,39051250.58922907,90060047.42952798
608880.0,39075384.76171346,90055023.32008101
608940.0,39111007.45960754,90050003.71067512
609000.0,39158342.419064224,90044989.75389762
609060.0,39217386.721013024,90039982.6015941
609120.0,39288071.57077338,90034983.39837989
609180.0,39370227.30588654,90029993.2717087
609240.0,39463963.235952936,90025013.35935536
609300.0,39569199.91512247,90020044.79082319
609360.0,39685749.792386174,90015088.67670362
609420.0,39813466.83416193,90010146.11277308
609480.0,39952343.16638874,90005218.19360134
609540.0,40102232.36407749,90000305.99891393
609600.0,40262836.82858954,89995410.57872
609660.0,40434041.42134963,89990532.97128399
609720.0,40615731.63516845,89985674.20319344
609780.0,40807704.788388796,89980835.28068878
609840.0,41009565.684169546,89976017.17073241
609900.0,41221240.37249339,89971220.83263126
609960.0,41442521.17893798,89966447.20488645
610020.0,41673145.23920145,89961697.19977523
610080.0,41912685.01064415,89956971.68716812
610140.0,42161068.400066115,89952271.52950394
610200.0,42418026.05067748,89947597.56239688
610260.0,42683220.747346684,89942950.58797795
610320.0,42956290.25153645,89938331.37245136
610380.0,43237092.4221474,89933740.6677477
610440.0,43525337.89792688,89929179.19706067
610500.0,43820628.68854733,89924647.64418514
610560.0,44122678.18311168,89920146.66448182
610620.0,44431286.94459041,89915676.89345695
610680.0,44746156.90780276,89911238.93708187
610740.0,45066840.95806187,89906833.35716449
610800.0,45393136.48463397,89902460.6953892
610860.0,45724797.37453188,89898121.46905378
610920.0,46061525.94310445,89893816.16601646
610980.0,46402835.24134806,89889545.22612403
611040.0,46748612.866059445,89885309.07801326
611100.0,47098574.29136992,89881108.12221682
611160.0,47452394.0527696,89876942.72715798
611220.0,47809657.125281736,89872813.22037463
611280.0,48170240.64992515,89868719.91721694
611340.0,48533862.6632617,89864663.10523796
611400.0,48900167.05669939,89860643.03693093
611460.0,49268838.23194713,89856659.93372172
611520.0,49639722.64962568,89852714.00188458
611580.0,50012552.58714677,89848805.42134747
611640.0,50386944.90955068,89844934.3343834
611700.0,50762684.60648939,89841100.86211975
611760.0,51139590.53594155,89837305.10787041
611820.0,51517411.1659564,89833547.15024152
611880.0,51895738.531564094,89829827.02780391
611940.0,52274458.35082618,89826144.76790813
612000.0,52653363.72366136,89822500.37760969
612060.0,53032209.96937628,89818893.83997531
612120.0,53410596.19786236,89815325.09878318
612180.0,53788477.57080722,89811794.09343888
612240.0,54165632.635918975,89808300.74166924
612300.0,54541792.42427165,89804844.93487674
612360.0,54916657.57146905,89801426.53517427
612420.0,55290157.72790096,89798045.39783643
612480.0,55662088.57820471,89794701.35817933
612540.0,56032157.04681668,89791394.22287604
612600.0,56400163.95969712,89788123.77916759
612660.0,56766013.61313025,89784889.8050058
612720.0,57129518.358887106,89781692.06005417
612780.0,57490360.87186454,89778530.27299961
612840.0,57848440.7528809,89775404.16280575
612900.0,58203636.82908464,89772313.43668398
612960.0,58555777.49230064,89769257.78516242
613020.0,58904520.85283132,89766236.86542743
613080.0,59249863.88015917,89763250.33450307
613140.0,59591659.67275278,89760297.83517224
613200.0,59929724.214458674,89757378.9923522
613260.0,60263773.965325534,89754493.4033661
613320.0,60593818.62036724,89751640.66664305
613380.0,60919712.99999373,89748820.36656806
613440.0,61241247.213557675,89746032.0671595
613500.0,61558234.07655212,89743275.31429979
613560.0,61870656.35969558,89740549.65236408
613620.0,62178383.090732336,89737854.61309922
613680.0,62481178.19539119,89735189.70535405
613740.0,62778949.581347294,89732554.42916635
613800.0,63071652.84721625,89729948.28042911
613860.0,63359170.65325489,89727370.74376337
613920.0,63641240.4995146,89724821.27833684
613980.0,63917864.22077569,89722299.34370795
614040.0,64188970.05008188,89719804.39263372
614100.0,64454449.15748799,89717335.86745198
614160.0,64714026.34458768,89714893.1838331
614220.0,64967782.40777022,89712475.76556838
614280.0,65215622.722298175,89710083.0274317
614340.0,65457411.19777498,89707714.37113424
614400.0,65692965.958553486,89705369.18085958
614460.0,65922339.663543805,89703046.84617378
614520.0,66145450.15593201,89700746.74885975
614580.0,66362134.08916154,89698468.2549947
614640.0,66572301.963636465,89696210.72216658
614700.0,66775978.31548081,89693973.51060908
614760.0,66973093.18411889,89691755.97397757
614820.0,67163456.07352488,89689557.44758931
614880.0,67347068.9536593,89687377.26721324
614940.0,67523928.34153931,89685214.7685377
615000.0,67693976.27632923,89683069.28185552
615060.0,67856995.32330279,89680940.11650985
615120.0,68013078.03575884,89678826.59114107
615180.0,68162193.10804439,89676728.0216021
615240.0,68304272.83731745,89674643.71741015
615300.0,68439138.01085989,89672572.97087611
615360.0,68566906.0370552,89670515.08603467
615420.0,68687539.69408238,89668469.363563
615480.0,68800944.13833797,89666435.09516515
615540.0,68907030.80882388,89664411.5641888
615600.0,69005889.06613328,89662398.06297067
615660.0,69097493.49632344,89660393.88164656
615720.0,69181722.55137473,89658398.29878452
615780.0,69258577.52910413,89656410.59336023
615840.0,69328120.14646108,89654430.05064327
615900.0,69390336.84217873,89652455.95486066
615960.0,69445079.89456798,89650487.57612889
616020.0,69492439.65344052,89648524.19364883
616080.0,69532450.68840523,89646565.0902689
616140.0,69565111.3924674,89644609.54896031
616200.0,69590248.49231072,89642656.83610183
616260.0,69608040.56726429,89640706.23574463
616320.0,69618495.6274705,89638757.0329985
616380.0,69621586.5784196,89636808.51061413
616440.0,69617228.10129014,89634859.94331713
616500.0,69605573.37294798,89632910.62102318
616560.0,69586642.12096615,89630959.83584411
616620.0,69560381.94006765,89629006.87506804
616680.0,69526796.3647238,89627051.0266043
616740.0,69486012.22167163,89625091.59097777
616800.0,69438061.75724892,89623127.87212236
616860.0,69382868.06375192,89621159.16676214
616920.0,69320522.77712306,89619184.78080711
616980.0,69251127.15930094,89617204.03028473
617040.0,69174726.28518142,89615216.23587155
617100.0,69091219.63216731,89613220.70873459
617160.0,69000786.1888181,89611216.7777099
617220.0,68903502.5246198,89609203.77933787
617280.0,68799411.29700248,89607181.05456315
617340.0,68688436.16805767,89605147.93716724
617400.0,68570795.90757683,89603103.78245105
617460.0,68446558.96028616,89601047.952617
617520.0,68315744.92037061,89598979.81201923
617580.0,68178365.87220946,89596898.72643293
617640.0,68034616.45443662,89594804.0807877
617700.0,67884579.08771877,89592695.26825804
617760.0,67728251.35727078,89590571.68201959
617820.0,67565733.13415255,89588432.72518285
617880.0,67397195.98933612,89586277.81775074
617940.0,67222736.84269264,89584106.38936205
618000.0,67042332.379972145,89581917.86761357
618060.0,66856169.66238576,89579711.69848385
618120.0,66664398.321434714,89577487.3426911
618180.0,66467130.34942506,89575244.27203272
618240.0,66264322.68073967,89572981.9543317
618300.0,66056249.02039032,89570699.884178
618360.0,65843038.234931394,89568397.56886175
618420.0,65624787.44253975,89566074.52528687
618480.0,65401526.66602805,89563730.27345729
618540.0,65173524.08752103,89561364.35957758
618600.0,64940919.56166442,89558976.34359331
618660.0,64703791.34344956,89556565.79321021
618720.0,64462257.553842135,89554132.28775644
618780.0,64216566.55125632,89551675.43080536
618840.0,63966874.97562946,89549194.84127122
618900.0,63713243.36138214,89546690.1440846
618960.0,63455877.44721215,89544160.98426521
619020.0,63195006.931060076,89541607.02923438
619080.0,62930805.82136837,89539027.9634069
619140.0,62663317.97918177,89536423.47557046
619200.0,62392836.268651776,89533793.28301165
619260.0,62119572.77794868,89531137.12367582
619320.0,61843709.25201276,89528454.75321741
619380.0,61565304.07638877,89525745.93304142
619440.0,61284706.3575867,89523010.4584603
619500.0,61002121.5281549,89520248.14476244
619560.0,60717715.07867547,89517458.8233344
619620.0,60431633.327658266,89514642.3397965
619680.0,60144208.099718474,89511798.57195762
619740.0,59855662.96209438,89508927.41931845
619800.0,59566147.525761835,89506028.79590185
619860.0,59275894.988940895,89503102.63833657
619920.0,58985220.14084558,89500148.91374332
619980.0,58694364.30763544,89497167.61261044
620040.0,58403461.06260414,89494158.73835555
620100.0,58112829.018557236,89491122.3252235
620160.0,57822765.55730345,89488058.43621732
620220.0,57533528.76878563,89484967.15928325
620280.0,57245235.29774717,89481848.59361663
620340.0,56958287.09750008,89478702.87725179
620400.0,56672962.93007946,89475530.17512923
620460.0,56389511.30139986,89472330.67615683
620520.0,56108103.60188094,89469104.5857416
620580.0,55829148.677999236,89465852.14873998
620640.0,55552928.88164427,89462573.6372099
620700.0,55279671.22574526,89459269.34504834
620760.0,55009625.722671695,89455939.59020372
620820.0,54743177.1518554,89452584.72768913
620880.0,54480616.79836105,89449205.14052936
620940.0,54222146.138460785,89445801.2310693
621000.0,53968088.64153766,89442373.43275148
621060.0,53718800.316419624,89438922.21324453
621120.0,53474575.97660705,89435448.06851533
621180.0,53235585.94195279,89431951.51079036
621240.0,53002220.50131383,89428433.08979273
621300.0,52774800.535969965,89424893.38602123
621360.0,52553611.977328144,89421333.00736068
621420.0,52338802.89088988,89417752.57575728
621480.0,52130806.029116295,89414152.7546966
621540.0,51929904.53142571,89410534.23474067
621600.0,51736339.09607299,89406897.72941841
621660.0,51550310.01632036,89403243.97131464
621720.0,51372199.61435319,89399573.729628
621780.0,51202271.631412916,89395887.79871048
621840.0,51040711.83166716,89392186.99053149
621900.0,50887762.26620421,89388472.14009981
621960.0,50743744.69054757,89384744.11314152
622020.0,50608892.96914714,89381003.79760723
622080.0,50483327.5406474,89377252.09272133
622140.0,50367321.227362745,89373489.92367269
622200.0,50261124.76002694,89369718.23947176
622260.0,50164931.56591885,89365938.00741374
622320.0,50078786.56420578,89362150.19875166
622380.0,50002982.72403543,89358355.81260738
622440.0,49937689.9760939,89354555.86409797
622500.0,49883032.13538421,89350751.37988316
622560.0,49839028.36992105,89346943.38807417
622620.0,49805923.898566,89343132.94001698
622680.0,49783819.446659,89339321.09635796
622740.0,49772748.68279817,89335508.92057864
622800.0,49772737.402950704,89331697.4782359
622860.0,49783937.391731255,89327887.84909742
622920.0,49806388.022732586,89324081.11630738
622980.0,49840028.59244824,89320278.35674618
623040.0,49884887.30252821,89316480.64959535
623100.0,49941019.9357929,89312689.07899219
623160.0,50008402.648627125,89308904.72636072
623220.0,50086879.824054785,89305128.65772663
623280.0,50176481.41202317,89301361.94158822
623340.0,50277168.42341337,89297605.64227952
623400.0,50388854.62871591,89293860.81542547
623460.0,50511295.87014663,89290128.49274765
623520.0,50644523.57771816,89286409.70859493
623580.0,50788409.89350322,89282705.4846158
623640.0,50942780.69080724,89279016.82531296
623700.0,51107402.30741028,89275344.71232422
623760.0,51282221.04661046,89271690.1217446
623820.0,51467058.822479345,89268054.012165
623880.0,51661662.04781374,89264437.31741942
623940.0,51865815.229684494,89260840.95026031
624000.0,52079388.87070587,89257265.81063727
624060.0,52302163.98631958,89253712.7770997
624120.0,52533817.63625826,89250182.69681312
624180.0,52774161.47114906,89246676.39851208
624240.0,53023000.67355601,89243194.69188723
624300.0,53280085.52668466,89239738.36231826
624360.0,53545034.42245518,89236308.15821102
624420.0,53817695.42385959,89232904.81308424
624480.0,54097818.99159317,89229529.036199
624540.0,54385120.2090456,89226181.5091717
624600.0,54679212.60701181,89222862.87623201
624660.0,54979945.91280583,89219573.76692806
624720.0,55287040.25188157,89216314.78368612
624780.0,55600168.5059711,89213086.49728665
624840.0,55918997.08365317,89209889.44625787
624900.0,56243336.5633567,89206724.15073383
624960.0,56572901.53333241,89203591.10324752
625020.0,56907330.928413406,89200490.76148167
625080.0,57246350.59684707,89197423.5566281
625140.0,57589739.527815804,89194389.89850076
625200.0,57937213.48016369,89191390.16947788
625260.0,58288384.14968362,89188424.71452925
625320.0,58643041.93756252,89185493.858381
625380.0,59000940.261547156,89182597.9019772
625440.0,59361801.25305515,89179737.11948977
625500.0,59725214.54360523,89176911.74562158
625560.0,60091038.830845624,89174122.00143255
625620.0,60459006.51925329,89171368.08223411
625680.0,60828822.84817662,89168650.15499647
625740.0,61200140.43342586,89165968.3533164
625800.0,61572807.5669068,89163322.79619402
625860.0,61946566.007878095,89160713.57782683
625920.0,62321104.14523689,89158140.76250544
625980.0,62696148.01746099,89155604.38823678
626040.0,63071529.28940814,89153104.47687979
626100.0,63447003.91267795,89150641.02689758
626160.0,63822245.39964004,89148214.00546914
626220.0,64197054.09709673,89145823.3606566
626280.0,64571246.7074546,89143469.02298146
626340.0,64944594.518418245,89141150.90108237
626400.0,65316757.38029427,89138868.87105164
626460.0,65687610.255907,89136622.79705344
626520.0,66056955.886767596,89134412.52441311
626580.0,66424571.51065128,89132237.87718399
626640.0,66790133.86021368,89130098.64853433
626700.0,67153562.53541921,89127994.62401417
626760.0,67514656.80166344,89125925.57003921
626820.0,67873180.69703577,89123891.23052807
626880.0,68228886.09602435,89121891.32574873
626940.0,68581678.89331785,89119925.56707016
627000.0,68931374.401891,89117993.64829837
627060.0,69277723.57278982,89116095.23952644
627120.0,69620552.86000808,89114229.99436957
627180.0,69959754.52091111,89112397.55626823
627240.0,70295159.70605727,89110597.55264759
627300.0,70626506.21362227,89108829.58599631
627360.0,70953694.42697623,89107093.24942793
627420.0,71276602.88492432,89105388.12459628
627480.0,71595078.2649538,89103713.77865446
627540.0,71908845.05126508,89102069.7525786
627600.0,72217876.87041618,89100455.58499905
627660.0,72522038.38365288,89098870.80178508
627720.0,72821169.04483217,89097314.9136416
627780.0,73115047.01906015,89095787.41025877
627840.0,73403651.29454294,89094287.77951376
627900.0,73686854.86699834,89092815.49734344
627960.0,73964483.20792228,89091370.02320915
628020.0,74236387.18013169,89089950.80253054
628080.0,74502531.25029188,89088557.27754465
628140.0,74762802.97616544,89087188.87996118
628200.0,75017013.68180345,89085845.02368627
628260.0,75265086.26795547,89084525.11548689
628320.0,75506970.52969164,89083228.55756235
628380.0,75742568.27943736,89081954.742965
628440.0,75971676.57478967,89080703.04560313
628500.0,76194289.72841656,89079472.8390812
628560.0,76410342.75660203,89078263.49103972
628620.0,76619745.49020562,89077074.36075427
628680.0,76822298.5859702,89075904.78872001
628740.0,77018049.24843594,89074754.12018864
628800.0,77206923.63865773,89073621.69361597
628860.0,77388816.89318693,89072506.83770524
628920.0,77563600.7871577,89071408.86918296
628980.0,77731307.33703189,89070327.1080905
629040.0,77891876.36485274,89069260.86898871
629100.0,78045188.35546963,89068209.4553012
629160.0,78191185.69191433,89067172.16522267
629220.0,78329885.24493243,89066148.29882425
629280.0,78461240.3821887,89065137.15199772
629340.0,78585117.05241261,89064138.00812323
629400.0,78701527.75681245,89063150.15204589
629460.0,78810474.33137178,89062172.8690585
629520.0,78911923.6280204,89061205.44156697
629580.0,79005727.2493195,89060247.13810827
629640.0,79091967.3396244,89059297.23532587
629700.0,79170630.8820922,89058355.00889868
629760.0,79241680.12621813,89057419.731185
629820.0,79305006.82750079,89056490.66450846
629880.0,79360708.07394882,89055567.08072197
629940.0,79408774.3281083,89054648.25104748
630000.0,79449153.50031666,89053733.44202359
630060.0,79481807.1762403,89052821.9168102
630120.0,79506817.59122576,89051912.94667828
630180.0,79524188.79299617,89051005.80356167
630240.0,79533854.71167307,89050099.75338157
630300.0,79535846.37540394,89049194.06529227
630360.0,79530231.51467171,89048288.01517324
630420.0,79517027.89367753,89047380.88087024
630480.0,79496155.89034697,89046471.93292673
630540.0,79467715.59584942,89045560.45168807
630600.0,79431760.65371735,89044645.7228776
630660.0,79388320.53533994,89043727.03529435
630720.0,79337309.12843612,89042803.66981614
630780.0,79278888.65005453,89041874.92302456
630840.0,79213101.33199738,89040940.09578556
630900.0,79139963.39380476,89039998.49077347
630960.0,79059458.34839368,89039049.40936017
631020.0,78971734.62390006,89038092.16729632
631080.0,78876848.77726753,89037126.08597001
631140.0,78774804.35241751,89036150.4873643
631200.0,78665654.19016469,89035164.6987429
631260.0,78549533.50246988,89034168.06047693
631320.0,78426513.47773582,89033159.91995396
631380.0,78296585.6144997,89032139.6240017
631440.0,78159871.79895104,89031106.53127792
631500.0,78016494.65694767,89030060.01233499
631560.0,77866540.35460661,89028999.44615051
631620.0,77709989.01996203,89027924.21005037
631680.0,77547031.3202535,89026833.69970751
631740.0,77377777.97285849,89025727.3215399
631800.0,77202316.71616884,89024604.49052323
631860.0,77020658.36909226,89023464.6228828
631920.0,76833020.78060308,89022307.15575004
631980.0,76639517.25553013,89021131.53722727
632040.0,76440224.75263037,89019937.22293216
632100.0,76235223.76396993,89018723.67632951
632160.0,76024720.83168466,89017490.38069125
632220.0,75808845.3262806,89016236.83176325
632280.0,75587664.14727315,89014962.53183115
632340.0,75361327.23299068,89013666.9975965
632400.0,75130030.53859073,89012349.76453587
632460.0,74893919.89756244,89011010.38213696
632520.0,74653052.84265083,89009648.40551586
632580.0,74407648.51652151,89008263.41074313
632640.0,74157892.9714884,89006854.9916954
632700.0,73903948.85784592,89005422.7578278
632760.0,73645864.96467784,89003966.32336989
632820.0,73383929.35616334,89002485.33000995
632880.0,73118318.78229159,89000979.4363289
632940.0,72849188.24783458,88999448.31573088
633000.0,72576652.47858958,88997891.65261836
633060.0,72300993.9137901,88996309.15828238
633120.0,72022405.18154284,88994700.5623786
633180.0,71741032.72274414,88993065.60854182
633240.0,71457060.59868355,88991404.05794396
633300.0,71170762.02001694,88989715.69773193
633360.0,70882346.74820006,88988000.33500461
633420.0,70591952.79056321,88986257.79000656
633480.0,70299832.80747569,88984487.90698113
633540.0,70006250.79779413,88982690.55523294
633600.0,69711433.29424137,88980865.62556808
633660.0,69415509.63227439,88979013.0210805
633720.0,69118800.0194734,88977132.67521782
633780.0,68821558.83506104,88975224.54553495
633840.0,68524018.74737865,88973288.61162752
633900.0,68226329.19660802,88971324.86724369
633960.0,67928846.92422314,88969333.33989722
634020.0,67631825.54914206,88967314.08109236
634080.0,67335486.93977958,88965267.16330837
634140.0,67040045.911335,88963192.67932199
634200.0,66745846.97621302,88961090.75446834
634260.0,66453156.83091144,88958961.53926414
634320.0,66162184.589444555,88956805.20394917
634380.0,65873207.69221288,88954621.94493927
634440.0,65586556.082019165,88952411.98977916
634500.0,65302506.726062626,88950175.5921183
634560.0,65021253.07416306,88947913.02380155
634620.0,64743131.54082777,88945624.58837724
634680.0,64468454.11864464,88943310.61877336
634740.0,64197504.19210465,88940971.47457951
634800.0,63930455.52660169,88938607.53167328
634860.0,63667698.80259412,88936219.20271297
634920.0,63409523.502264656,88933806.92755699
634980.0,63156193.78377141,88931371.17085814
635040.0,62907920.3402797,88928912.41700038
635100.0,62665080.39966226,88926431.18582255
635160.0,62427955.739966415,88923928.02358508
635220.0,62196780.638236254,88921403.49847075
635280.0,61971809.45820714,88918858.20247148
635340.0,61753385.72300285,88916292.75979707
635400.0,61541780.89441463,88913707.82005529
635460.0,61337192.06882454,88911104.05121844
635520.0,61139909.396528095,88908482.14839981
635580.0,60950234.91993345,88905842.83496374
635640.0,60768421.66411092,88903186.8578851
635700.0,60594621.332391895,88900514.9781753
635760.0,60429151.1712298,88897827.98649853
635820.0,60272263.22932491,88895126.69700556
635880.0,60124176.99735187,88892411.94425035
635940.0,59985009.21324536,88889684.57348605
636000.0,59855076.06881781,88886945.45947617
636060.0,59734577.27715068,88884195.49549331
636120.0,59623671.58020607,88881435.58944584
636180.0,59522487.58259473,88878666.66102871
636240.0,59431276.3041811,88875889.65326212
636300.0,59350195.36710415,88873105.52367361
636360.0,59279334.82232201,88870315.23792012
636420.0,59218827.13321247,88867519.77378279
636480.0,59168850.80733818,88864720.12550163
636540.0,59129514.32837953,88861917.29716748
636600.0,59100832.61058279,88859112.29389824
636660.0,59082935.57673236,88856306.13267712
636720.0,59075923.738182634,88853499.8395755
636780.0,59079851.406620055,88850694.44539544
636840.0,59094654.12683699,88847890.97447792
636900.0,59120455.14492118,88845090.46238846
636960.0,59157273.982181564,88842293.94614127
637020.0,59205091.3860449,88839502.46054646
637080.0,59263812.83894318,88836717.03112268
637140.0,59333502.64266987,88833938.68905766
637200.0,59414116.12986442,88831168.46094474
637260.0,59505553.50159272,88828407.36359428
637320.0,59607713.73925759,88825656.40392336
637380.0,59720581.38335908,88822916.58701472
637440.0,59844057.70131135,88820188.90827924
637500.0,59977965.784333035,88817474.34610286
637560.0,60122201.51819162,88814773.86870517
637620.0,60276674.32461969,88812088.43541788
637680.0,60441236.440739386,88809418.99130848
637740.0,60615639.691728115,88806766.45773998
637800.0,60799782.45368408,88804131.74616857
637860.0,60993505.78909366,88801515.75275712
637920.0,61196616.81609906,88798919.35518971
637980.0,61408812.80391894,88796343.40234938
638040.0,61629992.60141472,88793788.7332878
638100.0,61859940.100257345,88791256.16642056
638160.0,62098404.572912835,88788746.49628203
638220.0,62345099.852562346,88786260.49020478
638280.0,62599870.584089115,88783798.90062909
638340.0,62862473.103401005,88781362.45680945
638400.0,63132607.64639369,88778951.85955283
638460.0,63410012.606033266,88776567.78481798
638520.0,63694487.180040546,88774210.88944072
638580.0,63985768.56363627,88771881.80531728
638640.0,64283516.52272534,88769581.13214155
638700.0,64587501.62979775,88767309.44782944
638760.0,64897485.89860892,88765067.30772525
638820.0,65213195.18096084,88762855.24121574
638880.0,65534256.60150478,88760673.74247047
638940.0,65860479.73874519,88758523.28759173
639000.0,66191596.78910839,88756404.32735713
639060.0,66527315.95745211,88754317.28497896
639120.0,66867277.92988894,88752262.54977852
639180.0,67211297.6730874,88750240.49356179
639240.0,67559096.95718169,88748251.46188013
639300.0,67910361.97530031,88746295.77070354
639360.0,68264782.80477889,88744373.70679909
639420.0,68622154.27799484,88742485.53757428
639480.0,68982202.88736127,88740631.50467409
639540.0,69344597.58210897,88738811.81859449
639600.0,69709081.64619315,88737026.66567025
639660.0,70075434.03800121,88735276.21143259
639720.0,70443389.71534331,88733560.59649204
639780.0,70812604.05286098,88731879.92908666
639840.0,71182876.36821423,88730234.2985952
639900.0,71553972.97361465,88728623.77245128
639960.0,71925640.062991,88727048.39426738
640020.0,72297522.14411932,88725508.1743133
640080.0,72669476.55424093,88724003.10948204
640140.0,73041259.30467352,88722533.17379875
640200.0,73412606.95453522,88721098.31660858
640260.0,73783223.53370088,88719698.45953962
640320.0,74152957.22393997,88718333.51002353
640380.0,74521578.18838483,88717003.35399228
640440.0,74888814.7344088,88715707.85196684
640500.0,75254431.45035292,88714446.84246786
640560.0,75618268.37786065,88713220.14909351
640620.0,75980110.81651881,88712027.57539934
640680.0,76339679.75322852,88710868.89888482
640740.0,76696800.7422686,88709743.8807973
640800.0,77051306.45276943,88708652.2668059
640860.0,77402997.83513618,88707593.78403915
640920.0,77751589.10113575,88706568.13297355
640980.0,78096966.87791663,88705575.00358526
641040.0,78438956.89507818,88704614.06965522
641100.0,78777366.20304428,88703684.98702848
641160.0,79111931.84971017,88702787.38707179
641220.0,79442572.09644319,88701920.8936414
641280.0,79769115.71256049,88701085.11471352
641340.0,80091363.11409953,88700279.63973919
641400.0,80409112.58330953,88699504.03945327
641460.0,80722275.47224556,88698757.87645942
641520.0,81030696.40590961,88698040.69899304
641580.0,81334169.17968284,88697352.03617445
641640.0,81632552.98309435,88696691.40413281
641700.0,81925752.2448414,88696058.31024228
641760.0,82213627.29933101,88695452.24900341
641820.0,82495965.26118383,88694872.69520442
641880.0,82772685.85316917,88694319.11632593
641940.0,83043686.50696635,88693790.97046097
642000.0,83308843.07949013,88693287.70430292
642060.0,83567935.91377798,88692808.74422531
642120.0,83820944.87052694,88692353.51493418
642180.0,84067760.28860286,88691921.43110475
642240.0,84308253.95365629,88691511.89565283
642300.0,84542257.53498054,88691124.29599279
642360.0,84769752.44256121,88690758.01803152
642420.0,84990641.22781596,88690412.4388039
642480.0,85204788.55286057,88690086.92293857
642540.0,85412085.93848309,88689780.8251718
642600.0,85612507.35459481,88689493.49805035
642660.0,85805970.36329988,88689224.28666629
642720.0,85992332.45155166,88688972.5230521
642780.0,86171544.6232586,88688737.53491622
642840.0,86343573.35903484,88688518.64708945
642900.0,86508351.09063512,88688315.17834876
642960.0,86665728.12093833,88688126.43375587
643020.0,86815714.58515102,88687951.7195776
643080.0,86958269.46723497,88687790.33851281
643140.0,87093333.26546976,88687641.58796957
643200.0,87220769.2359191,88687504.75286211
643260.0,87340626.21345906,88687379.12292652
643320.0,87452862.42558265,88687263.98426792
643380.0,87557411.03103569,88687158.61702432
643440.0,87654194.35993107,88687062.29435953
643500.0,87743253.60128184,88686974.29354899
643560.0,87824561.6625329,88686893.88961172
643620.0,87898044.48139349,88686820.35093285
643680.0,87963683.19132572,88686752.94441164
643740.0,88021511.45230424,88686690.94035794
643800.0,88071516.86094816,88686633.6081977
643860.0,88113618.30868855,88686580.21007083
643920.0,88147855.47692439,88686530.01208973
643980.0,88174254.66876632,88686482.28309101
644040.0,88192818.22156289,88686436.29240146
644100.0,88203458.21118912,88686391.30142976
644160.0,88206272.62578863,88686346.58098681
644220.0,88201280.63935284,88686301.40394092
644280.0,88188483.36682966,88686255.04353516
644340.0,88167834.52247353,88686206.76897319
644400.0,88139442.00506854,88686155.85977729
644460.0,88103334.19794135,88686101.5983806
644520.0,88059505.57777454,88686043.26696925
644580.0,88007968.48138939,88685980.14914504
644640.0,87948823.85766076,88685911.53817226
644700.0,87882115.18246627,88685836.7316245
644760.0,87807830.64897154,88685755.02623805
644820.0,87726041.04996222,88685665.72559823
644880.0,87636840.73688562,88685568.14232796
644940.0,87540288.47628884,88685461.59477322
645000.0,87436366.57689518,88685345.39988784
645060.0,87325204.1327321,88685218.88688745
645120.0,87206889.29518838,88685081.39343584
645180.0,87081492.64314358,88684932.26400681
645240.0,86949002.16026586,88684770.84220062
645300.0,86809593.97474436,88684596.48823805
645360.0,86663354.18002202,88684408.57058203
645420.0,86510347.84769116,88684206.46397954
645480.0,86350621.82020044,88683989.54776429
645540.0,86184346.40367593,88683757.21732984
645600.0,86011623.66721894,88683508.87778057
645660.0,85832513.64182231,88683243.94002052
645720.0,85647121.91065401,88682961.82498342
645780.0,85455613.41953094,88682661.96914345
645840.0,85258106.48495965,88682343.82017614
645900.0,85054656.56577587,88682006.83111395
645960.0,84845427.85785423,88681650.47044395
646020.0,84630580.40589668,88681274.22171499
646080.0,84410249.03219953,88680877.58118847
646140.0,84184485.06970035,88680460.0500796
646200.0,83953511.17478873,88680021.15046257
646260.0,83717482.92045952,88679560.41903281
646320.0,83476539.1267493,88679077.40554485
646380.0,83230765.57500422,88678571.66788304
646440.0,82980405.00151838,88678042.78662573
646500.0,82725621.59814966,88677490.35774513
646560.0,82466550.29330733,88676913.98988466
646620.0,82203335.71633446,88676313.30525316
646680.0,81936216.30266567,88675687.94832213
646740.0,81665373.14663698,88675037.58049566
646800.0,81390937.48870839,88674361.87547785
646860.0,81113112.41272432,88673660.52593118
646920.0,80832132.19063549,88672933.24636011
646980.0,80548194.71297804,88672179.76972714
647040.0,80261427.53962795,88671399.84092242
647100.0,79972091.63769697,88670593.22912796
647160.0,79680417.02514294,88669759.72493698
647220.0,79386617.14169697,88668899.13880707
647280.0,79090818.30094777,88668011.29297486
647340.0,78793335.82497722,88667096.03896911
647400.0,78494395.97028576,88666153.24934272
647460.0,78194207.4670997,88665182.81603885
647520.0,77892953.48500161,88664184.64801335
647580.0,77590943.78228982,88663158.68295585
647640.0,77288419.60136174,88662104.88092864
647700.0,76985583.98794936,88661023.22081812
647760.0,76682675.4101185,88659913.70360705
647820.0,76379996.8534624,88658776.35833985
647880.0,76077803.0205935,88657611.23763807
647940.0,75776289.71397002,88656418.41223538
648000.0,75475748.58505291,88655197.97984397
648060.0,75176473.99005544,88653950.06539255
648120.0,74878731.90293542,88652674.81838623
648180.0,74582708.60693622,88651372.40551835
648240.0,74288746.13260852,88650043.02507843
648300.0,73997127.56708717,88648686.90148214
648360.0,73708117.4727348,88647304.283545
648420.0,73421918.58737914,88645895.43875031
648480.0,73138890.603873,88644460.66776264
648540.0,72859311.4936155,88643000.29685189
648600.0,72583430.03466664,88641514.67518102
648660.0,72311492.77657548,88640004.17458916
648720.0,72043841.10253455,88638469.19835237
648780.0,71780753.80687608,88636910.17538081
648840.0,71522459.07848291,88635327.55552721
648900.0,71269241.96194716,88633721.81483433
648960.0,71021420.25127324,88632093.4585507
649020.0,70779267.93050618,88630443.01706712
649080.0,70542986.78951527,88628771.03923132
649140.0,70312894.10017553,88627078.10301363
649200.0,70089277.80959302,88625364.8127832
649260.0,69872400.52493906,88623631.79695399
649320.0,69662430.9241117,88621879.69929433
649380.0,69459711.40183601,88620109.19497044
649440.0,69264492.98420817,88618320.98209067
649500.0,69077001.26316643,88616515.77934526
649560.0,68897419.40660167,88614694.32207826
649620.0,68726052.25069511,88612857.37351711
649680.0,68563124.64017996,88611005.71737255
649740.0,68408815.77995178,88609140.15361437
649800.0,68263320.59835657,88607261.49991581
649860.0,68126893.5224239,88605370.59713884
649920.0,67999727.20499001,88603468.30362035
649980.0,67881946.87577201,88601555.4889404
650040.0,67773751.52188304,88599633.04072487
650100.0,67675337.79859982,88597701.86442195
650160.0,67586858.9153907,88595762.87928453
650220.0,67508379.18147276,88593817.01016045
650280.0,67440094.69909474,88591865.19965011
650340.0,67382137.92720196,88589908.40222669
650400.0,67334609.51417013,88587947.58129606
650460.0,67297528.01367044,88585983.70162004
650520.0,67271060.19478713,88584017.74298632
650580.0,67255276.38583736,88582050.69130716
650640.0,67250207.31224664,88580083.53496456
650700.0,67255860.47240573,88578117.26266742
650760.0,67272331.00046925,88576152.87153132
650820.0,67299637.10375588,88574191.35998271
650880.0,67337737.3191205,88572233.7222577
650940.0,67386626.06881711,88570280.95171171
651000.0,67446325.71381746,88568334.04339486
651060.0,67516801.71166985,88566393.98880711
651120.0,67597940.52626824,88564461.76862074
651180.0,67689723.81884678,88562538.36145684
651240.0,67792102.44704708,88560624.74104829
651300.0,67904990.86529674,88558721.87288839
651360.0,68028205.94759771,88556830.70524605
651420.0,68161719.17063276,88554952.18341361
651480.0,68305413.42656752,88553087.24154983
651540.0,68459140.74014835,88551236.79984237
651600.0,68622699.01405066,88549401.7595306
651660.0,68796008.03020345,88547583.01413614
651720.0,68978903.49255967,88545781.44172575
651780.0,69171176.61140864,88543997.90082267
651840.0,69372624.69931386,88542233.23097716
651900.0,69583109.66275461,88540488.25872055
651960.0,69802430.86398256,88538763.79181507
652020.0,70030325.74108796,88537060.61356434
652080.0,70266597.75190824,88535379.48889913
652140.0,70511058.32661103,88533721.16511935
652200.0,70763477.85681726,88532086.36812687
652260.0,71023547.65032463,88530475.79516046
652320.0,71291084.4849744,88528890.12634973
652380.0,71565857.03607813,88527330.02029894
652440.0,71847610.03981143,88525796.11189537
652500.0,72136009.04605378,88524289.00503874
652560.0,72430878.55800527,88522809.28727053
652620.0,72731956.25672509,88521357.52179931
652680.0,73038953.5856533,88519934.2450999
652740.0,73351562.24018462,88518539.96511048
652800.0,73669576.42806435,88517175.17066775
652860.0,73992724.66500713,88515840.32547836
652920.0,74320691.85446395,88514535.86412282
652980.0,74653201.88437495,88513262.1956509
653040.0,74990025.02346121,88512019.70785487
653100.0,75330886.57992336,88510808.76314858
653160.0,75675450.79556327,88509629.69296966
653220.0,76023478.92734012,88508482.8067048
653280.0,76374722.73617737,88507368.39082764
653340.0,76728909.3451462,88506286.70664676
653400.0,77085687.24909557,88505237.98309694
653460.0,77444859.32841243,88504222.43092957
653520.0,77806163.30279383,88503240.23673859
653580.0,78169319.8408241,88502291.5614062
653640.0,78534002.68385366,88501376.535807
653700.0,78900022.66687514,88500495.27340509
653760.0,79267119.35751037,88499647.86372118
653820.0,79635003.77180502,88498834.36972357
653880.0,80003397.13813394,88498054.82877737
653940.0,80372101.64747925,88497309.26008472
654000.0,80740867.81939696,88496597.65995255
654060.0,81109399.53247193,88495919.99752456
654120.0,81477467.48956639,88495276.22092322
654180.0,81844867.43681012,88494666.25955623
654240.0,82211362.74765365,88494090.0211564
654300.0,82576652.00420535,88493547.38584992
654360.0,82940556.778926,88493038.21744658
654420.0,83302867.95987557,88492562.36063375
654480.0,83663361.42389229,88492119.6396091
654540.0,84021736.81898285,88491709.8511023
654600.0,84377862.4434118,88491332.77984588
654660.0,84731527.11435029,88490988.1912962
654720.0,85082503.22509247,88490675.83013727
654780.0,85430543.00519788,88490395.41844252
654840.0,85775511.39272183,88490146.66601208
654900.0,86117212.73789212,88489929.26482764
654960.0,86455416.58570024,88489742.88587207
655020.0,86789928.06567061,88489587.18239856
655080.0,87120609.27584367,88489461.7951567
655140.0,87447280.46514603,88489366.34856543
655200.0,87769708.7104662,88489300.44585131
655260.0,88087752.15334573,88489263.67739673
655320.0,88401270.35120349,88489255.62087539
655380.0,88710099.62679756,88489275.83913098
655440.0,89014004.79071845,88489323.87363772
655500.0,89312896.96460828,88489399.25790234
655560.0,89606633.31236866,88489501.51252933
655620.0,89895056.58365512,88489630.14390767
655680.0,90177958.4862509,88489784.6395466
655740.0,90455273.91432732,88489964.4811858
655800.0,90726867.38022384,88490169.13835862
655860.0,90992579.339935,88490398.06619704
655920.0,91252254.4681172,88490650.70582399
655980.0,91505825.18589336,88490926.49238579
656040.0,91753172.03167479,88491224.85030963
656100.0,91994133.15253726,88491545.1894319
656160.0,92228605.97233336,88491886.91042523
656220.0,92456520.40975885,88492249.40777361
656280.0,92677772.93103872,88492632.06671704
656340.0,92892199.34305331,88493034.25771041
656400.0,93099749.58329438,88493455.34686266
656460.0,93300351.02904241,88493894.69387685
656520.0,93493915.9711867,88494351.65067425
656580.0,93680277.85043256,88494825.55419247
656640.0,93859438.87637569,88495315.74181329
656700.0,94031323.85502774,88495821.54429051
656760.0,94195843.26472224,88496342.28444403
656820.0,94352880.80541958,88496877.27471726
656880.0,94502438.08788274,88497425.82795192
656940.0,94644454.88319564,88497987.25173996
657000.0,94778839.15434712,88498560.84552102
657060.0,94905526.77197129,88499145.90313461
657120.0,95024516.62806451,88499741.718577
657180.0,95135764.11199106,88500347.58202934
657240.0,95239174.71160664,88500962.7753039
657300.0,95334736.26614945,88501586.57936513
657360.0,95422444.98885873,88502218.27509436
657420.0,95502271.86146034,88502857.14098707
657480.0,95574119.97654736,88503502.44695856
657540.0,95638028.95230862,88504153.46680576
657600.0,95693992.40283602,88504809.47400795
657660.0,95741989.74159823,88505469.7404314
657720.0,95781943.2873965,88506133.53112169
657780.0,95813922.76110101,88506800.11775216
657840.0,95837926.4657487,88507468.77210715
657900.0,95853931.45107841,88508138.76414354
657960.0,95861911.92935276,88508809.36173292
658020.0,95861935.05771524,88509479.8391375
658080.0,95854014.82648373,88510149.47215967
658140.0,95838126.10368292,88510817.53457479
658200.0,95814294.86919732,88511483.30279125
658260.0,95782585.8975512,88512146.05938543
658320.0,95743028.96117216,88512805.08990875
658380.0,95695596.96866591,88513459.67770413
658440.0,95640367.55306439,88514109.11345002
658500.0,95577403.32732116,88514752.69378841
658560.0,95506749.97009334,88515389.71977933
658620.0,95428378.68927039,88516019.49011454
658680.0,95342418.66656756,88516641.31550863
658740.0,95248930.61030908,88517254.51245688
658800.0,95147961.45806527,88517858.40197834
658860.0,95039525.39665331,88518452.30663134
658920.0,94923758.66944574,88519035.56162705
658980.0,94800735.16340263,88519607.5091461
659040.0,94670500.36998552,88520167.49575032
659100.0,94533120.38823079,88520714.87425669
659160.0,94388729.8089378,88521249.00996894
659220.0,94237418.87837525,88521769.27663577
659280.0,94079231.9549959,88522275.05227084
659340.0,93914286.97231805,88522765.72584625
659400.0,93742717.17444776,88523240.6986805
659460.0,93564629.34769689,88523699.38202588
659520.0,93380067.03197448,88524141.19130991
659580.0,93189199.9049732,88524565.55760789
659640.0,92992160.16683297,88524971.92422688
659700.0,92789066.62986994,88525359.7454825
659760.0,92579976.35749324,88525728.48107836
659820.0,92365096.6101836,88526077.60976155
659880.0,92144563.50372215,88526406.6228452
659940.0,91918495.24683458,88526715.02257463
660000.0,91687000.96973461,88527002.32129711
660060.0,91450287.06509018,88527268.05029845
660120.0,91208506.55162966,88527511.75494319
660180.0,90961777.23734601,88527732.991468
660240.0,90710260.10166411,88527931.33090004
660300.0,90454160.83177006,88528106.36311275
660360.0,90193649.35038729,88528257.69356771
660420.0,89928843.16287872,88528384.93854539
660480.0,89659954.776453,88528487.73377049
660540.0,89387189.21170042,88528565.73372307
660600.0,89110733.16191551,88528618.60996541
660660.0,88830703.77220796,88528646.04481804
660720.0,88547364.60702951,88528647.74465115
660780.0,88260919.87869711,88528623.43448445
660840.0,87971560.63394211,88528572.8567833
660900.0,87679439.6565067,88528495.76797709
660960.0,87384834.6144212,88528391.9497896
661020.0,87087960.61103354,88528261.20354845
661080.0,86789007.42899378,88528103.34787822
661140.0,86488178.00668238,88527918.21988647
661200.0,86185748.0686381,88527705.6817602
661260.0,85881947.91120277,88527465.61663267
661320.0,85576965.21785596,88527197.92470755
661380.0,85271051.82157665,88526902.52907087
661440.0,84964480.47840686,88526579.3775786
661500.0,84657495.41753998,88526228.44025797
661560.0,84350280.92912866,88525849.70386118
661620.0,84043136.03431247,88525443.18226242
661680.0,83736328.98601104,88525008.91365558
661740.0,83430113.81880124,88524546.95925401
661800.0,83124676.5944996,88524057.39711758
661860.0,82820354.23753838,88523540.33582129
661920.0,82517410.68450205,88522995.90782534
661980.0,82216092.72346371,88522424.26791014
662040.0,81916629.54552934,88521825.59157133
662100.0,81619349.16514634,88521200.08396585
662160.0,81324522.95115493,88520547.9747657
662220.0,81032387.35504538,88519869.51498318
662280.0,80743211.18000345,88519164.97989213
662340.0,80457310.06139262,88518434.6732594
662400.0,80174959.03208557,88517678.92365423
662460.0,79896380.28422104,88516898.07965103
662520.0,79621877.9076349,88516092.51723734
662580.0,79351750.82820168,88515262.63933377
662640.0,79086273.1188471,88514408.87353149
662700.0,78825647.91925074,88513531.66565876
662760.0,78570209.44224799,88512631.4916389
662820.0,78320234.70311083,88511708.85229893
662880.0,78075981.68408501,88510764.27163564
662940.0,77837657.81031655,88509798.29222924
663000.0,77605592.48229778,88508811.48627357
663060.0,77380044.45966718,88507804.44917046
663120.0,77161242.23781924,88506777.79678072
663180.0,76949412.6607594,88505732.16526565
663240.0,76744852.1950992,88504668.21737619
663300.0,76547801.87400791,88503586.63742653
663360.0,76358453.95209117,88502488.1268725
663420.0,76177047.70442109,88501373.40855628
663480.0,76003839.73856284,88500243.22826418
663540.0,75839046.33258876,88499098.35106952
663600.0,75682816.48912968,88497939.55524114
663660.0,75535394.76140754,88496767.64087592
663720.0,75396990.90230422,88495583.42674299
663780.0,75267789.30874994,88494387.74798334
663840.0,75147889.28894082,88493181.44841184
663900.0,75037533.36822042,88491965.39345655
663960.0,74936877.97315295,88490740.4623685
664020.0,74846052.54493187,88489507.54577707
664080.0,74765150.2749101,88488267.54240963
664140.0,74694355.72326027,88487021.3673424
664200.0,74633782.87026802,88485769.94561729
664260.0,74583500.79803434,88484514.20818186
664320.0,74543591.33986169,88483255.09303841
664380.0,74514176.35726285,88481993.54885565
664440.0,74495322.99267492,88480730.53002268
664500.0,74487036.06604214,88479466.99101916
664560.0,74489382.3774785,88478203.89201108
664620.0,74502418.05349448,88476942.19788465
664680.0,74526160.78245339,88475682.87477438
664740.0,74560549.08835132,88474426.88291715
664800.0,74605632.95428863,88473175.1867142
664860.0,74661401.72619914,88471928.74925725
664920.0,74727815.69298023,88470688.52970695
664980.0,74804769.17049488,88469455.47734214
665040.0,74892273.52925332,88468230.54212488
665100.0,74990259.73333672,88467014.6674466
665160.0,75098622.99437019,88465808.786906
665220.0,75217242.98179741,88464613.82291168
665280.0,75346067.23636542,88463430.69280827
665340.0,75484980.52954374,88462260.30321829
665400.0,75633816.49730466,88461103.54543597
665460.0,75792443.78602234,88459961.29859084
665520.0,75960750.42795047,88458834.43140091
665580.0,76138579.61879757,88457723.79813555
665640.0,76325708.51231304,88456630.23266901
665700.0,76521999.80906299,88455554.55620001
665760.0,76727287.73583117,88454497.57469133
665820.0,76941379.78117889,88453460.07646717
665880.0,77164002.84675409,88452442.82495971
665940.0,77395019.75791655,88451446.57096682
666000.0,77634217.53455411,88450472.0458284
666060.0,77881360.26362698,88449519.95936933
666120.0,78136174.4281556,88448590.996522
666180.0,78398486.58639918,88447685.82635085
666240.0,78668057.87034394,88446805.09616749
666300.0,78944614.00387438,88445949.4283519
666360.0,79227893.66286899,88445119.42152986
666420.0,79517688.17970635,88444315.65532461
666480.0,79813741.60821351,88443538.68610898
666540.0,80115748.17981565,88442789.04253113
666600.0,80423465.1818263,88442067.23120253
666660.0,80736655.39345224,88441373.7372022
666720.0,81055052.21274951,88440709.02144226
666780.0,81378324.76791836,88440073.51489556
666840.0,81706254.84843644,88439467.62874597
666900.0,82038582.75613172,88438891.75066477
666960.0,82375031.96442509,88438346.24330725
667020.0,82715267.32702972,88437831.43905105
667080.0,83059085.17976955,88437347.65183578
667140.0,83406213.7070061,88436895.17104211
667200.0,83756360.49574476,88436474.25965045
667260.0,84109223.87981133,88436085.1534208
667320.0,84464586.25794654,88435728.06846347
667380.0,84822179.1391518,88435403.19667266
667440.0,85181698.4897347,88435110.70254222
667500.0,85542879.88457708,88434850.72673836
667560.0,85905495.66412583,88434623.38941474
667620.0,86269284.2291662,88434428.78717153
667680.0,86633933.37855937,88434266.9885187
667740.0,86999218.92729473,88434138.04179741
667800.0,87364906.25566238,88434041.97425148
667860.0,87730743.47267942,88433978.79048528
667920.0,88096412.92071156,88433948.46656597
667980.0,88461732.97080155,88433950.96225485
668040.0,88826464.44435436,88433986.21584584
668100.0,89190355.4360664,88434054.14303221
668160.0,89553120.53280269,88434154.63390774
668220.0,89914586.75564213,88434287.56307372
668280.0,90274524.0515603,88434452.78452179
668340.0,90632678.18121189,88434650.12947166
668400.0,90988809.25659825,88434879.4076698
668460.0,91342742.43883097,88435140.41323762
668520.0,91694262.0344963,88435432.92101192
668580.0,92043112.67182843,88435756.68299262
668640.0,92389100.9073886,88436111.4339101
668700.0,92732051.07003555,88436496.89282766
668760.0,93071762.69450253,88436912.76092398
668820.0,93407980.11297216,88437358.71654901
668880.0,93740556.92845072,88437834.42503591
668940.0,94069317.34097356,88438339.53606972
669000.0,94394073.78500533,88438873.68263914
669060.0,94714579.56557147,88439436.47574136
669120.0,95030726.98204146,88440027.51685563
669180.0,95342343.4683573,88440646.39213148
669240.0,95649241.90957645,88441292.67109126
669300.0,95951223.35353468,88441965.90557647
669360.0,96248180.56193353,88442665.63797665
669420.0,96539957.28984186,88443391.3968412
669480.0,96826367.11685051,88444142.69418122
669540.0,97107258.90768982,88444919.02863893
669600.0,97382526.07587974,88445719.88948545
669660.0,97652028.81122862,88446544.75364831
669720.0,97915581.52240598,88447393.08161542
669780.0,98173080.8720954,88448264.32481085
669840.0,98424421.02277282,88449157.92537497
669900.0,98669478.63364387,88450073.31460096
669960.0,98908069.00811715,88451009.90744473
670020.0,99140136.52577345,88451967.11409095
670080.0,99365576.13875557,88452944.33552942
670140.0,99584271.28198865,88453940.96252793
670200.0,99796067.22339953,88454956.37222004
670260.0,100000926.89714509,88455989.93864426
670320.0,100198755.73747455,88457041.0275987
670380.0,100389438.01786232,88458108.99475077
670440.0,100572866.68386094,88459193.18641795
670500.0,100749005.38111266,88460292.94589847
670560.0,100917775.92941622,88461407.60973021
670620.0,101079063.448556,88462536.50441025
670680.0,101232808.42165042,88463678.95135221
670740.0,101378975.20706618,88464834.26902424
670800.0,101517501.9685364,88466001.77060738
670860.0,101648274.691035,88467180.75933114
670920.0,101771281.25255883,88468370.53759025
670980.0,101886486.73929572,88469570.40490687
671040.0,101993844.77524278,88470779.65690707
671100.0,102093244.8117226,88471997.5795852
671160.0,102184719.41983835,88473223.46210265
671220.0,102268235.30484502,88474456.59089881
671280.0,102343746.91557239,88475696.24859677
671340.0,102411191.10712549,88476941.71243255
671400.0,102470601.13828865,88478192.26287276
671460.0,102521960.02214748,88479447.17912324
671520.0,102565223.11042011,88480705.7366582
671580.0,102600374.55480114,88481967.20979482
671640.0,102627448.37895219,88483230.87614904
671700.0,102646443.93156703,88484496.01353675
671760.0,102657317.5764808,88485761.89613436
671820.0,102660100.66372746,88487027.80117746
671880.0,102654828.09020494,88488293.00927614
671940.0,102641515.59192136,88489556.80270258
672000.0,102620120.68516465,88490818.46019208
672060.0,102590721.82863814,88492077.26774216
672120.0,102553354.93159905,88493332.51481089
672180.0,102508044.6749557,88494583.49331309
672240.0,102454772.44767664,88495829.49375528
672300.0,102393641.18400596,88497069.81608373
672360.0,102324695.48993242,88498303.76447512
672420.0,102247961.33575484,88499530.64567181
672480.0,102163467.42762454,88500749.76922481
672540.0,102071317.84800817,88501960.45421712
672600.0,101971573.84070784,88503162.02543804
672660.0,101864262.86550334,88504353.81036714
672720.0,101749460.88769816,88505535.14349926
672780.0,101627273.33318827,88506705.36896877
672840.0,101497778.20061056,88507863.83809948
672900.0,101361004.65214695,88509009.90504678
672960.0,101217075.84935978,88510142.93517733
673020.0,101066098.76675804,88511262.3036209
673080.0,100908168.27592593,88512367.39418717
673140.0,100743315.45550188,88513457.59367566
673200.0,100571710.58756353,88514532.30428116
673260.0,100393462.39726223,88515590.93810105
673320.0,100208668.75380762,88516632.9161634
673380.0,100017404.79674406,88517657.6663978
673440.0,99819845.88354689,88518664.63256112
673500.0,99616116.65279138,88519653.26971214
673560.0,99406317.01716346,88520623.04200391
673620.0,99190569.43495157,88521573.42468788
673680.0,98969051.10450812,88522503.90898427
673740.0,98741903.74580184,88523413.99891542
673800.0,98509229.43545108,88524303.20776996
673860.0,98271197.76461446,88525171.06411016
673920.0,98027987.85629597,88526017.11261374
673980.0,97779758.47783305,88526840.91225454
674040.0,97526613.90471752,88527642.03144561
674100.0,97268770.58594756,88528420.05801922
674160.0,97006409.55202603,88529174.59606604
674220.0,96739701.0885095,88529905.26497166
674280.0,96468767.72996715,88530611.69516075
674340.0,96193856.2301449,88531293.53914465
674400.0,95915154.74695873,88531950.46629837
674460.0,95632835.30624567,88532582.16141802
674520.0,95347066.85791901,88533188.32444032
674580.0,95058097.4600953,88533768.67747204
674640.0,94766131.50576434,88534322.96089682
674700.0,94471342.3274723,88534850.93060483
674760.0,94173944.52965233,88535352.36165579
674820.0,93874186.91936709,88535827.0513115
674880.0,93572289.40174341,88536274.81645644
674940.0,93268425.89085002,88536695.48950066
675000.0,92962855.59626195,88537088.9259546
675060.0,92655827.19079693,88537455.00348236
675120.0,92347575.02633685,88537793.62061912
675180.0,92038272.50031312,88538104.69134511
675240.0,91728222.01049133,88538388.1565414
675300.0,91417670.79776925,88538643.97907728
675360.0,91106854.44398382,88538872.14276464
675420.0,90795979.43472804,88539072.64976403
675480.0,90485354.31740174,88539245.52964212
675540.0,90175234.81721956,88539390.83466811
675600.0,89865852.78212161,88539508.63768299
675660.0,89557454.50747521,88539599.0333734
675720.0,89250343.42992537,88539662.1433358
675780.0,88944784.29743032,88539698.11262943
675840.0,88641002.6437003,88539707.10628453
675900.0,88339281.65347835,88539689.31441122
675960.0,88039916.75057773,88539644.95327471
676020.0,87743178.55794555,88539574.26308253
676080.0,87449283.00891379,88539477.50312032
676140.0,87158546.5646659,88539354.96066417
676200.0,86871252.99555534,88539206.94806744
676260.0,86587671.52793956,88539033.80145933
676320.0,86308014.59621048,88538835.87569591
676380.0,86032617.43612067,88538613.55524531
676440.0,85761751.13180247,88538367.24848431
676500.0,85495667.64589149,88538097.38599184
676560.0,85234604.73198313,88537804.419279
676620.0,84978877.66761816,88537488.8276543
676680.0,84728750.88979952,88537151.11370344
676740.0,84484453.74186063,88536791.8001675
676800.0,84246243.66045754,88536411.4324246
676860.0,84014410.288299,88536010.5813348
676920.0,83789205.54185382,88535589.83988474
676980.0,83570830.16091594,88535149.81864226
677040.0,83359555.05580543,88534691.15196708
677100.0,83155638.01274489,88534214.49683733
677160.0,82959312.06926893,88533720.53064668
677220.0,82770742.95120582,88533209.94523166
677280.0,82590208.4757425,88532683.4567953
677340.0,82417928.05498901,88532141.80072287
677400.0,82254099.58699514,88531585.72966762
677460.0,82098876.30363944,88531016.00958738
677520.0,81952507.25192773,88530433.42822379
677580.0,81815176.68265316,88529838.78935497
677640.0,81687036.1071716,88529232.90988958
677700.0,81568234.41420054,88528616.61962877
677760.0,81458971.1547491,88527990.76574555
677820.0,81359394.21149017,88527356.20820335
677880.0,81269602.87516668,88526713.81544949
677940.0,81189735.9553919,88526064.467909
678000.0,81119938.1060237,88525409.05849643
678060.0,81060315.67242013,88524748.4892206
678120.0,81010910.89420041,88524083.66550842
678180.0,80971847.85010204,88523415.5034439
678240.0,80943212.10254976,88522744.92635606
678300.0,80925063.1174315,88522072.86250742
678360.0,80917387.07338211,88521400.23860957
678420.0,80920285.70780319,88520727.99004401
678480.0,80933784.3368469,88520057.05410014
678540.0,80957880.36898014,88519388.36750671
678600.0,80992541.01765741,88518722.86376226
678660.0,81037805.39448103,88518061.47949304
678720.0,81093650.6848821,88517405.14897725
678780.0,81160011.89475136,88516754.80041769
678840.0,81236837.21679668,88516111.35710996
678900.0,81324103.70869026,88515475.73999566
678960.0,81421741.41452755,88514848.86350879
679020.0,81529624.46185946,88514231.63063775
679080.0,81647683.78307201,88513624.93794931
679140.0,81775836.77433346,88513029.67439568
679200.0,81913969.09620897,88512446.71851422
679260.0,82061897.24907771,88511876.93232313
679320.0,82219538.3032903,88511321.17021139
679380.0,82386753.98736988,88510780.27405465
679440.0,82563382.18614164,88510255.07111506
679500.0,82749209.4526207,88509746.3695152
679560.0,82944120.72657079,88509254.96693325
679620.0,83147934.98217185,88508781.64478399
679680.0,83360441.21097244,88508327.16557902
679740.0,83581421.35916814,88507892.27231339
679800.0,83810714.28059521,88507477.69349681
679860.0,84048108.81692092,88507084.13874643
679920.0,84293351.295477,88506712.29504335
679980.0,84546225.13441691,88506362.8300155
680040.0,84806529.52522892,88506036.39333782
680100.0,85074029.57858355,88505733.61373353
680160.0,85348435.48427238,88505455.09413847
680220.0,85629538.40537696,88505201.418855
680280.0,85917104.40081511,88504973.15134591
680340.0,86210881.26146773,88504770.83263263
680400.0,86510549.4845905,88504594.9753709
680460.0,86815914.09426811,88504446.07484351
680520.0,87126714.30999842,88504324.60316613
680580.0,87442673.03958975,88504231.00785947
680640.0,87763488.14772666,88504165.70965247
680700.0,88088943.21381624,88504129.11004949
680760.0,88418770.08470762,88504121.58677915
680820.0,88752672.04210968,88504143.49128741
680880.0,89090370.71508765,88504195.15036601
680940.0,89431632.40383297,88504276.87009932
681000.0,89776187.03667025,88504388.93266906
681060.0,90123723.23075756,88504531.59272528
681120.0,90473990.92924029,88504705.08280073
681180.0,90826743.76368625,88504909.61364552
681240.0,91181714.08468267,88505145.37236236
681300.0,91538580.06401181,88505412.51764564
681360.0,91897123.78813973,88505711.18894456
681420.0,92257090.08592102,88506041.50319101
681480.0,92618211.66536644,88506403.55374236
681540.0,92980176.74817091,88506797.40647538
681600.0,93342785.67873646,88507223.10966837
681660.0,93705783.3037167,88507680.68912388
681720.0,94068897.40413061,88508170.14667669
681780.0,94431853.63361445,88508691.46001709
681840.0,94794448.49064577,88509244.58893566
681900.0,95156437.53228983,88509829.47172874
681960.0,95517545.95149766,88510446.0225364
682020.0,95877538.86161025,88511094.13486499
682080.0,96236210.98892689,88511773.6842012
682140.0,96593330.47655323,88512484.52568175
682200.0,96948621.72188993,88513226.49025485
682260.0,97301890.82759799,88513999.39187628
682320.0,97652932.31898044,88514803.0264988
682380.0,98001528.33005759,88515637.17099045
682440.0,98347403.80006735,88516501.57811451
682500.0,98690406.93981011,88517395.98737708
682560.0,99030333.23184283,88518320.12039788
682620.0,99366968.20011695,88519273.68004274
682680.0,99700073.16430858,88520256.34830469
682740.0,100029504.36439256,88521267.79465464
682800.0,100355070.6920986,88522307.6718864
682860.0,100676559.64889136,88523375.61424445
682920.0,100993776.01221965,88524471.23894994
682980.0,101306578.18865705,88525594.15091953
683040.0,101614791.1850826,88526743.93983679
683100.0,101918204.99912913,88527920.17708397
683160.0,102216668.23454838,88529122.4208972
683220.0,102510041.8960926,88530350.21746129
683280.0,102798167.45726798,88531603.09919994
683340.0,103080837.7553673,88532880.58051139
683400.0,103357945.43468451,88534182.16653897
683460.0,103629354.37748371,88535507.35065019
683520.0,103894918.92159815,88536855.61360411
683580.0,104154446.41546525,88538226.41943242
683640.0,104407862.19300476,88539619.22580187
683700.0,104655037.0040004,88541033.4792269
683760.0,104895828.29041289,88542468.61390671
683820.0,105130087.68698122,88543924.05122118
683880.0,105357743.5985984,88545399.20647188
683940.0,105578683.62446304,88546893.48530492
684000.0,105792768.40035123,88548406.2813501
684060.0,105999893.83096145,88549936.97931956
684120.0,106199991.45755675,88551484.95813715
684180.0,106392965.75510396,88553049.58856748
684240.0,106578680.60739845,88554630.22965997
684300.0,106757076.13583969,88556226.23543867
684360.0,106928087.05584918,88557836.95443048
684420.0,107091634.7206047,88559461.72849606
684480.0,107247586.30053371,88561099.88808337
684540.0,107395926.05784044,88562750.76249565
684600.0,107536591.90984869,88564413.67583022
684660.0,107669512.3561367,88566087.94615537
684720.0,107794587.06673224,88567772.88298683
684780.0,107911815.18096092,88569467.79600689
684840.0,108021147.57372981,88571171.99083585
684900.0,108122516.01813473,88572884.76736036
684960.0,108215864.33367263,88574605.4207912
685020.0,108301194.84017454,88576333.24678922
685080.0,108378475.28019628,88578067.5384369
685140.0,108447640.75105059,88579807.58338065
685200.0,108508679.14306429,88581552.66845594
685260.0,108561596.00399469,88583302.08123377
685320.0,108606375.95696187,88585055.10818839
685380.0,108642957.4932915,88586811.03065927
685440.0,108671372.49796574,88588569.13302861
685500.0,108691629.81401624,88590328.7007031
685560.0,108703728.95891549,88592089.01929738
685620.0,108707617.95176764,88593849.37012722
685680.0,108703366.55717883,88595609.04086462
685740.0,108690989.01659025,88597367.320677
685800.0,108670488.29912162,88599123.49924028
685860.0,108641856.52364951,88600876.86578953
685920.0,108605166.8061572,88602626.71620418
685980.0,108560450.38288935,88604372.34934218
686040.0,108507713.79364856,88606113.06487867
686100.0,108446993.20663968,88607848.16589676
686160.0,108378365.2047627,88609576.96241993
686220.0,108301878.08631971,88611298.76893596
686280.0,108217542.0972785,88613012.90106818
686340.0,108125437.40378387,88614718.68168736
686400.0,108025644.18597698,88616415.44090976
686460.0,107918227.87893026,88618102.51480521
686520.0,107803202.58033173,88619779.24090777
686580.0,107680692.39724208,88621444.96782872
686640.0,107550781.24484725,88623099.05173968
686700.0,107413543.95603555,88624740.85557579
686760.0,107269022.06749962,88626369.74612373
686820.0,107117360.1166353,88627985.10301816
686880.0,106958653.7020362,88629586.31446113
686940.0,106792981.61084557,88631172.77575001
687000.0,106620429.47593519,88632743.8898723
687060.0,106441145.64997794,88634299.07297945
687120.0,106255243.039706,88635837.75128601
687180.0,106062804.49771093,88637359.35844103
687240.0,105863959.64144097,88638863.3396077
687300.0,105658860.72705185,88640349.15343462
687360.0,105447637.97734265,88641816.27012666
687420.0,105230378.37766106,88643264.16766593
687480.0,105007255.3653717,88644692.33935364
687540.0,104778425.13474871,88646100.29229851
687600.0,104544034.91357557,88647487.54662846
687660.0,104304176.58584394,88648853.63065597
687720.0,104059066.3982673,88650198.09172451
687780.0,103808864.6906647,88651520.49132313
687840.0,103553722.60383174,88652820.4042778
687900.0,103293775.64552769,88654097.41738215
687960.0,103029243.69001593,88655351.13675007
688020.0,102760303.99655318,88656581.18409112
688080.0,102487111.40911423,88657787.19474904
688140.0,102209844.5974513,88658968.81977326
688200.0,101928726.77512255,88660125.72979552
688260.0,101643951.71316338,88661257.61245468
688320.0,101355677.56624582,88662364.16928469
688380.0,101064125.51856126,88663445.12120219
688440.0,100769521.62705152,88664500.20892276
688500.0,100472075.54650876,88665529.19152297
688560.0,100171948.10853852,88666531.842178
688620.0,99869402.1222433,88667507.95704079
688680.0,99564665.72065246,88668457.35221098
688740.0,99257957.58512916,88669379.86290294
688800.0,98949458.11403865,88670275.34010252
688860.0,98639452.71063192,88671143.65970626
688920.0,98328176.41668159,88671984.71812439
688980.0,98015848.57834698,88672798.43090504
689040.0,97702689.10326748,88673584.73277481
689100.0,97388983.13623703,88674343.58331059
689160.0,97074978.18192942,88675074.96365175
689220.0,96760892.5899148,88675778.87395264
689280.0,96446983.83436571,88676455.33677998
689340.0,96133534.90245077,88677104.39932378
689400.0,95820803.66842376,88677726.13120097
689460.0,95509005.29445545,88678320.62072872
689520.0,95198432.35243623,88678887.98165211
689580.0,94889363.2039112,88679428.35189681
689640.0,94582063.41863619,88679941.8924455
689700.0,94276742.17339395,88680428.7824221
689760.0,93973724.06828338,88680889.22912407
689820.0,93673279.73009357,88681323.46331568
689880.0,93375667.56651026,88681731.73815507
689940.0,93081121.90729539,88682114.32709055
690000.0,92789961.04750939,88682471.53115319
690060.0,92502455.6138892,88682803.67480007
690120.0,92218851.44069675,88683111.1037486
690180.0,91939408.03590414,88683394.18615599
690240.0,91664428.7828537,88683653.31642343
690300.0,91394181.20123467,88683888.91206747
690360.0,91128893.87036103,88684101.41032563
690420.0,90868846.54316773,88684291.27259493
690480.0,90614322.68938248,88684458.98474446
690540.0,90365581.52701049,88684605.05499749
690600.0,90122829.05610885,88684730.0092982
690660.0,89886359.73697528,88684834.39898872
690720.0,89656431.5314568,88684918.79762776
690780.0,89433285.41173185,88684983.79950513
690840.0,89217111.55112967,88685030.01522091
690900.0,89008200.52397059,88685058.08039753
690960.0,88806782.96160607,88685068.65046363
691020.0,88613066.78096741,88685062.39867328
691080.0,88427246.26915842,88685040.01491486
691140.0,88249575.78317274,88685002.2109187
691200.0,88080261.12237051,88684949.71603255
691260.0,87919470.95623313,88684883.27399108
691320.0,87767397.45195472,88684803.64494906
691380.0,87624252.62698846,88684711.60719691
691440.0,87490211.37458666,88684607.95393133
691500.0,87365397.16281483,88684493.48878676
691560.0,87249994.12813039,88684369.03109454
691620.0,87144166.24732418,88684235.41412708
691680.0,87048051.95078509,88684093.48287593
691740.0,86961724.17223153,88683944.08836551
691800.0,86885353.80926925,88683788.09614702
691860.0,86819051.9091567,88683626.38110174
691920.0,86762906.02458172,88683459.82539965
691980.0,86716963.52062988,88683289.31501165
692040.0,86681348.63402471,88683115.74637276
692100.0,86656125.54153274,88682940.02117078
692160.0,86641324.48726633,88682763.04340258
692220.0,86636973.41946834,88682585.71917412
692280.0,86643138.05253825,88682408.95997263
692340.0,86659836.51774718,88682233.67854077
692400.0,86687039.9469648,88682060.7848032
692460.0,86724755.35872862,88681891.18897735
692520.0,86772988.96285062,88681725.80150326
692580.0,86831712.25853087,88681565.53003632
692640.0,86900837.16399138,88681411.27428734
692700.0,86980349.94667171,88681263.93246597
692760.0,87070198.05443588,88681124.39791912
692820.0,87170304.98651719,88680993.55705902
692880.0,87280532.53999504,88680872.28402326
692940.0,87400840.58765504,88680761.44917206
693000.0,87531122.71101816,88680661.91335058
693060.0,87671246.92950782,88680574.52567992
693120.0,87821058.7450504,88680500.12161304
693180.0,87980464.31866103,88680439.52819116
693240.0,88149317.43449901,88680393.5595142
693300.0,88327434.80633456,88680363.01353815
693360.0,88514649.92817557,88680348.67353421
693420.0,88710819.9795557,88680351.31014459
693480.0,88915763.87424646,88680371.67807712
693540.0,89129252.24099801,88680410.51193497
693600.0,89351111.79187316,88680468.53107683
693660.0,89581156.31827202,88680546.43850587
693720.0,89819175.55052473,88680644.9187958
693780.0,90064899.91769531,88680764.63297021
693840.0,90318155.1367611,88680906.22675297
693900.0,90578717.6807045,88681070.32631665
693960.0,90846346.21764672,88681257.53675167
694020.0,91120760.97502367,88681468.43875204
694080.0,91401768.8277162,88681703.59611623
694140.0,91689123.0545683,88681963.55112171
694200.0,91982552.76131172,88682248.82244498
694260.0,92281787.85935779,88682559.90524136
694320.0,92586608.46866904,88682897.27549398
694380.0,92896755.24875645,88683261.38661239
694440.0,93211933.63501552,88683652.66639884
694500.0,93531888.81669512,88684071.5204939
694560.0,93856379.84092672,88684518.33358307
694620.0,94185140.23703422,88684993.46720175
694680.0,94517857.18342736,88685497.25574176
694740.0,94854296.23543037,88686030.01323202
694800.0,95194200.49785964,88686592.0314086
694860.0,95537300.45332576,88687183.57863438
694920.0,95883272.30229302,88687804.89522251
694980.0,96231903.96098489,88688456.20309317
695040.0,96582927.89947335,88689137.70099513
695100.0,96936064.19443808,88689849.56344602
695160.0,97291017.02861017,88690591.93937086
695220.0,97647565.65975486,88691364.95859243
695280.0,98005447.33463776,88692168.7282141
695340.0,98364375.34964153,88693003.33056301
695400.0,98724085.17291704,88693868.82511368
695460.0,99084350.71251577,88694765.25181435
695520.0,99444917.07995583,88695692.62861112
695580.0,99805493.76310758,88696650.94838464
695640.0,100165850.19895077,88697640.18413164
695700.0,100525757.62693186,88698660.28912885
695760.0,100884971.50598428,88699711.19558081
695820.0,101243199.89130656,88700792.8105412
695880.0,101600248.3150088,88701905.02432844
695940.0,101955887.46825421,88703047.70752905
696000.0,102309878.90898828,88704220.71021885
696060.0,102661949.70359313,88705423.85899855
696120.0,103011924.53399158,88706656.9654177
696180.0,103359581.3770943,88707919.82195581
696240.0,103704683.24733156,88709212.20074119
696300.0,104046996.0407689,88710533.85380796
696360.0,104386346.42404383,88711884.51834099
696420.0,104722527.0298103,88713263.91374992
696480.0,105055303.47195508,88714671.73934935
696540.0,105384481.4468462,88716107.67782016
696600.0,105709890.59718326,88717571.39727919
696660.0,106031339.09319828,88719062.54943627
696720.0,106348595.9844623,88720580.76623227
696780.0,106661507.4619268,88722125.66649023
696840.0,106969906.86103825,88723696.8548142
696900.0,107273618.51851319,88725293.92082055
696960.0,107572415.51625715,88726916.43473199
697020.0,107866185.01815625,88728563.95720625
697080.0,108154764.55682574,88730236.03506815
697140.0,108437983.56001796,88731932.2006181
697200.0,108715654.08714513,88733651.97014362
697260.0,108987670.05795524,88735394.85097039
697320.0,109253885.05749278,88737160.33799556
697380.0,109514133.13920493,88738947.9120127
697440.0,109768267.88610533,88740757.04139794
697500.0,110016187.89867802,88742587.18598782
697560.0,110257763.79902896,88744437.79467636
697620.0,110492834.47347422,88746308.30269036
697680.0,110721295.14815368,88748198.13644041
697740.0,110943049.27097319,88750106.71423166
697800.0,111157984.6282387,88752033.44492075
697860.0,111365945.0750286,88753977.72414266
697920.0,111566867.53229453,88755938.94231737
697980.0,111760660.40219319,88757916.48220044
698040.0,111947224.15529193,88759909.71820466
698100.0,112126421.36639962,88761918.0131465
698160.0,112298216.99571909,88763940.72705013
698220.0,112462529.02331443,88765977.2131115
698280.0,112619262.97795449,88768026.81663142
698340.0,112768323.21878177,88770088.8749184
698400.0,112909679.71947725,88772162.7229291
698460.0,113043267.75574367,88774247.69028868
698520.0,113168997.96626665,88776343.09917684
698580.0,113286816.4620271,88778448.26737772
698640.0,113396698.2712377,88780562.5107652
698700.0,113498595.98161061,88782685.1413767
698760.0,113592425.39099023,88784815.46425577
698820.0,113678174.31746143,88786952.78363872
698880.0,113755822.8855658,88789096.40229444
698940.0,113825341.01069371,88791245.62064867
699000.0,113886649.70481993,88793399.73258722
699060.0,113939778.44179429,88795558.03476809
699120.0,113984712.49204125,88797719.82282655
699180.0,114021429.30367804,88799884.39070442
699240.0,114049884.61487019,88802051.02878784
699300.0,114070120.05443658,88804219.03127824
699360.0,114082135.91553302,88806387.69264442
699420.0,114085914.90155531,88808556.3061135
699480.0,114081454.4728585,88810724.1649372
699540.0,114068801.44006449,88812890.56662475
699600.0,114047973.49954116,88815054.81044404
699660.0,114018958.6916212,88817216.19487773
699720.0,113981796.15581791,88819374.02200523
699780.0,113936537.96175095,88821527.59860985
699840.0,113883219.2512022,88823676.23472548
699900.0,113821833.49455583,88825819.24006279
699960.0,113752461.46415478,88827955.93149294
700020.0,113675160.57607003,88830085.63104248
700080.0,113589980.53590965,88832207.66523042
700140.0,113496929.12870367,88834321.36147375
700200.0,113396119.92208627,88836426.05715162
700260.0,113287618.6991266,88838521.09550668
700320.0,113171480.66535616,88840605.82473645
700380.0,113047755.34796445,88842679.59750465
700440.0,112916561.7169091,88844741.77688785
700500.0,112777983.1204692,88846791.73331983
700560.0,112632080.35301349,88848828.84265691
700620.0,112478944.6130817,88850852.48877923
700680.0,112318700.34721315,88852862.06643453
700740.0,112151448.48935655,88854856.9792201
700800.0,111977255.49215108,88856836.63662705
700860.0,111796254.12346482,88858800.4597147
700920.0,111608574.35513863,88860747.8808665
700980.0,111414334.6939756,88862678.34280378
701040.0,111213607.28361979,88864591.29461315
701100.0,111006566.31310754,88866486.20047694
701160.0,110793347.28338164,88868362.53635603
701220.0,110574078.1171055,88870219.78933632
701280.0,110348860.89639793,88872057.45541324
701340.0,110117886.7435918,88873875.04710527
701400.0,109881304.71385233,88875672.08984835
701460.0,109639248.2035777,88877448.120651
701520.0,109391860.51402853,88879202.68893644
701580.0,109139338.00064915,88880935.36107463
701640.0,108881846.90327138,88882645.71779962
701700.0,108619525.89202999,88884333.35184616
701760.0,108352559.08793737,88885997.87183043
701820.0,108081147.81209958,88887638.90371385
701880.0,107805475.12635362,88889256.08923467
701940.0,107525684.62178724,88890849.08252747
702000.0,107242000.68216175,88892417.55702317
702060.0,106954629.15293966,88893961.20385642
702120.0,106663768.03128283,88895479.73118743
702180.0,106369569.29033256,88896972.86026196
702240.0,106072292.7983511,88898440.33462441
702300.0,105772149.5948035,88899881.91593668
702360.0,105469341.35902421,88901297.38317083
702420.0,105164059.02650355,88902686.53168398
702480.0,104856565.53078723,88904049.1793607
702540.0,104547086.61129421,88905385.16342697
702600.0,104235826.5832874,88906694.33861227
702660.0,103923014.06862333,88907976.57921769
702720.0,103608913.85071117,88909231.7821951
702780.0,103293765.00487173,88910459.8649427
702840.0,102977773.05698836,88911660.7624322
702900.0,102661202.65821119,88912834.43224832
702960.0,102344318.811701,88913980.85460915
703020.0,102027372.13579556,88915100.03112884
703080.0,101710567.48769891,88916191.98090325
703140.0,101394203.4366888,88917256.74849911
703200.0,101078543.08522889,88918294.40091692
703260.0,100763839.86655292,88919305.0267565
703320.0,100450314.85877268,88920288.7334475
703380.0,100138278.6163068,88921245.654874
703440.0,99827996.09133542,88922175.94747348
703500.0,99519715.39150831,88923079.78879067
703560.0,99213686.6372417,88923957.37764011
703620.0,98910213.32428001,88924808.9386486
703680.0,98609564.22769922,88925634.71928376
703740.0,98311978.66376534,88926434.98733257
703800.0,98017732.08577287,88927210.03397353
703860.0,97727117.15253544,88927960.1752333
703920.0,97440402.48688006,88928685.74992745
703980.0,97157814.4955135,88929387.11605254
704040.0,96879649.61995213,88930064.65674658
704100.0,96606185.25312081,88930718.77865508
704160.0,96337685.25198844,88931349.91076767
704220.0,96074358.36235161,88931958.49971302
704280.0,95816517.06233808,88932545.01858869
704340.0,95564418.44411233,88933109.96223173
704400.0,95318304.92529538,88933653.84595941
704460.0,95078396.72097418,88934177.20366958
704520.0,94844982.43406981,88934680.59365684
704580.0,94618304.80215096,88935164.59469649
704640.0,94398578.97809494,88935629.8036869
704700.0,94186031.44547895,88936076.83660659
704760.0,93980920.56933336,88936506.3312203
704820.0,93783469.05289328,88936918.94403392
704880.0,93593858.88631077,88937315.34682098
704940.0,93412316.85022265,88937696.23042838
705000.0,93239065.13836135,88938062.304378
705060.0,93074300.47891395,88938414.29469155
705120.0,92918165.80499738,88938752.93930611
705180.0,92770882.29909784,88939078.99472684
705240.0,92632630.20549087,88939393.23253615
705300.0,92503569.70026916,88939696.43768016
705360.0,92383813.71537308,88939989.40444416
705420.0,92273557.71946543,88940272.94346899
705480.0,92172939.60134229,88940547.87684694
705540.0,92082071.1223647,88940815.03589495
705600.0,92001050.56070504,88941075.2600042
705660.0,91930022.69604906,88941329.40059055
705720.0,91869085.37925614,88941578.31709954
705780.0,91818297.80032852,88941822.87371632
705840.0,91777739.6445129,88942063.94110589
705900.0,91747501.42499346,88942302.39733061
705960.0,91727637.68167941,88942539.12478976
706020.0,91718152.13014783,88942775.0058984
706080.0,91719103.22480497,88943010.9277389
706140.0,91730525.01444814,88943247.7799852
706200.0,91752426.88442877,88943486.45280631
706260.0,91784755.65771906,88943727.83155109
706320.0,91827547.4238973,88943972.80433331
706380.0,91880779.12740417,88944222.25700665
706440.0,91944404.85674027,88944477.07122439
706500.0,92018344.35098615,88944738.12152416
706560.0,92102582.16251759,88945006.2808347
706620.0,92197048.97658685,88945282.4159027
706680.0,92301643.26673174,88945567.38456044
706740.0,92416264.39167984,88945862.03580478
706800.0,92540842.42318584,88946167.21240811
706860.0,92675265.93035243,88946483.74739818
706920.0,92819380.62788823,88946812.46042487
706980.0,92973068.55323216,88947154.1608486
707040.0,93136208.80386393,88947509.64749517
707100.0,93308651.60618716,88947879.70621037
707160.0,93490194.0287239,88948265.10535534
707220.0,93680705.01657075,88948666.60191181
707280.0,93880017.31117839,88949084.93841583
707340.0,94087944.27589951,88949520.84132001
707400.0,94304249.35104269,88949975.01676613
707460.0,94528783.51025268,88950448.15801738
707520.0,94761341.85416776,88950940.94072567
707580.0,95001698.25372542,88951454.02113889
707640.0,95249612.51649524,88951988.03491668
707700.0,95504898.89077584,88952543.60175483
707760.0,95767328.77022408,88953121.32175893
707820.0,96036642.406938,88953721.77281302
707880.0,96312601.7230849,88954345.51242569
707940.0,96594990.1604745,88954993.07956256
708000.0,96883561.26770872,88955664.99212088
708060.0,97178027.56874372,88956361.74346201
708120.0,97478158.79533301,88957083.80726916
708180.0,97783713.38257037,88957831.63659859
708240.0,98094432.71191546,88958605.66244367
708300.0,98410007.22292201,88959406.28942887
708360.0,98730219.85817173,88960233.90365629
708420.0,99054809.49591616,88961088.86898129
708480.0,99383502.41320601,88961971.52595489
708540.0,99715996.82752785,88962882.18945743
708600.0,100052069.16756916,88963821.15533195
708660.0,100391451.9152261,88964788.69667137
708720.0,100733857.90782475,88965785.06216504
708780.0,101079007.02636869,88966810.47670531
708840.0,101426664.30306533,88967865.14521948
708900.0,101776563.24604015,88968949.25001007
708960.0,102128407.43085817,88970062.9482312
709020.0,102481942.29463053,88971206.3754417
709080.0,102836925.34550062,88972379.64663564
709140.0,103193094.78413476,88973582.85461749
709200.0,103550148.46767572,88974816.0665983
709260.0,103907860.66701305,88976079.33067074
709320.0,104265984.61137937,88977372.6740374
709380.0,104624264.44229276,88978696.1022509
709440.0,104982400.63717785,88980049.59553026
709500.0,105340193.58596127,88981433.11722077
709560.0,105697396.69634166,88982846.60982852
709620.0,106053753.08676204,88984289.99415903
709680.0,106408996.55334014,88985763.16853839
709740.0,106762927.43770035,88987266.01444837
709800.0,107115310.8924744,88988798.39355895
709860.0,107465891.00969496,88990360.14595655
709920.0,107814436.697274,88991951.09225062
709980.0,108160750.02631868,88993571.03638431
710040.0,108504609.52953003,88995219.76365262
710100.0,108845761.82633893,88996897.03801364
710160.0,109184012.32026002,88998602.60706419
710220.0,109519166.18198977,89000336.20202701
710280.0,109851016.57553686,89002097.53674348
710340.0,110179313.83173993,89003886.30406293
710400.0,110503900.89383611,89005702.18367356
710460.0,110824587.06584503,89007544.83926702
710520.0,111141174.41101772,89009413.91793378
710580.0,111453437.86179678,89011309.04787923
710640.0,111761238.66335593,89013229.84571911
710700.0,112064397.6853032,89015175.91307576
710760.0,112362722.05619738,89017146.8354245
710820.0,112656025.51461686,89019142.18265833
710880.0,112944174.59940642,89021161.51355103
710940.0,113227006.81696898,89023204.37331164
711000.0,113504334.8670098,89025270.29149675
711060.0,113776011.70874083,89027358.78541434
711120.0,114041909.60334681,89029469.3617574
711180.0,114301883.06814688,89031601.51511152
711240.0,114555750.73059486,89033754.7249323
711300.0,114803405.04877023,89035928.46177952
711360.0,115044724.30424397,89038122.18612522
711420.0,115279579.93861647,89040335.34778099
711480.0,115507797.77907984,89042567.38205585
711540.0,115729308.93406467,89044817.71864004
711600.0,115943998.25066319,89047085.77770683
711660.0,116151743.44653985,89049370.96931536
711720.0,116352410.16983175,89051672.6923975
711780.0,116545935.82965758,89053990.34081168
711840.0,116732222.79372692,89056323.30039133
711900.0,116911155.18268326,89058670.94741048
711960.0,117082638.5300384,89061032.65039234
712020.0,117246616.6474074,89063407.77333806
712080.0,117403009.5004677,89065795.67371953
712140.0,117551707.70269288,89068195.70000894
712200.0,117692656.69794022,89070607.19630194
712260.0,117825806.77204348,89073029.50272731
712320.0,117951095.5382661,89075461.95438126
712380.0,118068420.17184596,89077903.87792353
712440.0,118177766.02499734,89080354.59900717
712500.0,118279089.91361515,89082813.43987578
712560.0,118372341.95429027,89085279.71880087
712620.0,118457441.4789022,89087752.74749163
712680.0,118534398.1929813,89090231.8387061
712740.0,118603180.67103834,89092716.30278829
712800.0,118663745.6420449,89095205.44667207
712860.0,118716052.4076838,89097698.57409914
712920.0,118760117.24058557,89100194.99041513
712980.0,118795926.44339629,89102694.00004677
713040.0,118823443.41295294,89105194.90457496
713100.0,118842667.39438203,89107697.00575206
713160.0,118853621.27650197,89110199.60749114
713220.0,118856309.11686292,89112702.01428087
713280.0,118850701.04129817,89115203.52833092
713340.0,118836836.2055655,89117703.45537922
713400.0,118814744.16978247,89120201.10388337
713460.0,118784446.77521801,89122695.78437041
713520.0,118745920.94376971,89125186.80565862
713580.0,118699245.70241359,89127673.4834436
713640.0,118644457.34307411,89130155.13670236
713700.0,118581585.57417749,89132631.08713847
713760.0,118510644.02256076,89135100.65782908
713820.0,118431721.70013613,89137563.1795608
713880.0,118344871.63931485,89140017.98780249
713940.0,118250130.38759744,89142464.4213179
714000.0,118147551.50939843,89144901.82359421
714060.0,118037230.777255,89147329.54638672
714120.0,117919239.07711396,89149746.94762439
714180.0,117793619.85406199,89152153.38910186
714240.0,117660466.54463293,89154548.24067743
714300.0,117519881.72690187,89156930.88103747
714360.0,117371954.14383048,89159300.69653073
714420.0,117216734.17974594,89161657.07794361
714480.0,117054355.04998232,89163999.4274542
714540.0,116884926.16112645,89166327.15662824
714600.0,116708550.40223755,89168639.685868
714660.0,116525296.1646395,89170936.44151226
714720.0,116335325.2517061,89173216.86367564
714780.0,116138757.56926234,89175480.40272588
714840.0,115935702.84099007,89177726.51842491
714900.0,115726269.14988396,89179954.67978719
714960.0,115510624.9730815,89182164.37014413
715020.0,115288907.88304333,89184355.08454481
715080.0,115061234.34596382,89186526.32798007
715140.0,114827751.89073054,89188677.61798449
715200.0,114588635.53226535,89190808.48693703
715260.0,114344040.30597576,89192918.48037878
715320.0,114094089.23452869,89195007.15432225
715380.0,113838968.94543962,89197074.08058168
715440.0,113578860.74712694,89199118.84632024
715500.0,113313936.81635676,89201141.0532779
715560.0,113044326.41743791,89203140.31416707
715620.0,112770254.79473618,89205116.26071528
715680.0,112491909.15915354,89207068.54046866
715740.0,112209469.97811866,89208996.81622
715800.0,111923097.38802709,89210900.76429811
715860.0,111633029.47701071,89212780.08109576
715920.0,111339467.14670786,89214634.47994469
715980.0,111042596.03091729,89216463.68982913
716040.0,110742613.7567854,89218267.4563841
716100.0,110439763.05045764,89220045.54566722
716160.0,110134260.11552197,89221797.7419281
716220.0,109826294.84769142,89223523.84539679
716280.0,109516101.26995243,89225223.67597347
716340.0,109203925.69604702,89226897.07424973
716400.0,108889998.45638601,89228543.90016112
716460.0,108574512.47924225,89230164.02984701
716520.0,108257736.75993739,89231757.36201331
716580.0,107939919.79274862,89233323.81620662
716640.0,107621302.25924598,89234863.3321513
716700.0,107302085.18950664,89236375.86642146
716760.0,106982564.04188243,89237861.40033872
716820.0,106662989.88857885,89239319.93624634
716880.0,106343603.2478748,89240751.49661724
716940.0,106024636.75944617,89242156.12338625
717000.0,105706384.47349037,89243533.88308081
717060.0,105389106.2434247,89244884.8639494
717120.0,105073039.95966977,89246209.1741147
717180.0,104758447.18810132,89247506.94354615
717240.0,104445617.84043093,89248778.32642192
717300.0,104134817.64505784,89250023.49909599
717360.0,103826278.8327021,89251242.65728715
717420.0,103520288.64928558,89252436.02067196
717480.0,103217129.54841895,89253603.83247392
717540.0,102917069.63457382,89254746.35825384
717600.0,102620331.84240772,89255863.88212375
717660.0,102327225.25728911,89256956.71394177
717720.0,102038020.94187446,89258025.18612267
717780.0,101752978.38340835,89259069.65266094
717840.0,101472327.63091312,89260090.48666112
717900.0,101196374.51787782,89261088.08666372
717960.0,100925381.06911851,89262062.87297347
718020.0,100659589.6375841,89263015.28600638
718080.0,100399244.04201798,89263945.78640378
718140.0,100144630.40787777,89264854.85855864
718200.0,99896000.47791822,89265743.00773318
718260.0,99653574.28211331,89266610.75740108
718320.0,99417604.07458314,89267458.65193142
718380.0,99188350.88231567,89268287.25731272
718440.0,98966050.671903,89269097.15905103
718500.0,98750895.59056506,89269888.95850252
718560.0,98543140.67240615,89270663.27811791
718620.0,98343016.17573214,89271420.75936511
718680.0,98150735.7445061,89272162.06133415
718740.0,97966460.40377821,89272887.85633728
718800.0,97790439.72071609,89273598.83729424
718860.0,97622868.30023067,89274295.71313623
718920.0,97463921.91084155,89274979.20722717
718980.0,97313754.41361696,89275650.05552948
719040.0,97172574.73210652,89276309.01119341
719100.0,97040546.2133379,89276956.84074719
719160.0,96917801.39844337,89277594.32152124
719220.0,96804481.72851147,89278222.24238609
719280.0,96700750.41205703,89278841.40556341
719340.0,96606734.63042532,89279452.62361537
719400.0,96522519.00104445,89280056.71589038
719460.0,96448228.0164721,89280654.51184574
719520.0,96383974.91450225,89281246.8501048
719580.0,96329846.69611642,89281834.57626554
719640.0,96285876.33410512,89282418.5383931
719700.0,96252167.87871438,89282999.59294419
719760.0,96228781.45928963,89283578.60110244
719820.0,96215755.60012937,89284156.42697549
719880.0,96213085.54506606,89284733.9339865
719940.0,96220836.30851704,89285311.9906891
720000.0,96239018.5915041,89285891.46623917
720060.0,96267615.83227372,89286473.22812285
720120.0,96306600.02608587,89287058.14120384
720180.0,96355980.88557658,89287647.07086678
720240.0,96415724.56678884,89288240.8793886
720300.0,96485759.52096339,89288840.42279898
720360.0,96566034.88874328,89289446.55260624
720420.0,96656505.9269965,89290060.11630861
720480.0,96757095.44435897,89290681.95469369
720540.0,96867678.50664943,89291312.89786564
720600.0,96988183.25760466,89291953.76966912
720660.0,97118512.7979395,89292605.38560686
720720.0,97258549.19845782,89293268.55109245
720780.0,97408117.11550997,89293944.05667509
720840.0,97567126.86473186,89294632.68517585
720900.0,97735432.96352474,89295335.2070467
720960.0,97912870.54139741,89296052.37876227
721020.0,98099248.03062533,89296784.94060399
721080.0,98294432.0919205,89297533.6215119
721140.0,98498243.26086678,89298299.13525176
721200.0,98710473.96173783,89299082.17808259
721260.0,98930922.90341958,89299883.42928675
721320.0,99159416.56662232,89300703.55348717
721380.0,99395747.28762904,89301543.19781338
721440.0,99639670.18168452,89302402.98881337
721500.0,99890979.60491416,89303283.53572531
721560.0,100149467.43410987,89304185.43027864
721620.0,100414903.40406342,89305109.24486032
721680.0,100687011.00398143,89306055.528678
721740.0,100965585.8171168,89307024.81376308
721800.0,101250390.83098559,89308017.61226825
721860.0,101541174.82164429,89309034.41529454
721920.0,101837647.38981272,89310075.68964416
721980.0,102139598.79918374,89311141.88453402
722040.0,102446772.75268137,89312233.42773396
722100.0,102758896.10180387,89313350.72417551
722160.0,103075689.3121051,89314494.15543075
722220.0,103396923.23301321,89315664.08390774
722280.0,103722333.96841733,89316860.84997225
722340.0,104051631.57758123,89318084.76979347
722400.0,104384552.2875132,89319336.1375275
722460.0,104720852.42956637,89320615.22699614
722520.0,105060265.23163463,89321922.2897768
722580.0,105402488.58149143,89323257.55227715
722640.0,105747278.84207219,89324621.22060078
722700.0,106094382.17193922,89326013.4797084
722760.0,106443533.08280319,89327434.49245977
722820.0,106794421.33162744,89328884.39590786
722880.0,107146827.21714361,89330363.30882464
722940.0,107500490.47679888,89331871.32834227
723000.0,107855141.95875421,89333408.52922447
723060.0,108210492.27492478,89334974.96219647
723120.0,108566323.33499432,89336570.65987095
723180.0,108922380.12934053,89338195.63369235
723240.0,109278390.96453483,89339849.8725617
723300.0,109634095.76203263,89341533.34380926
723360.0,109989275.11576843,89343245.99657734
723420.0,110343683.73349762,89344987.75968067
723480.0,110697049.84540933,89346758.53941907
723540.0,111049144.9484163,89348558.22317469
723600.0,111399750.54390645,89350386.68024938
723660.0,111748633.13118125,89352243.76062836
723720.0,112095522.8398887,89354129.29197301
723780.0,112440224.54872791,89356043.08582668
723840.0,112782522.4317537,89357984.93590508
723900.0,113122193.78839703,89359954.61753397
723960.0,113458980.08739905,89361951.88468711
724020.0,113792713.11349544,89363976.47747977
724080.0,114123183.71672793,89366028.11878231
724140.0,114450173.54553054,89368106.51346512
724200.0,114773459.76129198,89370211.34803413
724260.0,115092878.97880523,89372342.2955638
724320.0,115408237.49258623,89374499.01319112
724380.0,115719322.27611805,89376681.14052178
724440.0,116025947.04852153,89378888.30185257
724500.0,116327954.10550068,89381120.10854438
724560.0,116625165.95907693,89383376.15738925
724620.0,116917375.63599831,89385656.02817492
724680.0,117204434.05109051,89387959.28848481
724740.0,117486189.80959076,89390285.49351181
724800.0,117762482.20790236,89392634.18529281
724860.0,118033110.85971104,89395004.88942942
724920.0,118297964.33449775,89397397.12245749
724980.0,118556898.0028608,89399810.38910322
725040.0,118809761.23861672,89402244.18179187
725100.0,119056381.96961342,89404697.97887816
725160.0,119296665.3978622,89407171.25104588
725220.0,119530481.09835486,89409663.45836343
725280.0,119757685.6087669,89412174.04920976
725340.0,119978145.044795,89414702.46107142
725400.0,120191771.8560244,89417248.12437952
725460.0,120398453.25025892,89419810.46042499
725520.0,120598053.13891271,89422388.87943578
725580.0,120790475.98189174,89424982.78393446
725640.0,120975641.64985783,89427591.57001565
725700.0,121153455.13088557,89430214.62611824
725760.0,121323787.85824855,89432851.3302545
725820.0,121486582.73145159,89435501.05592212
725880.0,121641767.16329888,89438163.17082602
725940.0,121789262.7406818,89440837.03639919
726000.0,121928952.36731473,89443522.00460835
726060.0,122060813.59191509,89446217.4257791
726120.0,122184782.73687185,89448922.64519005
726180.0,122300789.04814799,89451637.00249013
726240.0,122408754.00123514,89454359.83105908
726300.0,122508662.79385796,89457090.4632741
726360.0,122600469.73109579,89459828.22795838
726420.0,122684111.78333184,89462572.44895081
726480.0,122759549.00909711,89465322.44701491
726540.0,122826774.30845937,89468077.54255225
726600.0,122885760.006387,89470837.0539035
726660.0,122936450.8546397,89473600.29507276
726720.0,122978845.48940659,89476366.58017798
726780.0,123012944.56053405,89479135.22361729
726840.0,123038738.4425171,89481905.53922063
726900.0,123056179.72257403,89484676.83713093
726960.0,123065305.59650564,89487448.43078886
727020.0,123066124.50981908,89490219.63455868
727080.0,123058639.17864595,89492989.76325518
727140.0,123042827.2790522,89495758.13007717
727200.0,123018747.33783641,89498524.05327913
727260.0,122986421.37520605,89501286.85315719
727320.0,122945859.98056424,89504045.85110535
727380.0,122897079.44208017,89506800.37008505
727440.0,122840146.10719433,89509549.73875356
727500.0,122775100.10535984,89512293.28929926
727560.0,122701959.94544742,89515030.35565718
727620.0,122620780.48711081,89517760.27650581
727680.0,122531635.93456757,89520482.39686021
727740.0,122434584.53559661,89523196.06675375
727800.0,122329652.75759822,89525900.63861613
727860.0,122216933.97290815,89528595.47278762
727920.0,122096510.26873997,89531279.9365855
727980.0,121968458.00493416,89533953.40382925
728040.0,121832811.63135125,89536615.25138386
728100.0,121689702.9488327,89539264.86718093
728160.0,121539221.93452427,89541901.64676788
728220.0,121381452.91270794,89544524.99283907
728280.0,121216468.66163932,89547134.31428154
728340.0,121044408.9422959,89549729.03169055
728400.0,120865381.71251178,89552308.57474498
728460.0,120679479.1743542,89554872.3809059
728520.0,120486812.43955694,89557419.89697069
728580.0,120287529.01020995,89559950.58206607
728640.0,120081754.76619701,89562463.90586251
728700.0,119869589.69702035,89564959.34643815
728760.0,119651183.03267702,89567436.39432934
728820.0,119426689.8878142,89569894.55300994
728880.0,119196253.88079514,89572333.3379398
728940.0,118959982.61882655,89574752.27359548
729000.0,118718063.14788292,89577150.9000049
729060.0,118470657.97498828,89579528.7707213
729120.0,118217923.82916784,89581885.4523423
729180.0,117959988.68867616,89584220.52213876
729240.0,117697063.96578692,89586533.5749151
729300.0,117429323.55934435,89588824.21991588
729360.0,117156931.16234528,89591092.07998024
729420.0,116880051.88771996,89593336.79165317
729480.0,116598903.75875181,89595558.00953169
729540.0,116313677.28663602,89597755.40399481
729600.0,116024542.57008442,89599928.65951833
729660.0,115731701.14417273,89602077.4772541
729720.0,115435376.98354396,89604201.57686818
729780.0,115135776.4587402,89606300.69508587
729840.0,114833075.29135545,89608374.58316514
729900.0,114527510.49566421,89610423.01192902
729960.0,114219311.08830185,89612445.77110018
730020.0,113908698.28407192,89614442.668652
730080.0,113595852.36458813,89616413.527437
730140.0,113281044.59570107,89618358.19265752
730200.0,112964507.81827848,89620276.52869906
730260.0,112646468.08292836,89622168.41856465
730320.0,112327134.84403156,89624033.76250365
730380.0,112006786.03019744,89625872.48362972
730440.0,111685665.3893034,89627684.52510382
730500.0,111364000.76199247,89629469.84881938
730560.0,111042032.94198608,89631228.43645842
730620.0,110720040.56549257,89632960.29259123
730680.0,110398277.58682281,89634665.44264002
730740.0,110076971.48850742,89636343.930697
730800.0,109756392.0650799,89637995.82299046
730860.0,109436816.27323005,89639621.20846376
730920.0,109118505.73015924,89641220.19750676
730980.0,108801684.90080456,89642792.91889748
731040.0,108486649.73151143,89644339.52566148
731100.0,108173672.57598747,89645860.1931256
731160.0,107863016.62679332,89647355.11815709
731220.0,107554909.1174677,89648824.51620413
731280.0,107249659.74199767,89650268.62805398
731340.0,106947535.75563826,89651687.71634075
731400.0,106648791.29649144,89653082.06446053
731460.0,106353673.47796887,89654451.97598654
731520.0,106062480.86163762,89655797.7788807
731580.0,105775478.49560562,89657119.8227351
731640.0,105492907.23990344,89658418.47677948
731700.0,105215029.68731128,89659694.13165529
731760.0,104942128.7751191,89660947.20107506
731820.0,104674462.70375006,89662178.1197848
731880.0,104412254.29579884,89663387.34065512
731940.0,104155776.71513942,89664575.3388004
732000.0,103905292.28535253,89665742.61068128
732060.0,103661047.25017329,89666889.67277779
732120.0,103423241.19406763,89668017.05775739
732180.0,103192152.54097822,89669125.320929
732240.0,102968017.63669099,89670215.03678577
732300.0,102751058.00220329,89671286.79778253
732360.0,102541466.47175938,89672341.21197833
732420.0,102339499.20340255,89673378.90821749
732480.0,102145368.33535011,89674400.53251524
732540.0,101959262.46959847,89675406.746123
732600.0,101781369.99101053,89676398.22550423
732660.0,101611911.36244616,89677375.6649553
732720.0,101451071.63027671,89678339.77369797
732780.0,101299001.02890334,89679291.27302289
732840.0,101155878.09566808,89680230.89860195
732900.0,101021882.31421667,89681159.40055984
732960.0,100897166.46010467,89682077.5412818
733020.0,100781837.36406937,89682986.09164792
733080.0,100676058.80011478,89683885.83569019
733140.0,100579964.55257389,89684777.56813286
733200.0,100493668.88634217,89685662.09279065
733260.0,100417236.01671694,89686540.21846971
733320.0,100350805.72068754,89687412.76514801
733380.0,100294463.93278988,89688280.55956572
733440.0,100248274.58343184,89689144.43342239
733500.0,100212280.63841623,89690005.22166002
733560.0,100186570.14183168,89690863.76614882
733620.0,100171186.6881636,89691720.91204904
733680.0,100166141.48320338,89692577.50516085
733740.0,100171454.1355298,89693434.3926112
733800.0,100187159.22670361,89694292.4240776
733860.0,100213256.61868486,89695152.44894838
733920.0,100249703.77807291,89696015.31285693
733980.0,100296496.23803656,89696881.86079489
734040.0,100353614.81521623,89697752.93590969
734100.0,100421015.68511696,89698629.37749116
734160.0,100498603.01323877,89699512.01672259
734220.0,100586348.9779926,89700401.68224202
734280.0,100684181.77821669,89701299.19654958
734340.0,100792009.3889706,89702205.37435761
734400.0,100909702.50675538,89703121.01954816
734460.0,101037194.07666916,89704046.93026274
734520.0,101174368.17906189,89704983.89491303
734580.0,101321083.52023518,89705932.69011235
734640.0,101477192.04690379,89706894.08012842
734700.0,101642579.19447732,89707868.81962326
734760.0,101817092.46653278,89708857.65055965
734820.0,102000545.2362305,89709861.29941942
734880.0,102192774.7773727,89710880.47916125
734940.0,102393623.39981562,89711915.88963726
735000.0,102602906.58680269,89712968.21540846
735060.0,102820397.1509637,89714038.12226795
735120.0,103045922.52497339,89715126.26170662
735180.0,103279286.96642639,89716233.26902767
735240.0,103520278.69336407,89717359.76204418
735300.0,103768636.4939913,89718506.3370529
735360.0,104024182.01416327,89719673.57560359
735420.0,104286687.32576066,89720862.04046041
735480.0,104555909.46630313,89722072.27438323
735540.0,104831586.89777999,89723304.79862039
735600.0,105113512.76688491,89724560.117378
735660.0,105401441.89823472,89725838.71470128
735720.0,105695105.68299887,89727141.0525718
735780.0,105994247.65610015,89728467.57190667
735840.0,106298637.92510256,89729818.6947339
735900.0,106608019.43452574,89731194.82198542
735960.0,106922103.25869925,89732596.33090737
736020.0,107240643.15581965,89734023.57854941
736080.0,107563391.35720725,89735476.90164843
736140.0,107890083.95604157,89736956.61532146
736200.0,108220416.65970369,89738463.0097831
736260.0,108554158.19504386,89739996.35630623
736320.0,108891047.63753116,89741556.9048135
736380.0,109230814.14537045,89743144.88307802
736440.0,109573156.44889495,89744760.49425334
736500.0,109917848.5510528,89746403.92301561
736560.0,110264625.20685296,89748075.33237402
736620.0,110613207.58807611,89749774.86257322
736680.0,110963316.56518637,89751502.63107808
736740.0,111314719.89257856,89753258.73640111
736800.0,111667156.70081763,89755043.25577933
736860.0,112020343.65301102,89756856.2433534
736920.0,112374027.02294652,89758697.73258801
736980.0,112727971.52135111,89760567.73778127
737040.0,113081923.6920299,89762466.25259356
737100.0,113435598.60918349,89764393.2474944
737160.0,113788770.67569858,89766348.6746007
737220.0,114141204.22186708,89768332.46686466
737280.0,114492655.71515152,89770344.5374415
737340.0,114842841.04049566,89772384.77639529
737400.0,115191564.96048237,89774453.05793998
737460.0,115538593.59306397,89776549.23730172
737520.0,115883686.52645086,89778673.15019539
737580.0,116226588.89875548,89780824.61165708
737640.0,116567111.11382525,89783003.42136118
737700.0,116905031.64481705,89785209.36102961
737760.0,117240113.98008275,89787442.1932205
737820.0,117572136.54995441,89789701.66255096
737880.0,117900914.3003712,89791987.49867374
737940.0,118226240.25351469,89794299.41450062
738000.0,118547883.0691724,89796637.10422863
738060.0,118865655.62736024,89799000.24694249
738120.0,119179378.5379307,89801388.50724903
738180.0,119488860.40710899,89803801.53430745
738240.0,119793876.04104438,89806238.95908856
738300.0,120094273.65228362,89808700.40034766
738360.0,120389880.36745372,89811185.46291609
738420.0,120680517.8009011,89813693.73725899
738480.0,120965977.71711574,89816224.79705586
738540.0,121246134.24496044,89818778.2058988
738600.0,121520825.02412799,89821353.51433244
738660.0,121789878.96041602,89823950.25914977
738720.0,122053124.21820796,89826567.96333748
738780.0,122310442.43068859,89829206.14042409
738840.0,122561688.51781595,89831864.29231441
738900.0,122806699.10950972,89834541.90780911
738960.0,123045339.1460894,89837238.46490867
739020.0,123277498.13406537,89839953.43281232
739080.0,123503048.60535935,89842686.27054349
739140.0,123721835.22713442,89845436.42469208
739200.0,123933759.97991239,89848203.33407156
739260.0,124138720.50768717,89850986.42937014
739320.0,124336607.18928866,89853785.13256441
739380.0,124527272.95389439,89856598.85388401
739440.0,124710657.00165452,89859426.99881648
739500.0,124886665.30155446,89862268.96541305
739560.0,125055198.69608377,89865124.1438757
739620.0,125216141.17954431,89867991.9151936
739680.0,125369446.64599517,89870871.6568168
739740.0,125515037.06994574,89873762.74006873
739800.0,125652821.7875589,89876664.52912368
739860.0,125782722.22590688,89879576.38199018
739920.0,125904700.79202397,89882497.6538366
739980.0,126018697.64579017,89885427.69518842
740040.0,126124630.70857322,89888365.85012707
740100.0,126222458.8892617,89891311.45961545
740160.0,126312153.18217582,89894263.86247882
740220.0,126393671.9921114,89897222.39438525
740280.0,126466941.89648363,89900186.38526726
740340.0,126531959.30838515,89903155.16498384
740400.0,126588703.86683498,89906128.06196131
740460.0,126637150.16678256,89909104.40278497
740520.0,126677239.79104145,89912083.50952522
740580.0,126709000.36814019,89915064.70671056
740640.0,126732422.32616489,89918047.31831291
740700.0,126747488.97627273,89921030.66717139
740760.0,126754179.47109112,89924014.07465592
740820.0,126752530.12691106,89926996.86529756
740880.0,126742549.70650575,89929978.36455584
740940.0,126724230.27945957,89932957.89746659
741000.0,126697588.55203238,89935934.790637
741060.0,126662669.56081504,89938908.37453872
741120.0,126619500.41846313,89941877.98205523
741180.0,126568081.98952651,89944842.94635601
741240.0,126508468.50215709,89947802.60521597
741300.0,126440713.73929559,89950756.30097753
741360.0,126364863.1682515,89953703.37987581
741420.0,126280926.47658032,89956643.18914156
741480.0,126188995.36415507,89959575.08363703
741540.0,126089132.37585467,89962498.423494
741600.0,125981395.07804112,89965412.57370876
741660.0,125865820.73106578,89968316.90249749
741720.0,125742519.6965537,89971210.78720821
741780.0,125611569.52472815,89974093.61166325
741840.0,125473036.55797984,89976964.76524997
741900.0,125326995.49040636,89979823.6435941
741960.0,125173565.36906525,89982669.65214378
742020.0,125012842.00973335,89985502.2042872
742080.0,124844900.49315505,89988320.71967277
742140.0,124669852.81556875,89991124.62719125
742200.0,124487826.64647387,89993913.36623888
742260.0,124298935.96614438,89996686.38560675
742320.0,124103264.50880909,89999443.14103217
742380.0,123900961.38521987,90002183.10047969
742440.0,123692162.76907049,90004905.74309069
742500.0,123476999.79898751,90007610.55877197
742560.0,123255567.23880157,90010297.04525226
742620.0,123028048.52293058,90012964.71524318
742680.0,122794588.97605474,90015613.0933544
742740.0,122555328.00297683,90018241.71561062
742800.0,122310397.08256435,90020850.12880667
742860.0,122059987.68112968,90023437.89534833
742920.0,121804262.61599126,90026004.59093228
742980.0,121543369.22449228,90028549.80329065
743040.0,121277475.24423683,90031073.13383336
743100.0,121006779.77068597,90033574.20017464
743160.0,120731462.64274843,90036052.63457175
743220.0,120451678.64632206,90038508.08189651
743280.0,120167631.16385278,90040940.20355311
743340.0,119879526.34811468,90043348.67769505
743400.0,119587560.40885873,90045733.19841589
743460.0,119291894.90363137,90048093.47294621
743520.0,118992768.04674472,90050429.22783436
743580.0,118690392.26139574,90052740.20685749
743640.0,118384974.30834368,90055026.17055778
743700.0,118076696.42584524,90057286.89425728
743760.0,117765815.7717941,90059522.17409572
743820.0,117452554.92815334,90061731.82423317
743880.0,117137125.57773967,90063915.67596358
743940.0,116819742.84065692,90066073.5779851
744000.0,116500668.03949133,90068205.40011908
744060.0,116180137.00790927,90070311.03124623
744120.0,115858364.87794332,90072390.37762962
744180.0,115535598.0160124,90074443.36542599
744240.0,115212100.2510281,90076469.94208558
744300.0,114888118.88200592,90078470.07501101
744360.0,114563870.61583754,90080443.74908331
744420.0,114239631.02431831,90082390.97139935
744480.0,113915664.35361668,90084311.77035022
744540.0,113592227.13967678,90086206.19499116
744600.0,113269535.3294626,90088074.31176266
744660.0,112947891.19718137,90089916.21143919
744720.0,112627556.83020385,90091732.00588156
744780.0,112308786.27426907,90093521.82738066
744840.0,111991818.87906678,90095285.82746539
744900.0,111676953.59942172,90097024.18169591
744960.0,111364456.25902736,90098737.08698563
745020.0,111054574.78184015,90100424.76015104
745080.0,110747569.64082097,90102087.4389142
745140.0,110443731.80399191,90103725.38434982
745200.0,110143327.5383235,90105338.87888718
745260.0,109846594.8394135,90106928.2240253
745320.0,109553811.32894182,90108493.74351531
745380.0,109265255.91353652,90110035.78345494
745440.0,108981191.0803273,90111554.7109579
745500.0,108701840.54721706,90113050.91102521
745560.0,108427494.58693527,90114524.79189403
745620.0,108158415.44915551,90115976.78277336
745680.0,107894853.42123535,90117407.332873
745740.0,107637024.19593182,90118816.90861225
745800.0,107385214.65781583,90120205.99934027
745860.0,107139669.06142117,90121575.11389759
745920.0,106900614.69534084,90122924.77924359
745980.0,106668271.02475013,90124255.53981991
746040.0,106442899.25275731,90125567.96090025
746100.0,106224725.97333471,90126862.62579872
746160.0,106013950.09508447,90128140.13363639
746220.0,105810789.42692092,90129401.10085464
746280.0,105615474.05718915,90130646.16219538
746340.0,105428207.47492044,90131875.96855544
746400.0,105249154.77941036,90133091.18389393
746460.0,105078526.7061946,90134292.48889533
746520.0,104916516.86746156,90135480.57958642
746580.0,104763300.34105054,90136656.16584066
746640.0,104619003.19505322,90137819.96743412
746700.0,104483823.94676568,90138972.71986316
746760.0,104357914.71621661,90140115.1706101
746820.0,104241409.52074566,90141248.0776841
746880.0,104134413.94966939,90142372.20733319
746940.0,104037086.43435837,90143488.33828564
747000.0,103949540.98473822,90144597.25817692
747060.0,103871864.79374285,90145699.76139237
747120.0,103804143.77836287,90146796.648962
747180.0,103746487.78885017,90147888.7304797
747240.0,103698970.85043395,90148976.82122323
747300.0,103661630.14653258,90150061.73919395
747360.0,103634528.98753348,90151144.30721323
747420.0,103617726.03007625,90152225.352547
747480.0,103611253.00364733,90153305.70474248
747540.0,103615095.10732913,90154386.19189253
747600.0,103629291.35227898,90155467.64495517
747660.0,103653847.8820957,90156550.89511463
747720.0,103688750.67066957,90157636.7721629
747780.0,103733939.72779238,90158726.10081215
747840.0,103789422.02004418,90159819.70606883
747900.0,103855153.72092183,90160918.40915868
747960.0,103931068.61420578,90162023.02573216
748020.0,104017082.82396716,90163134.36445023
748080.0,104113151.80111319,90164253.23014134
748140.0,104219190.04565117,90165380.42051873
748200.0,104335080.94292985,90166516.72368813
748260.0,104460718.78247559,90167662.919026
748320.0,104596009.92072478,90168819.77815057
748380.0,104740829.89138855,90169988.06245373
748440.0,104895014.70551477,90171168.51993674
748500.0,105058440.04308678,90172361.8883955
748560.0,105230966.72225127,90173568.89423344
748620.0,105412435.09207979,90174790.25082539
748680.0,105602637.83041948,90176026.65470257
748740.0,105801436.17793837,90177278.79105352
748800.0,106008649.85995115,90178547.33040197
748860.0,106224082.15162724,90179832.92729494
748920.0,106447506.65052196,90181136.21793132
748980.0,106678755.53583579,90182457.82486218
749040.0,106917618.97916526,90183798.35363135
749100.0,107163865.55879888,90185158.39105266
749160.0,107417263.29396525,90186538.50517271
749220.0,107677612.27327882,90187939.24784656
749280.0,107944681.23383446,90189361.15223365
749340.0,108218209.45990428,90190804.73044708
749400.0,108497964.72816229,90192270.47584322
749460.0,108783720.46328449,90193758.86348131
749520.0,109075229.35509777,90195270.34847103
749580.0,109372206.78341496,90196805.36299397
749640.0,109674425.5498705,90198364.32090871
749700.0,109981637.71820576,90199947.61609857
749760.0,110293583.89426474,90201555.62156257
749820.0,110609964.46311349,90203188.68620542
749880.0,110930558.50897034,90204847.14114404
749940.0,111255102.97662666,90206531.29634328
750000.0,111583323.3069136,90208241.43970412
750060.0,111914933.51093376,90209977.83615811
750120.0,112249699.71388946,90211740.73184502
750180.0,112587356.24210054,90213530.3515771
750240.0,112927617.7987175,90215346.89727825
750300.0,113270216.2474499,90217190.54936542
750360.0,113614908.92998645,90219061.46879454
750420.0,113961431.56893612,90220959.79533969
750480.0,114309492.02897221,90222885.64537436
750540.0,114658843.72675022,90224839.11552235
750600.0,115009238.85388316,90226820.28256778
750660.0,115360418.00129984,90228829.20253572
750720.0,115712085.5463733,90230865.90780616
750780.0,116064019.62333992,90232930.41301799
750840.0,116415970.36288278,90235022.71283817
750900.0,116767680.93163458,90237142.78141339
750960.0,117118870.72178169,90239290.5704786
751020.0,117469329.54976647,90241466.01499242
751080.0,117818813.28495897,90243669.03043178
751140.0,118167066.18128096,90245899.51187205
751200.0,118513836.72626013,90248157.33433327
751260.0,118858916.83410846,90250442.35625641
751320.0,119202074.13154604,90252754.41757052
751380.0,119543055.94614044,90255093.33807907
751440.0,119881641.7051165,90257458.92003109
751500.0,120217627.20587091,90259850.94943514
751560.0,120550793.50372618,90262269.19488895
751620.0,120880892.58447126,90264713.4052657
751680.0,121207736.28188594,90267183.31449914
751740.0,121531125.68900175,90269678.64073226
751800.0,121850856.5505463,90272199.08589664
751860.0,122166686.92096661,90274744.33271134
751920.0,122478462.01981173,90277314.05164585
751980.0,122785989.39028409,90279907.89791876
752040.0,123089071.40871498,90282525.5110918
752100.0,123387500.39094377,90285166.51427327
752160.0,123681128.59012803,90287830.518906
752220.0,123969779.91826001,90290517.12251127
752280.0,124253264.16642757,90293225.90756822
752340.0,124531408.62353109,90295956.44291522
752400.0,124804073.25913337,90298708.28636147
752460.0,125071098.981629,90301480.98317157
752520.0,125332303.58488248,90304274.06422736
752580.0,125587549.86170661,90307087.0496214
752640.0,125836706.00622964,90309919.44909179
752700.0,126079630.38829957,90312770.76124318
752760.0,126316149.23997489,90315640.47098961
752820.0,126546161.24625821,90318528.0553345
752880.0,126769543.19858706,90321432.98162898
752940.0,126986167.24103656,90324354.70720547
753000.0,127195880.44183117,90327292.67738353
753060.0,127398605.57637216,90330246.33150662
753120.0,127594232.32991862,90333215.10030828
753180.0,127782641.7730529,90336198.40522924
753240.0,127963717.31595458,90339195.65860751
753300.0,128137390.7426565,90342206.26753496
753360.0,128303569.91782378,90345229.63195439
753420.0,128462145.01841941,90348265.14325377
753480.0,128613035.94325458,90351312.18663648
753540.0,128756183.63443269,90354370.14279921
753600.0,128891514.26841454,90357438.38675825
753660.0,129018927.25881042,90360516.28572108
753720.0,129138379.08883451,90363603.20363249
753780.0,129249819.96559088,90366698.50067633
753840.0,129353194.46955441,90369801.53282923
753900.0,129448411.34692161,90372911.64901021
753960.0,129535463.72281188,90376028.1977985
754020.0,129614311.1471482,90379150.52476193
754080.0,129684908.69027613,90382277.97210164
754140.0,129747198.43773173,90385409.87762043
754200.0,129801186.25094931,90388545.5797981
754260.0,129846849.05894706,90391684.4154897
754320.0,129884151.35538557,90394825.71893704
754380.0,129913071.95316382,90397968.82290858
754440.0,129933626.12459733,90401113.06159966
754500.0,129945809.3330173,90404257.76905663
754560.0,129949595.53978819,90407402.27746716
754620.0,129945000.28401679,90410545.92046681
754680.0,129932048.28188545,90413688.0338681
754740.0,129910753.55002843,90416827.95480904
754800.0,129881099.55195342,90419965.01932392
754860.0,129843138.53331487,90423098.56781085
754920.0,129796904.67725796,90426227.94359446
754980.0,129742427.73073064,90429352.49257222
755040.0,129679709.17023563,90432471.56096682
755100.0,129608829.42169106,90435584.50159937
755160.0,129529834.97555578,90438690.6711905
755220.0,129442765.07229461,90441789.42978278
755280.0,129347657.89275856,90444880.14065528
755340.0,129244603.2990023,90447962.17442748
755400.0,129133666.31077178,90451034.90708327
755460.0,129014895.65322475,90454097.71867459
755520.0,128888366.13500945,90457149.99539125
755580.0,128754177.0278917,90460191.1315012
755640.0,128612411.82918048,90463220.52809462
755700.0,128463128.71224979,90466237.59107074
755760.0,128306439.00016661,90469241.73535536
755820.0,128142451.31538197,90472232.38468297
755880.0,127971267.54274145,90475208.97105843
755940.0,127792955.22699621,90478170.93202803
756000.0,127607662.04344483,90481117.71703687
756060.0,127415505.85909836,90484048.78505862
756120.0,127216600.06728257,90486963.6042367
756180.0,127011041.65706281,90489861.65057907
756240.0,126798994.2220937,90492742.41323946
756300.0,126580591.43743804,90495605.39213865
756360.0,126355955.73130691,90498450.09706798
756420.0,126125220.09619364,90501276.04852346
756480.0,125888556.96013628,90504082.78082927
756540.0,125646117.80135684,90506869.84047082
756600.0,125398033.79379384,90509636.78447981
756660.0,125144473.54107739,90512383.18339793
756720.0,124885617.95659056,90515108.6222477
756780.0,124621635.91524889,90517812.69957213
756840.0,124352666.91895384,90520495.02510086
756900.0,124078914.65437105,90523155.22483367
756960.0,123800568.02626322,90525792.93986231
757020.0,123517811.10896139,90528407.82598177
757080.0,123230796.05749816,90530999.55115466
757140.0,122939756.0324829,90533567.80192582
757200.0,122644888.8869762,90536112.28061719
757260.0,122346385.82021879,90538632.70479432
757320.0,122044432.80040877,90541128.80684595
757380.0,121739269.59372316,90543600.33823998
757440.0,121431109.40772636,90546047.06741215
757500.0,121120149.58729793,90548468.77850282
757560.0,120806608.79931094,90550865.27303956
757620.0,120490732.29879653,90553236.37203583
757680.0,120172747.43094242,90555581.91456504
757740.0,119852856.40801358,90557901.75576335
757800.0,119531309.17588826,90560195.77060264
757860.0,119208355.03567941,90562463.8538316
757920.0,118884233.91493118,90564705.91922593
757980.0,118559151.2588966,90566921.89685117
758040.0,118233386.51173908,90569111.73891345
758100.0,117907191.19365627,90571275.41754065
758160.0,117580810.35276659,90573412.92426234
758220.0,117254467.15086542,90575524.26827015
758280.0,116928451.80085762,90577609.4817163
758340.0,116603021.28471328,90579668.61707537
758400.0,116278419.96928425,90581701.74613804
758460.0,115954896.41634564,90583708.96033551
758520.0,115632738.74236286,90585690.37386042
758580.0,115312210.03221212,90587646.12167805
758640.0,114993551.08120099,90589576.35775521
758700.0,114677032.79624447,90591481.25743401
758760.0,114362938.05156715,90593361.01836981
758820.0,114051532.74059974,90595215.85917968
758880.0,113743050.66501674,90597046.01689677
758940.0,113437781.49674521,90598851.75138012
759000.0,113135999.1832801,90600633.34406248
759060.0,112837968.12478179,90602391.09718719
759120.0,112543912.58576278,90604125.33062764
759180.0,112254135.48341236,90605836.38809645
759240.0,111968898.09774363,90607524.6338456
759300.0,111688450.56252879,90609190.45177753
759360.0,111413028.4195764,90610834.24428447
759420.0,111142917.96022865,90612456.43625066
759480.0,110878371.5336381,90614057.472362
759540.0,110619620.20921327,90615637.81541727
759600.0,110366905.897067,90617197.94717728
759660.0,110120493.27914187,90618738.37015587
759720.0,109880620.70119254,90620259.60553189
759780.0,109647495.02493851,90621762.19065543
759840.0,109421359.31552999,90623246.68190028
759900.0,109202451.39054789,90624713.65424205
759960.0,108990990.29371688,90626163.69976862
760020.0,108787153.3557211,90627597.42438029
760080.0,108591179.45419377,90629015.45264283
760140.0,108403274.20728754,90630418.42515483
760200.0,108223627.69280124,90631806.99731487
760260.0,108052395.44934236,90633181.83658975
760320.0,107889793.89286914,90634543.6273139
760380.0,107735995.60719436,90635893.06722392
760440.0,107591152.05802967,90637230.8657872
760500.0,107455405.64120807,90638557.7434815
760560.0,107328931.77430454,90639874.4343959
760620.0,107211869.80631822,90641181.68338004
760680.0,107104327.99552858,90642480.24358766
760740.0,107006431.15584181,90643770.87777902
760800.0,106918309.46088128,90645054.35873984
760860.0,106840064.97981814,90646331.46706103
760920.0,106771758.94592288,90647602.9879157
760980.0,106713494.98752257,90648869.71439993
761040.0,106665354.69553739,90650132.44579233
761100.0,106627399.78082146,90651391.9859843
761160.0,106599641.66312036,90652649.13951395
761220.0,106582160.25429855,90653904.71696447
761280.0,106574986.3577069,90655159.53109126
761340.0,106578131.229748,90656414.39528061
761400.0,106591579.49722005,90657670.12145098
761460.0,106615361.48682266,90658927.52365454
761520.0,106649464.49553546,90660187.41468605
761580.0,106693848.07263368,90661450.60389726
761640.0,106748471.81679378,90662717.89720221
761700.0,106813314.5303162,90663990.09859118
761760.0,106888321.11144453,90665268.00746113
761820.0,106973400.18659273,90666552.41576067
761880.0,107068487.39508261,90667844.11012036
761940.0,107173511.45353141,90669143.87130968
762000.0,107288376.60999413,90670452.47231273
762060.0,107412942.65192695,90671770.67483062
762120.0,107547123.58691998,90673099.23355462
762180.0,107690800.72068962,90674438.89359453
762240.0,107843837.42016315,90675790.3890705
762300.0,108006057.38106127,90677154.43999471
762360.0,108177346.88391565,90678531.75720263
762420.0,108357546.71716535,90679923.03877656
762480.0,108546477.64237688,90681328.96847467
762540.0,108743948.37823215,90682750.21478908
762600.0,108949804.80178641,90684187.43387538
762660.0,109163857.35830674,90685641.26677008
762720.0,109385888.88553211,90687112.33722466
762780.0,109615697.87615077,90688601.25294393
762840.0,109853094.7439782,90690108.60652982
762900.0,110097864.6147346,90691634.97349861
762960.0,110349757.53776196,90693180.90952915
763020.0,110608566.9126281,90694746.95387948
763080.0,110874072.94850379,90696333.62835617
763140.0,111146040.7245379,90697941.43613164
763200.0,111424192.82034549,90699570.85841027
763260.0,111708322.79610345,90701222.36001688
763320.0,111998185.97554238,90702896.3863976
763380.0,112293525.69307186,90704593.36268516
763440.0,112594063.2375957,90706313.6919743
763500.0,112899576.56152175,90708057.7597833
763560.0,113209808.23672864,90709825.93128078
763620.0,113524483.13462165,90711618.54990287
763680.0,113843331.62911837,90713435.93779407
763740.0,114166115.56572276,90715278.39828806
763800.0,114492571.38744864,90717146.21391958
763860.0,114822410.23385859,90719039.64444506
763920.0,115155376.12409689,90720958.92943403
763980.0,115491219.31176019,90722904.28876667
764040.0,115829674.48443885,90724875.92141905
764100.0,116170443.31795713,90726874.00287932
764160.0,116513287.56509383,90728898.68987384
764220.0,116857949.90808381,90730950.1188774
764280.0,117204165.14332744,90733028.40550202
764340.0,117551635.24949808,90735133.64192906
764400.0,117900137.27260476,90737265.90281059
764460.0,118249411.82164866,90739425.24241649
764520.0,118599190.41614692,90741611.6939291
764580.0,118949198.74311237,90743825.26899378
764640.0,119299212.01385276,90746065.96161343
764700.0,119648978.46026391,90748333.74603859
764760.0,119998229.1625115,90750628.5754295
764820.0,120346716.18803413,90752950.38351081
764880.0,120694215.50988887,90755299.08645453
764940.0,121040485.4420869,90757674.58150163
765000.0,121385258.97614872,90760076.74498357
765060.0,121728316.7663455,90762505.4360683
765120.0,122069437.67932081,90764960.4966269
765180.0,122408392.12164935,90767441.75057694
765240.0,122744916.9080784,90769949.00125575
765300.0,123078823.06981407,90772482.03724702
765360.0,123409894.08642408,90775040.63022673
765420.0,123737908.2790303,90777624.53456543
765480.0,124062625.1936957,90780233.48586337
765540.0,124383870.2872761,90782867.2061237
765600.0,124701438.80891405,90785525.40139036
765660.0,125015115.35157937,90788207.7609194
765720.0,125324692.15220807,90790913.95778443
765780.0,125630001.45750478,90793643.65201773
765840.0,125930854.26921783,90796396.48895109
765900.0,126227042.44840902,90799172.0977219
765960.0,126518391.84377542,90801970.09394202
766020.0,126804742.3687892,90804790.08080462
766080.0,127085921.59184156,90807631.6481222
766140.0,127361729.4049677,90810494.37016441
766200.0,127632025.97203732,90813377.81038381
766260.0,127896659.53938016,90816281.52048708
766320.0,128155473.98850192,90819205.0400978
766380.0,128408280.4282479,90822147.89419536
766440.0,128654971.25626239,90825109.5994844
766500.0,128895404.42031501,90828089.66170129
766560.0,129129432.73835789,90831087.575217
766620.0,129356902.4748888,90834102.82252856
766680.0,129577715.14159738,90837134.87858732
766740.0,129791746.5924858,90840183.2087942
766800.0,129998858.92305644,90843247.26792678
766860.0,130198933.86079593,90846326.50167945
766920.0,130391882.32201988,90849420.34895064
766980.0,130577598.33279775,90852528.24052413
767040.0,130755953.51527992,90855649.5973197
767100.0,130926865.27926114,90858783.83397844
767160.0,131090254.15556714,90861930.3591092
767220.0,131246032.53298387,90865088.57465418
767280.0,131394081.74123417,90868257.87346296
767340.0,131534355.02427751,90871437.64491895
767400.0,131666782.67802721,90874627.27314672
767460.0,131791290.93445505,90877826.13669619
767520.0,131907784.92570266,90881033.60689545
767580.0,132016239.86694212,90884249.05333179
767640.0,132116600.58154301,90887471.84147687
767700.0,132208803.20163481,90890701.33200912
767760.0,132292788.8696484,90893936.88120712
767820.0,132368542.72142331,90897177.84438914
767880.0,132436028.22268729,90900423.57422024
767940.0,132495191.47926049,90903673.41935697
768000.0,132546009.68796764,90906926.72687796
768060.0,132588477.96292636,90910182.84368415
768120.0,132622578.45937851,90913441.11548665
768180.0,132648267.31076463,90916700.88477474
768240.0,132665557.78659,90919961.4952794
768300.0,132674455.01953675,90923222.29133753
768360.0,132674959.88290574,90926482.61755896
768420.0,132667038.57659386,90929741.81611905
768480.0,132650740.43863045,90932999.23325072
768540.0,132626080.64644511,90936254.21657598
768600.0,132593070.38871653,90939506.11479394
768660.0,132551711.20160887,90942754.27692701
768720.0,132502063.22130337,90945998.05689457
768780.0,132444160.09715946,90949236.81144388
768840.0,132378023.08720623,90952469.89918196
768900.0,132303689.7978429,90955696.6818506
768960.0,132221230.39048229,90958916.52686532
769020.0,132130697.22341737,90962128.80592412
769080.0,132032121.61653216,90965332.89336449
769140.0,131925577.18427867,90968528.16946176
769200.0,131811144.08940092,90971714.02093758
769260.0,131688893.35485621,90974889.84024449
769320.0,131558866.33018838,90978055.02324946
769380.0,131421172.54245548,90981208.97454941
769440.0,131275902.10322464,90984351.10595371
769500.0,131123141.11791348,90987480.83616908
769560.0,130962951.41175105,90990597.5889038
769620.0,130795467.7729743,90993700.79855406
769680.0,130620793.67343661,90996789.90775853
769740.0,130439025.05808896,90999864.36680837
769800.0,130250259.4694553,91002923.63376881
769860.0,130054641.405054,91005967.1781357
769920.0,129852292.66706726,91008994.47906218
769980.0,129643318.87451757,91012005.02409418
770040.0,129427853.04244985,91014998.31130147
770100.0,129206049.17176469,91017973.85090882
770160.0,128978047.14861253,91020931.16419159
770220.0,128743962.01760718,91023869.78153625
770280.0,128503961.93061002,91026789.24657357
770340.0,128258210.09151603,91029689.11578807
770400.0,128006864.12165338,91032568.95807824
770460.0,127750048.13280599,91035428.35214216
770520.0,127487964.96093506,91038266.89260383
770580.0,127220786.58841296,91041084.18760467
770640.0,126948680.66805063,91043879.85846114
770700.0,126671801.54406686,91046653.5386235
770760.0,126390364.46874489,91049404.87841254
770820.0,126104556.84078817,91052133.54284489
770880.0,125814554.34605986,91054839.21071564
770940.0,125520544.92195211,91057521.57554646
771000.0,125222751.40595153,91060180.34829591
771060.0,124921377.17510022,91062815.25583827
771120.0,124616605.10374224,91065426.03936207
771180.0,124308655.76097703,91068012.45729731
771240.0,123997758.60420926,91070574.28600019
771300.0,123684131.93643786,91073111.31887849
771360.0,123367964.71378286,91075623.36410211
771420.0,123049508.90699606,91078110.24949862
771480.0,122728999.34101823,91080571.82121207
771540.0,122406665.53059828,91083007.94328295
771600.0,122082708.18023871,91085418.4954009
771660.0,121757402.02269502,91087803.37865472
771720.0,121430988.01890145,91090162.51289824
771780.0,121103699.0084472,91092495.83611177
771840.0,120775764.19675593,91094803.30411243
771900.0,120447460.60685302,91097084.89426422
771960.0,120119039.52525033,91099340.60346918
772020.0,119790735.01379003,91101570.4468212
772080.0,119462802.52732547,91103774.4592614
772140.0,119135519.05829076,91105952.69724408
772200.0,118809143.76527551,91108105.2373426
772260.0,118483909.36757852,91110232.17418747
772320.0,118160094.85452978,91112333.62405387
772380.0,117837974.38359183,91114409.72447798
772440.0,117517812.04202108,91116460.63346644
772500.0,117199836.14011961,91118486.52670966
772560.0,116884345.98777439,91120487.60308906
772620.0,116571609.58806145,91122464.08223677
772680.0,116261886.42801616,91124416.20386635
772740.0,115955415.02772492,91126344.22613701
772800.0,115652493.08192107,91128248.43024072
772860.0,115353384.66569129,91130129.11778326
772920.0,115058338.23095083,91131986.60956351
772980.0,114767605.77683856,91133821.24584134
773040.0,114481471.78133745,91135633.38885091
773100.0,114200194.50725459,91137423.42075767
773160.0,113924006.9113683,91139191.74168663
773220.0,113653169.89316192,91140938.77188385
773280.0,113387950.04147628,91142664.95214996
773340.0,113128595.02982451,91144370.74236469
773400.0,112875317.4505858,91146056.61875787
773460.0,112628382.14794652,91147723.07795648
773520.0,112388032.79525857,91149370.63533449
773580.0,112154500.12991554,91150999.82400234
773640.0,111927974.98250978,91152611.19170503
773700.0,111708717.191432,91154205.30616799
773760.0,111496943.53778534,91155782.75175047
773820.0,111292855.29943158,91157344.12823707
773880.0,111096638.1096072,91158890.04961878
773940.0,110908519.72979836,91160421.1473535
774000.0,110728692.09408945,91161938.06758192
774060.0,110557321.82938083,91163441.46916023
774120.0,110394584.23168376,91164932.02432708
774180.0,110240669.91379735,91166410.41988544
774240.0,110095740.9759553,91167877.35498743
774300.0,109959924.51120523,91169333.53841682
774360.0,109833380.70980643,91170779.69114977
774420.0,109716258.4042836,91172216.54547013
774480.0,109608685.38185066,91173644.84333473
774540.0,109510744.8967954,91175065.3329198
774600.0,109422577.9035341,91176478.77308795
774660.0,109344287.53294702,91177885.93045454
774720.0,109275958.59564058,91179287.57796577
774780.0,109217641.91918187,91180684.49226464
774840.0,109169441.10928072,91182077.45777626
774900.0,109131415.59246184,91183467.26328418
774960.0,109103600.9564705,91184854.70008297
775020.0,109086023.87205592,91186240.56128697
775080.0,109078737.80158038,91187625.6439035
775140.0,109081760.22165208,91189010.7460459
775200.0,109095076.01325002,91190396.66441023
775260.0,109118686.50060937,91191784.19554839
775320.0,109152594.15613157,91193174.13595705
775380.0,109196773.9839175,91194567.2799521
775440.0,109251159.98040779,91195964.41649655
775500.0,109315728.24027362,91197366.3324597
775560.0,109390430.72350211,91198773.81075083
775620.0,109475200.61239022,91200187.62886807
775680.0,109569922.60121594,91201608.55514997
775740.0,109674548.52541216,91203037.35397203
775800.0,109788981.74640018,91204474.78199929
775860.0,109913107.34251627,91205921.58677544
775920.0,110046788.10784644,91207378.50500317
775980.0,110189929.19716856,91208846.26582372
776040.0,110342396.64502896,91210325.58779521
776100.0,110504030.61968522,91211817.17689702
776160.0,110674675.40624273,91213321.72685291
776220.0,110854193.14889574,91214839.92051621
776280.0,111042416.43035029,91216372.42758918
776340.0,111239144.6067631,91217919.90206009
776400.0,111444207.68112867,91219482.9845778
776460.0,111657429.23824003,91221062.30196083
776520.0,111878612.99691619,91222658.46566774
776580.0,112107522.24680993,91224272.0686795
776640.0,112343977.512208,91225903.68992823
776700.0,112587768.78453577,91227553.89194404
776760.0,112838672.12681963,91229223.21978545
776820.0,113096431.36127858,91230912.19855593
776880.0,113360851.1732125,91232621.3381122
776940.0,113631697.00091596,91234351.13003922
777000.0,113908717.85799596,91236102.04638888
777060.0,114191657.17943257,91237874.53925684
777120.0,114480295.15767829,91239669.04362823
777180.0,114774382.51195787,91241485.97510885
777240.0,115073646.39668083,91243325.72811344
777300.0,115377834.94664419,91245188.67749348
777360.0,115686708.95645617,91247075.17952181
777420.0,116000009.43590528,91248985.57037282
777480.0,116317446.63328382,91250920.16375628
777540.0,116638778.19872773,91252879.2545839
777600.0,116963750.31268026,91254863.11809146
777660.0,117292098.94160569,91256872.00905849
777720.0,117623522.0046813,91258906.15888071
777780.0,117957791.08763255,91260965.78126201
777840.0,118294642.1151848,91263051.06947042
777900.0,118633802.7678747,91265162.19571018
777960.0,118974985.14185189,91267299.30992785
778020.0,119317956.31403083,91269462.54406096
778080.0,119662453.28533971,91271652.00972578
778140.0,120008198.2437085,91273867.79708287
778200.0,120354923.85684983,91276109.9756534
778260.0,120702393.3473383,91278378.59668274
778320.0,121050349.0739506,91280673.69153915
778380.0,121398510.95183022,91282995.26999134
778440.0,121746635.2779719,91285343.32302108
778500.0,122094484.39281018,91287717.8232962
778560.0,122441808.8456617,91290118.72426894
778620.0,122788328.99591483,91292545.95785695
778680.0,123133827.34156182,91294999.43923958
778740.0,123478067.82560699,91297479.0654347
778800.0,123820808.83529778,91299984.71487768
778860.0,124161781.55450733,91302516.24533293
778920.0,124500788.67532142,91305073.49941011
778980.0,124837600.49285178,91307656.30207463
779040.0,125171979.48639324,91310264.46005248
779100.0,125503686.51415628,91312897.76171239
779160.0,125832529.16683812,91315555.98067167
779220.0,126158291.4101924,91318238.87398264
779280.0,126480741.36881025,91320946.18091941
779340.0,126799671.02848542,91323677.62482174
779400.0,127114894.26749697,91326432.91478653
779460.0,127426210.02452157,91329211.74452326
779520.0,127733393.29752937,91332013.79051718
779580.0,128036268.34792243,91334838.71582754
779640.0,128334656.43134522,91337686.16986135
779700.0,128628372.47829694,91340555.78789201
779760.0,128917199.31655535,91343447.18859445
779820.0,129200994.37659626,91346359.97979149
779880.0,129479587.13362548,91349293.7563074
779940.0,129752802.94049329,91352248.09965566
780000.0,130020452.25378421,91355222.57689829
780060.0,130282407.29324447,91358216.74540198
780120.0,130538512.74999939,91361230.15072459
780180.0,130788602.97233233,91364262.3258243
780240.0,131032522.672802,91367312.79186146
780300.0,131270153.30620925,91370381.06102827
780360.0,131501357.28507647,91373466.63508825
780420.0,131725978.40086737,91376569.00394854
780480.0,131943896.03585939,91379687.64840056
780540.0,132155001.26537184,91382822.04102236
780600.0,132359174.57980354,91385971.64536814
780660.0,132556269.54538822,91389135.91390246
780720.0,132746200.5176239,91392314.2926762
780780.0,132928868.4749855,91395506.22030105
780840.0,133104170.62388028,91398711.12766264
780900.0,133271975.41540812,91401928.43571395
780960.0,133432227.52909197,91405157.56133574
781020.0,133584839.67381658,91408397.91488206
781080.0,133729719.20746851,91411648.89977165
781140.0,133866769.89938061,91414909.91221498
781200.0,133995946.64831178,91418180.34514403
781260.0,134117180.79295513,91421459.58640413
781320.0,134230389.97954264,91424747.01770447
781380.0,134335513.412494,91428042.01627584
781440.0,134432516.32186717,91431343.95687056
781500.0,134521348.77745488,91434652.21059957
781560.0,134601938.81215277,91437966.1432421
781620.0,134674261.14078563,91441285.11883108
781680.0,134738291.40320775,91444608.49972486
781740.0,134793998.46889398,91447935.64608832
781800.0,134841320.82761875,91451265.91356196
781860.0,134880268.746963,91454598.6587721
781920.0,134910828.33036622,91457933.23747618
781980.0,134932982.0308712,91461269.00428301
782040.0,134946694.62290102,91464605.31129688
782100.0,134951996.16298524,91467941.5131267
782160.0,134948888.51231542,91471276.96472222
782220.0,134937364.63532525,91474611.02069142
782280.0,134917424.90753606,91477943.03586914
782340.0,134889109.8798436,91481272.36839801
782400.0,134852440.28393444,91484598.37820747
782460.0,134807419.6110537,91487920.42569101
782520.0,134754083.81713974,91491237.87419519
782580.0,134692483.9487852,91494550.09117553
782640.0,134622659.59671658,91497856.44731669
782700.0,134544624.77621552,91501156.31457074
782760.0,134458450.9768046,91504449.07056202
782820.0,134364199.72234285,91507734.0978213
782880.0,134261928.89214462,91511010.7835045
782940.0,134151664.60678296,91514278.51695712
783000.0,134033512.2050293,91517536.69578378
783060.0,133907544.17950766,91520784.7233283
783120.0,133773828.83778192,91524022.00835086
783180.0,133632427.73624365,91527247.96450868
783240.0,133483456.56059445,91530462.01450072
783300.0,133327006.48871128,91533663.588187
783360.0,133163156.16799001,91536852.12162602
783420.0,132992002.44411749,91540027.05846621
783480.0,132813671.23373722,91543187.85216933
783540.0,132628272.25676887,91546333.96476635
783600.0,132435894.35978125,91549464.86525603
783660.0,132236669.47072308,91552580.03290059
783720.0,132030733.56133011,91555678.95753147
783780.0,131818214.68404976,91558761.138939
783840.0,131599211.67333633,91561826.08463208
783900.0,131373891.25410338,91564873.31503159
783960.0,131142399.19689547,91567902.36186168
784020.0,130904877.44446717,91570912.76785254
784080.0,130661446.9494932,91573904.08512999
784140.0,130412296.41241942,91576875.88039568
784200.0,130157585.18536694,91579827.73267609
784260.0,129897464.54993321,91582759.23270038
784320.0,129632089.57098952,91585669.98318526
784380.0,129361657.98876718,91588559.60209489
784440.0,129086346.37774014,91591427.7210161
784500.0,128806314.8182417,91594273.98389159
784560.0,128521751.85315105,91597098.04919209
784620.0,128232863.63669544,91599899.59125735
784680.0,127939843.27488227,91602678.2992925
784740.0,127642858.92161122,91605433.87545447
784800.0,127342131.77130413,91608166.03890216
784860.0,127037875.56120367,91610874.5252199
784920.0,126730299.02217743,91613559.08602841
784980.0,126419577.4272194,91616219.48642139
785040.0,126105963.56002952,91618855.51088437
785100.0,125789677.65772201,91621466.96080008
785160.0,125470935.18491003,91624053.65407717
785220.0,125149940.46386479,91626615.42429264
785280.0,124826953.3577637,91629152.12492937
785340.0,124502206.9379158,91631663.62732169
785400.0,124175921.39050734,91634149.81966418
785460.0,123848330.10403422,91636610.60801375
785520.0,123519696.75699972,91639045.91859648
785580.0,123190266.03774825,91641455.69634941
785640.0,122860261.00975797,91643839.90326199
785700.0,122529942.15020579,91646198.52122663
785760.0,122199574.90935887,91648531.55241083
785820.0,121869413.42827673,91650839.01838593
785880.0,121539681.37987036,91653120.9577936
785940.0,121210663.92574142,91655377.43103339
786000.0,120882625.7973057,91657608.51869494
786060.0,120555824.91901776,91659814.32103066
786120.0,120230491.98521371,91661994.95586993
786180.0,119906924.8198273,91664150.5637356
786240.0,119585387.50742891,91666281.30526061
786300.0,119266133.45600142,91668387.3603656
786360.0,118949412.70954409,91670468.92799488
786420.0,118635516.81833507,91672526.22927588
786480.0,118324710.92148948,91674559.50549592
786540.0,118017240.29300728,91676569.01657896
786600.0,117713370.5706821,91678555.0426319
786660.0,117413383.16615029,91680517.88513999
786720.0,117117540.27697726,91682457.86549324
786780.0,116826074.92533447,91684375.32275395
786840.0,116539264.10268836,91686270.61700284
786900.0,116257374.73462172,91688144.12856346
786960.0,115980661.6146858,91689996.25706957
787020.0,115709340.94297272,91691827.41851547
787080.0,115443696.3967105,91693638.05039366
787140.0,115183975.65448287,91695428.60894264
787200.0,114930414.62356262,91697199.56824252
787260.0,114683227.65100789,91698951.41856512
787320.0,114442680.20624527,91700684.67026362
787380.0,114209002.2955564,91702399.85106263
787440.0,113982404.2268169,91704097.50455056
787500.0,113763098.15951082,91705778.19031475
787560.0,113551321.37028117,91707442.48584881
787620.0,113347282.60755536,91709090.9843726
787680.0,113151161.38778068,91710724.29259954
787740.0,112963162.5078639,91712343.03265707
787800.0,112783489.89868309,91713947.84201473
787860.0,112612325.94076642,91715539.3718372
787920.0,112449814.30587508,91717118.28403139
787980.0,112296147.450662,91718685.25495706
788040.0,112151491.06727909,91720240.97338346
788100.0,112015994.40050788,91721786.13923249
788160.0,111889766.5603252,91723321.46051912
788220.0,111772977.19112422,91724847.65795618
788280.0,111665751.35564949,91726365.46155626
788340.0,111568194.70740895,91727875.60915087
788400.0,111480396.55040313,91729378.84514336
788460.0,111402481.13534178,91730875.9231656
788520.0,111334535.55760065,91732367.60324736
788580.0,111276618.52144481,91733854.64965367
788640.0,111228796.40673193,91735337.83146721
788700.0,111191145.2124318,91736817.92331818
788760.0,111163711.48034325,91738295.70314148
788820.0,111146504.66827266,91739771.9493547
788880.0,111139566.211008,91741247.44329001
788940.0,111142922.14531024,91742722.96802208
789000.0,111156577.0553904,91744199.30673596
789060.0,111180490.07352202,91745677.23927088
789120.0,111214676.90310164,91747157.54642293
789180.0,111259113.1748946,91748641.006898
789240.0,111313755.8335631,91750128.39589198
789300.0,111378530.57369967,91751620.48271659
789360.0,111453411.19583811,91753118.03445823
789420.0,111538329.3363825,91754621.8127741
789480.0,111633192.80817904,91756132.57208368
789540.0,111737903.3272065,91757651.05910815
789600.0,111852386.57656868,91759178.01469459
789660.0,111976534.94437982,91760714.17128828
789720.0,112110209.49398647,91762260.25055607
789780.0,112253290.58378322,91763816.96485625
789840.0,112405658.70198298,91765385.01725197
789900.0,112567170.15597421,91766965.09967801
789960.0,112737642.68568309,91768557.89001569
790020.0,112916938.89793028,91770164.05550577
790080.0,113104897.94823255,91771784.2509715
790140.0,113301343.19948444,91773419.11762413
790200.0,113506056.04698192,91775069.27988148
790260.0,113718882.97433329,91776735.35031609
790320.0,113939627.27442539,91778417.92638078
790380.0,114168076.76802434,91780117.58923979
790440.0,114404003.14240254,91781834.90255034
790500.0,114647219.7916905,91783570.4156349
790560.0,114897506.41617528,91785324.66092941
790620.0,115154620.35837351,91787098.15229295
790680.0,115418328.6615923,91788891.38575095
790740.0,115688416.78369999,91790704.84089912
790800.0,115964645.99144113,91792538.97907443
790860.0,116246748.33348247,91794394.24114518
790920.0,116534491.33660544,91796271.05021024
790980.0,116827637.68468057,91798169.81123841
791040.0,117125935.32535152,91800090.90995762
791100.0,117429096.10141985,91802034.71012382
791160.0,117736893.01035294,91804001.55816722
791220.0,118049070.9373314,91805991.78106697
791280.0,118365364.94174321,91808005.68561357
791340.0,118685484.8457678,91810043.55650297
791400.0,119009200.44030394,91812105.66089144
791460.0,119336247.90704179,91814192.24585438
791520.0,119666350.25154434,91816303.53739513
791580.0,119999230.76683402,91818439.74047476
791640.0,120334649.25349519,91820601.04178695
791700.0,120672341.08263968,91822787.60791357
791760.0,121012021.2895111,91824999.58379123
791820.0,121353430.56173465,91827237.09466325
791880.0,121696322.55345924,91829500.24706957
791940.0,122040435.52858455,91831789.12768792
792000.0,122385480.13806266,91834103.80124931
792060.0,122731217.89403273,91836444.31439929
792120.0,123077399.64298868,91838810.69489682
792180.0,123423769.74143173,91841202.95112999
792240.0,123770037.53622934,91843621.06947179
792300.0,124115988.2997473,91846065.02003826
792360.0,124461372.91037735,91848534.75409023
792420.0,124805936.54576226,91851030.2036088
792480.0,125149413.78284867,91853551.28050002
792540.0,125491592.1783963,91856097.88061342
792600.0,125832232.99194065,91858669.88175735
792660.0,126171084.32850613,91861267.14271009
792720.0,126507908.57230468,91863889.50430785
792780.0,126842497.164733,91866536.79165067
792840.0,127174623.83251761,91869208.81276773
792900.0,127504041.4484628,91871905.35704587
792960.0,127830541.93931973,91874626.19819163
793020.0,128153922.28873874,91877371.09461975
793080.0,128473970.25339007,91880139.78876099
793140.0,128790444.95131929,91882932.00490159
793200.0,129103169.2441197,91885747.45401195
793260.0,129411946.97821042,91888585.83231345
793320.0,129716577.79461321,91891446.82096587
793380.0,130016838.38598868,91894330.08433764
793440.0,130312573.4881742,91897235.27515766
793500.0,130603598.2335329,91900162.03228118
793560.0,130889720.38211897,91903109.98013765
793620.0,131170749.3226638,91906078.7288594
793680.0,131446538.31157129,91909067.87760316
793740.0,131716919.3053493,91912077.0129443
793800.0,131981708.93196797,91915105.70772277
793860.0,132240749.9784667,91918153.52302551
793920.0,132493904.87749776,91921220.00967564
793980.0,132741023.02139072,91924304.70725077
794040.0,132981930.47537145,91927407.14232467
794100.0,133216503.95872553,91930526.83229947
794160.0,133444615.57472147,91933663.28506032
794220.0,133666132.61202388,91936815.99861526
794280.0,133880891.0004563,91939984.45873024
794340.0,134088801.79120375,91943168.14460775
794400.0,134289747.12586057,91946366.52670603
794460.0,134483605.60730863,91949579.06647497
794520.0,134670244.11896092,91952805.21547456
794580.0,134849587.56568095,91956044.41975985
794640.0,135021535.3213807,91959296.11795537
794700.0,135185976.35253498,91962559.74047215
794760.0,135342812.33128422,91965834.71046995
794820.0,135491978.62478316,91969120.44640368
794880.0,135633393.235945,91972416.3607145
794940.0,135766955.67649388,91975721.85843627
795000.0,135892602.57241738,91979036.33999959
795060.0,136010279.90409002,91982359.20193937
795120.0,136119924.44250298,91985689.83620141
795180.0,136221446.37526262,91989027.62813826
795240.0,136314817.39478797,91992371.9611522
795300.0,136399994.20093212,91995722.21556486
795360.0,136476930.09451103,91999077.768362
795420.0,136545553.03534326,92002437.99128327
795480.0,136605862.85006484,92005802.25624469
795540.0,136657829.3655868,92009169.93307623
795600.0,136701416.69275767,92012540.3890913
795660.0,136736587.97814062,92015912.98901506
795720.0,136763353.8703915,92019287.09856726
795780.0,136781703.15463445,92022662.08281337
795840.0,136791610.79584408,92026037.30512285
795900.0,136793075.15004122,92029412.12893325
795960.0,136786117.71665928,92032785.91949466
796020.0,136770746.25969964,92036158.04283378
796080.0,136746946.62239853,92039527.86410145
796140.0,136714752.36641037,92042894.75116923
796200.0,136674195.85138282,92046258.07453774
796260.0,136625303.81935954,92049617.20691246
796320.0,136568072.9966518,92052971.52094121
796380.0,136502572.120173,92056320.39463963
796440.0,136428844.3992492,92059663.20946595
796500.0,136346929.6746329,92062999.35006598
796560.0,136256853.1054296,92066328.20316596
796620.0,136158700.9776194,92069649.16217586
796680.0,136052533.17152125,92072961.62519811
796740.0,135938400.33923826,92076264.99433088
796800.0,135816362.73712188,92079558.67638984
796860.0,135686517.3974646,92082842.08567536
796920.0,135548943.04291975,92086114.64259128
796980.0,135403701.06421974,92089375.7723377
797040.0,135250886.69466478,92092624.90745683
797100.0,135090607.61575815,92095861.4887672
797160.0,134922961.273216,92099084.9645902
797220.0,134748019.67907357,92102294.78883305
797280.0,134565912.87079087,92105490.42535336
797340.0,134376759.03105837,92108671.34706348
797400.0,134180672.87659672,92111837.03566615
797460.0,133977740.69181947,92114986.97951208
797520.0,133768123.24978374,92118120.67920138
797580.0,133551950.29417308,92121237.64524479
797640.0,133329346.7703824,92124337.39769891
797700.0,133100433.35320175,92127419.46584149
797760.0,132865380.8494696,92130483.39193833
797820.0,132624337.04887156,92133528.72950748
797880.0,132377436.79230523,92136555.04234119
797940.0,132124834.73860402,92139561.9059923
798000.0,131866711.33589293,92142548.90970884
798060.0,131603231.98065677,92145515.65529722
798120.0,131334540.95035274,92148461.7555299
798180.0,131060826.34810022,92151386.83743568
798240.0,130782277.72989033,92154290.54240355
798300.0,130499077.50979349,92157172.52564049
798360.0,130211378.782902,92160032.45396283
798420.0,129919402.38985656,92162870.01088294
798480.0,129623346.28312044,92165684.89488295
798540.0,129323404.34649876,92168476.81910354
798600.0,129019751.98637512,92171245.50995007
798660.0,128712627.55541933,92173990.71181661
798720.0,128402241.24132708,92176712.18496336
798780.0,128088794.1285848,92179409.70482694
798840.0,127772492.65349472,92182083.06241658
798900.0,127453581.73428187,92184732.06719854
798960.0,127132285.8542738,92187356.54555443
799020.0,126808812.02153763,92189956.33946268
799080.0,126483396.31228043,92192531.30867523
799140.0,126156288.77784096,92195081.33176024
799200.0,125827726.66648884,92197606.30513372
799260.0,125497921.29943794,92200106.14110656
799320.0,125167136.66348283,92202580.77183186
799380.0,124835626.151789,92205030.14850228
799440.0,124503637.64792188,92207454.24092942
799500.0,124171385.4770774,92209853.03501844
799560.0,123839158.73017733,92212226.53837243
799620.0,123507212.16956912,92214574.77770846
799680.0,123175794.20377366,92216897.79837367
799740.0,122845143.10020006,92219195.6635775
799800.0,122515547.12857997,92221468.45813602
799860.0,122187267.55257961,92223716.28643806
799920.0,121860550.52609822,92225939.27130452
799980.0,121535655.34155382,92228137.55496688
800040.0,121212866.42939743,92230311.30094516
800100.0,120892448.40389825,92232460.69255394
800160.0,120574641.89002025,92234585.93109605
800220.0,120259723.79778767,92236687.2385765
800280.0,119947971.19847192,92238764.8577068
800340.0,119639648.40625511,92240819.05094081
800400.0,119334986.7409946,92242850.09799403
800460.0,119034276.83163005,92244858.30028273
800520.0,118737784.37514822,92246843.97904715
800580.0,118445765.5317099,92248807.47462931
800640.0,118158449.21425152,92250749.14442395
800700.0,117876124.25844266,92252669.36736242
800760.0,117599044.23557983,92254568.54126234
800820.0,117327448.28160223,92256447.08173887
800880.0,117061571.12857088,92258305.42186825
800940.0,116801682.17214794,92260144.01477785
801000.0,116548022.31759068,92261963.33150466
801060.0,116300808.76215996,92263763.85921276
801120.0,116060277.08507125,92265546.102564
801180.0,115826672.20971283,92267310.58441131
801240.0,115600217.29902358,92269057.84416229
801300.0,115381102.49827452,92270788.43530074
801360.0,115169559.10826689,92272502.92846285
801420.0,114965802.43642105,92274201.9102333
801480.0,114770032.765795,92275885.98201469
801540.0,114582408.06696817,92277555.75685447
801600.0,114403150.28028114,92279211.86422898
801660.0,114232440.05230388,92280854.94694646
801720.0,114070442.59471588,92282485.659987
801780.0,113917300.43403284,92284104.66880046
801840.0,113773199.7103675,92285712.65256591
801900.0,113638288.91764757,92287310.30136989
801960.0,113512692.81038357,92288898.31442608
802020.0,113396536.47077607,92290477.40009649
802080.0,113289963.53060998,92292048.27727562
802140.0,113193087.03734513,92293611.6730988
802200.0,113105987.37510847,92295168.3204961
802260.0,113028768.47366819,92296718.95995113
802320.0,112961527.96194085,92298264.33902696
802380.0,112904340.18171108,92299805.21062216
802440.0,112857238.13746247,92301342.32987796
802500.0,112820301.84836426,92302876.45769243
802560.0,112793580.45443678,92304408.35840988
802620.0,112777104.70594054,92305938.79844484
802680.0,112770866.36245859,92307468.54336666
802740.0,112774911.86323875,92308998.36198688
802800.0,112789243.22995038,92310529.0230383
802860.0,112813841.28672737,92312061.29359084
802920.0,112848671.87132879,92313595.93793233
802980.0,112893731.45930722,92315133.71985877
803040.0,112948980.24318936,92316675.39996362
803100.0,113014349.40045395,92318221.73347132
803160.0,113089779.42432313,92319773.47093514
803220.0,113175217.73478924,92321331.35875645
803280.0,113270583.91210482,92322896.13710672
803340.0,113375761.02222037,92324468.53720269
803400.0,113490666.01815847,92326049.28384055
803460.0,113615199.38559404,92327639.09416853
803520.0,113749242.48982306,92329238.67626199
803580.0,113892632.96925923,92330848.725862
803640.0,114045267.14298865,92332469.930761
803700.0,114207001.75170568,92334102.96785103
803760.0,114377677.20920333,92335748.50190905
803820.0,114557107.83539122,92337407.18365374
803880.0,114745154.67569554,92339079.65323816
803940.0,114941640.92756417,92340766.5374291
804000.0,115146368.43906729,92342468.44801877
804060.0,115359138.09023865,92344185.98175822
804120.0,115579774.65662906,92345919.72214583
804180.0,115808074.2860705,92347670.23729648
804240.0,116043805.03986166,92349438.07785173
804300.0,116286759.19005361,92351223.77879259
804360.0,116536730.19841078,92353027.85953401
804420.0,116793492.17147854,92354850.82248709
804480.0,117056784.45750228,92356693.150473
804540.0,117326395.78498277,92358555.31041291
804600.0,117602093.43261923,92360437.75173448
804660.0,117883632.95714469,92362340.90550417
804720.0,118170735.0213381,92364265.18183252
804780.0,118463184.98449515,92366210.9747053
804840.0,118760730.65847367,92368178.65919045
804900.0,119063107.75316167,92370168.59054296
804960.0,119370042.20794092,92372181.10348402
805020.0,119681301.9263842,92374216.51533636
805080.0,119996626.43578614,92376275.12391591
805140.0,120315736.37582843,92378357.20613156
805200.0,120638367.61240482,92380463.01912756
805260.0,120964275.19323787,92382592.80172008
805320.0,121293194.84632516,92384746.77296464
805380.0,121624836.53163293,92386925.13024384
805440.0,121958950.2890267,92389128.05226102
805500.0,122295282.482357,92391355.6987735
805560.0,122633569.08207801,92393608.20982544
805620.0,122973513.29811871,92395885.7033153
805680.0,123314883.12694573,92398188.27982882
805740.0,123657419.9388049,92400516.02066275
805800.0,124000858.419536,92402868.98733431
805860.0,124344913.710245,92405247.22013326
805920.0,124689359.81128815,92407650.74251199
805980.0,125033941.37310956,92410079.55890675
806040.0,125378392.00480197,92412533.65392281
806100.0,125722450.27350664,92415012.99271101
806160.0,126065890.43801282,92417517.52363132
806220.0,126408465.98578097,92420047.17671326
806280.0,126749912.03462905,92422601.86229578
806340.0,127089993.03454234,92425181.47321716
806400.0,127428485.86674169,92427785.88574643
806460.0,127765155.10247545,92430414.9586738
806520.0,128099739.50928055,92433068.53139742
806580.0,128432031.45121188,92435746.42791753
806640.0,128761812.37330465,92438448.45603009
806700.0,129088859.17110802,92441174.40699439
806760.0,129412917.8001936,92443924.05323812
806820.0,129733808.39648455,92446697.1538809
806880.0,130051319.13549519,92449493.45236257
806940.0,130365233.38470118,92452312.67609164
807000.0,130675327.685809,92455154.53594367
807060.0,130981429.27065732,92458018.73003592
807120.0,131283341.62626688,92460904.94196694
807180.0,131580855.7659916,92463812.83989483
807240.0,131873779.92516887,92466742.07782298
807300.0,132161949.47424076,92469692.29762205
807360.0,132445184.19065754,92472663.12787569
807420.0,132723283.65044118,92475654.18238433
807480.0,132996088.64887577,92478665.06323338
807540.0,133263443.50316447,92481695.36105935
807600.0,133525185.03879744,92484744.65449753
807660.0,133781122.10051057,92487812.50810766
807720.0,134031128.71190494,92490898.47722101
807780.0,134275058.75445244,92494002.10644758
807840.0,134512762.6272116,92497122.92942147
807900.0,134744071.13829795,92500260.4673501
807960.0,134968879.88978374,92503414.2338303
808020.0,135187056.8454214,92506583.73279901
808080.0,135398462.5284295,92509768.4579843
808140.0,135602961.76684636,92512967.89322886
808200.0,135800460.4677042,92516181.51554322
808260.0,135990844.90755993,92519408.79365116
808320.0,136173986.05483815,92522649.18685642
808380.0,136349783.06182775,92525902.14713809
808440.0,136518152.4141196,92529167.12043977
808500.0,136678998.95671204,92532443.54580796
808560.0,136832204.338539,92535730.85367325
808620.0,136977702.2573366,92539028.46971567
808680.0,137115419.97512725,92542335.81438886
808740.0,137245281.08973894,92545652.30265026
808800.0,137367178.10100573,92548977.34165607
808860.0,137481079.40831164,92552310.33639435
808920.0,137586923.19088626,92555650.68744424
808980.0,137684644.42073798,92558997.79073974
809040.0,137774169.09655002,92562351.036906
809100.0,137855477.89831838,92565709.81531622
809160.0,137928527.52921095,92569073.51231413
809220.0,137993263.99712825,92572441.51042229
809280.0,138049648.165581,92575813.18944477
809340.0,138097671.77890623,92579187.9287575
809400.0,138137310.55677646,92582565.10612059
809460.0,138168521.60337508,92585944.09629902
809520.0,138191300.69206667,92589324.27392991
809580.0,138205650.67455918,92592705.01404704
809640.0,138211566.3232157,92596085.69148213
809700.0,138209015.87475538,92599465.67889845
809760.0,138198030.0275887,92602844.35141985
809820.0,138178622.76128665,92606221.08539109
809880.0,138150804.88992774,92609595.25814293
809940.0,138114564.8671084,92612966.24633531
810000.0,138069959.23415244,92616333.43100108
810060.0,138017016.12105986,92619696.19544002
810120.0,137955757.47105557,92623053.92475979
810180.0,137886206.65185508,92626406.00598079
810240.0,137808431.3024364,92629751.83131376
810300.0,137722478.5813082,92633090.79664141
810360.0,137628381.53287572,92636422.300472
810420.0,137526198.38018718,92639745.74580257
810480.0,137416007.81366622,92643060.54163228
810540.0,137297875.96068376,92646366.10203046
810600.0,137171846.90958488,92649661.84450327
810660.0,137038013.64297438,92652947.19361128
810720.0,136896465.82372242,92656221.58072126
810780.0,136747288.45119718,92659484.44365849
810840.0,136590536.56218925,92662735.22448714
810900.0,136426337.75729087,92665973.37487803
810960.0,136254792.54944855,92669198.35410078
811020.0,136075998.20930398,92672409.6287812
811080.0,135890039.94191316,92675606.67200601
811140.0,135697060.4000289,92678788.96756989
811200.0,135497177.2218691,92681956.00812124
811260.0,135290498.30101323,92685107.2944383
811320.0,135077143.11511916,92688242.33628275
811380.0,134857264.77692932,92691360.6548837
811440.0,134630999.23253846,92694461.78166406
811500.0,134398464.71928868,92697545.25692748
811560.0,134159814.64635047,92700610.6324553
811620.0,133915212.25603272,92703657.47222935
811680.0,133664811.4324994,92706685.35173558
811740.0,133408740.37026417,92709693.856061
811800.0,133147185.95412524,92712682.58422789
811860.0,132880321.10485682,92715651.1481567
811920.0,132608315.16129465,92718599.17239651
811980.0,132331311.70483406,92721526.29221714
812040.0,132049524.5416661,92724432.15879387
812100.0,131763137.65096825,92727316.43699795
812160.0,131472329.2747307,92730178.80496764
812220.0,131177275.353978,92733018.95393336
812280.0,130878198.16604011,92735836.59163554
812340.0,130575297.84176008,92738631.44068274
812400.0,130268760.67375982,92741403.23752418
812460.0,129958794.01805514,92744151.7340001
812520.0,129645627.65532714,92746876.69899206
812580.0,129329476.82437399,92749577.9173429
812640.0,129010534.76769069,92752255.18822671
812700.0,128689039.05623427,92754908.32841632
812760.0,128365225.73488992,92757537.17216402
812820.0,128039323.82403968,92760141.57067674
812880.0,127711532.11780159,92762721.38987862
812940.0,127382116.8982254,92765276.51538664
813000.0,127051318.9130661,92767806.85061894
813060.0,126719373.90510298,92770312.31641886
813120.0,126386500.67111005,92772792.84979804
813180.0,126052976.14800853,92775248.4082204
813240.0,125719049.2505753,92777678.96752703
813300.0,125384957.94501251,92780084.52112184
813360.0,125050946.2484978,92782465.08041126
813420.0,124717292.12715529,92784820.67730191
813480.0,124384252.75950448,92787151.36265978
813540.0,124052065.86235201,92789457.20486788
813600.0,123720998.07309975,92791738.29195257
813660.0,123391325.68818408,92793994.73228855
813720.0,123063311.32507785,92796226.65358281
813780.0,122737189.50623839,92798434.20079601
813840.0,122413246.41820668,92800617.53994505
813900.0,122091753.5034062,92802776.85700832
813960.0,121772974.54525782,92804912.35735393
814020.0,121457140.31533104,92807024.26329908
814080.0,121144550.10870093,92809112.81915443
814140.0,120835467.79399,92811178.288605
814200.0,120530147.62305613,92813220.95399444
814260.0,120228833.36716332,92815241.11554576
814320.0,119931812.71318582,92817239.0945907
814380.0,119639344.69050387,92819215.23145035
814440.0,119351669.74646342,92821169.88405937
814500.0,119069040.27648649,92823103.42883967
814560.0,118791727.8785573,92825016.26210792
814620.0,118519982.16339108,92826908.79844888
814680.0,118254025.09802337,92828781.46867272
814740.0,117994112.95212425,92830634.72233525
814800.0,117740496.39901446,92832469.0273188
814860.0,117493410.72732463,92834284.86869279
814920.0,117253054.45492253,92836082.74599998
814980.0,117019682.72054017,92837863.17741974
815040.0,116793520.214974,92839626.69751967
815100.0,116574778.4383484,92841373.85627866
815160.0,116363640.50358759,92843105.2169917
815220.0,116160342.17408192,92844821.36014007
815280.0,115965081.44058684,92846522.88060522
815340.0,115778037.45988014,92848210.3862774
815400.0,115599383.34206279,92849884.49760602
815460.0,115429320.05472495,92851545.84964466
815520.0,115268017.44543734,92853195.08975618
815580.0,115115617.48630555,92854832.87555742
815640.0,114972278.55316049,92856459.8761222
815700.0,114838162.18540387,92858076.77220969
815760.0,114713405.58923127,92859684.25447042
815820.0,114598109.19742677,92861283.0207382
815880.0,114492412.46536602,92862873.77889709
815940.0,114396433.48353122,92864457.24530673
816000.0,114310272.99178682,92866034.14352338
816060.0,114233986.26611303,92867605.20095465
816120.0,114167690.4447687,92869171.15340604
816180.0,114111457.00201139,92870732.74172102
816240.0,114065339.48425011,92872290.71046129
816300.0,114029368.7841332,92873845.80624032
816360.0,114003613.90156482,92875398.78052337
816420.0,113988105.39423427,92876950.38680057
816480.0,113982847.74124818,92878501.37866963
816540.0,113987846.09608787,92880052.50988556
816600.0,114003119.92890221,92881604.5354123
816660.0,114028658.0246495,92883158.20916805
816720.0,114064415.20138156,92884714.28153008
816780.0,114110370.58208382,92886273.50112168
816840.0,114166494.13917637,92887836.61414048
816900.0,114232733.23244292,92889404.36269858
816960.0,114308993.69013998,92890977.48177373
817020.0,114395229.56526269,92892556.70275366
817080.0,114491362.61721262,92894142.75106578
817140.0,114597297.00049575,92895736.34488687
817200.0,114712901.53085043,92897338.19255103
817260.0,114838097.24815504,92898948.99638744
817320.0,114972763.50997184,92900569.44966254
817380.0,115116759.49003655,92902200.23510191
817440.0,115269933.42236492,92903842.02409099
817500.0,115432163.0654108,92905495.47884631
817560.0,115603293.3075766,92907161.2500065
817620.0,115783142.00931647,92908839.97465311
817680.0,115971540.66046907,92910532.27731569
817740.0,116168327.79235269,92912238.77049312
817800.0,116373318.04261394,92913960.05290487
817860.0,116586292.3467308,92915696.70702371
817920.0,116807069.94259098,92917449.30189134
817980.0,117035454.78692113,92919218.39200248
818040.0,117271236.01792732,92921004.51622325
818100.0,117514162.50430025,92922808.19484358
818160.0,117764046.1292795,92924629.93420514
818220.0,118020661.27328636,92926470.22395648
818280.0,118283769.85252613,92928329.53614512
818340.0,118553114.01822394,92930208.32377486
818400.0,118828483.09038655,92932107.02427095
818460.0,119109633.73474605,92934026.05709188
818520.0,119396304.67309958,92935965.82242073
818580.0,119688239.58804858,92937926.7015357
818640.0,119985207.07482,92939909.05864309
818700.0,120286952.14638127,92941913.2391552
818760.0,120593195.28059764,92943939.56789924
818820.0,120903686.5448618,92945988.35129318
818880.0,121218178.62953314,92948059.8775445
818940.0,121536409.62279521,92950154.41558725
819000.0,121858086.40898162,92952272.21280287
819060.0,122182969.96829826,92954413.49899109
819120.0,122510801.5483781,92956578.48493084
819180.0,122841314.32775694,92958767.36179622
819240.0,123174212.83495462,92960980.29906537
819300.0,123509266.07880382,92963217.44925064
819360.0,123846210.21586972,92965478.94549893
819420.0,124184771.9381375,92967764.90090586
819480.0,124524673.60190426,92970075.40820567
819540.0,124865679.47675008,92972410.5428472
819600.0,125207529.6337171,92974770.36122866
819660.0,125549947.68887298,92977154.8995002
819720.0,125892677.094776,92979564.17502321
819780.0,126235480.5516832,92981998.1877859
819840.0,126578105.0838857,92984456.91926248
819900.0,126920274.15187089,92986940.33069552
819960.0,127261755.0947704,92989448.36631416
820020.0,127602311.73212305,92991980.9530827
820080.0,127941700.60795677,92994538.0001748
820140.0,128279647.48006333,92997119.39672758
820200.0,128615945.91348423,92999725.01680927
820260.0,128950363.08566691,93002354.71749459
820320.0,129282661.4677602,93005008.33852664
820380.0,129612588.30470078,93007685.70120975
820440.0,129939948.15067066,93010386.61260726
820500.0,130264519.09523661,93013110.86361147
820560.0,130586069.19916503,93015858.2282163
820620.0,130904375.06294055,93018628.46414778
820680.0,131219247.570747,93021421.31537652
820740.0,131530479.27521223,93024236.51078261
820800.0,131837845.22011162,93027073.76288123
820860.0,132141152.68310012,93029932.77018481
820920.0,132440220.12330656,93032813.21802527
820980.0,132734855.7299099,93035714.77780834
821040.0,133024842.6310649,93038637.10518727
821100.0,133310019.828185,93041579.8441513
821160.0,133590214.3320501,93044542.62615393
821220.0,133865249.5676399,93047525.06985536
821280.0,134134921.56563815,93050526.77912596
821340.0,134399097.9088466,93053547.34827854
821400.0,134657616.234939,93056586.35988458
821460.0,134910309.43195686,93059643.38443151
821520.0,135157006.54114816,93062717.98004623
821580.0,135397584.9081968,93065809.69602725
821640.0,135631899.85628805,93068918.07123975
821700.0,135859794.27329,93072042.63321142
821760.0,136081130.72386956,93075182.89957319
821820.0,136295796.78233168,93078338.37988879
821880.0,136503665.89445683,93081508.57462631
821940.0,136704591.3505248,93084692.97369018
822000.0,136898469.62459615,93087891.05957709
822060.0,137085198.8654968,93091102.30750105
822120.0,137264670.9663365,93094326.1849393
822180.0,137436749.9177892,93097562.14959906
822240.0,137601366.38884276,93100809.65428668
822300.0,137758429.35587966,93104068.14532658
822360.0,137907844.67643443,93107337.06233601
822420.0,138049501.42023706,93110615.83700281
822480.0,138183350.4967349,93113903.89759952
822540.0,138309316.6122783,93117200.6670732
822600.0,138427316.66918677,93120505.56247817
822660.0,138537274.24269864,93123817.99546485
822720.0,138639151.35747972,93127137.37508577
822780.0,138732891.66815868,93130463.10645697
822840.0,138818423.2403562,93133794.58962262
822900.0,138895704.26649484,93137131.22175363
822960.0,138964707.9809548,93140472.39824526
823020.0,139025397.07478392,93143817.51194917
823080.0,139077710.85774565,93147165.95146994
823140.0,139121642.2100955,93150517.10507141
823200.0,139157175.63687053,93153870.36006646
823260.0,139184292.6099694,93157225.10259613
823320.0,139202944.66627467,93160580.71544875
823380.0,139213158.47894147,93163936.58353616
823440.0,139214930.16839373,93167292.0916668
823500.0,139208252.5183559,93170646.62430261
823560.0,139193111.8094485,93173999.56508544
823620.0,139169546.02467662,93177350.30060373
823680.0,139137570.40748948,93180698.21873507
823740.0,139097189.0606899,93184042.7078342
823800.0,139048422.99959096,93187383.15796469
823860.0,138991321.50826895,93190718.96295707
823920.0,138925918.93721503,93194049.51931989
823980.0,138852230.69259393,93197374.22485936
824040.0,138770312.48539862,93200692.48161343
824100.0,138680224.86790174,93204003.6962029
824160.0,138582021.2544451,93207307.27930994
824220.0,138475728.31243196,93210602.64372963
824280.0,138361436.37583554,93213889.20900346
824340.0,138239217.20333737,93217166.40006499
824400.0,138109139.49451646,93220433.6470151
824460.0,137971252.21086943,93223690.38368376
824520.0,137825669.0883121,93226936.05234222
824580.0,137672476.69576332,93230170.10172324
824640.0,137511754.815378,93233391.98652488
824700.0,137343586.83993116,93236601.167671
824760.0,137168097.48864424,93239797.11531545
824820.0,136985392.0781574,93242979.30742739
824880.0,136795561.31186557,93246147.22872537
824940.0,136598722.80810037,93249300.37263252
825000.0,136395012.07309842,93252438.24257438
825060.0,136184552.94878516,93255560.35112692
825120.0,135967446.82879192,93258666.21838099
825180.0,135743845.27399287,93261755.37558709
825240.0,135513894.30251116,93264827.36474857
825300.0,135277735.97352183,93267881.73832972
825360.0,135035482.04872924,93270918.05704957
825420.0,134787317.65025687,93273935.89521147
825480.0,134533398.93031904,93276934.83859241
825540.0,134273878.67384368,93279914.48419423
825600.0,134008899.79067406,93282874.43952173
825660.0,133738659.23881607,93285814.32650663
825720.0,133463329.8683511,93288733.77975048
825780.0,133183073.9445778,93291632.44575097
825840.0,132898066.99777184,93294509.98386139
825900.0,132608515.09929885,93297366.06850472
825960.0,132314607.8085119,93300200.38796861
826020.0,132016516.14690076,93303012.64305389
826080.0,131714447.4611908,93305802.54970832
826140.0,131408616.11084011,93308569.83953047
826200.0,131099227.47306408,93311314.2591117
826260.0,130786460.38375793,93314035.56810342
826320.0,130470552.97744246,93316733.54351796
826380.0,130151726.83736062,93319407.97852078
826440.0,129830199.3381548,93322058.68211885
826500.0,129506163.96211334,93324685.47742048
826560.0,129179880.29518986,93327288.20642875
826620.0,128851578.47199176,93329866.72789681
826680.0,128521481.35552706,93332420.91679415
826740.0,128189810.7638737,93334950.6642248
826800.0,127856830.90821777,93337455.88049796
826860.0,127522783.85427445,93339936.49351399
826920.0,127187896.16935322,93342392.44763353
826980.0,126852416.11070591,93344823.70524532
827040.0,126516610.54149006,93347230.24810922
827100.0,126180731.37570846,93349612.07626502
827160.0,125845006.69987276,93351969.2062972
827220.0,125509708.90871876,93354301.67454281
827280.0,125175105.1204653,93356609.53670166
827340.0,124841454.58241269,93358892.86725831
827400.0,124508984.27005145,93361151.75713523
827460.0,124177987.9675427,93363386.31853108
827520.0,123848730.18818392,93365596.68279079
827580.0,123521468.48150814,93367782.99989358
827640.0,123196443.7476994,93369945.43723936
827700.0,122873949.7937633,93372084.1834776
827760.0,122554251.22848395,93374199.44638315
827820.0,122237598.73362401,93376291.45183992
827880.0,121924248.63257061,93378360.44424322
827940.0,121614485.95106812,93380406.68857302
828000.0,121308573.25609447,93382430.46875906
828060.0,121006750.40440764,93384432.0860285
828120.0,120709285.07784446,93386411.86091562
828180.0,120416449.3383781,93388370.13357209
828240.0,120128499.41920017,93390307.26261336
828300.0,119845659.94883713,93392223.62282245
828360.0,119568205.478489,93394119.60876012
828420.0,119296390.51088324,93395995.6333058
828480.0,119030458.58850382,93397852.12685701
828540.0,118770619.36752021,93399689.53486922
828600.0,118517144.4170141,93401508.32233353
828660.0,118270267.44837694,93403308.97102849
828720.0,118030208.2736138,93405091.97850768
828780.0,117797174.8053079,93406857.85723256
828840.0,117571412.36049768,93408607.13727477
828900.0,117353134.86769983,93410340.36403775
828960.0,117142533.3234576,93412058.09659126
829020.0,116939808.83014344,93413760.908398
829080.0,116745175.38136688,93415449.38824116
829140.0,116558822.08392248,93417124.13841814
829200.0,116380906.1157471,93418785.77242517
829260.0,116211616.83941595,93420434.91728204
829320.0,116051132.0477847,93422072.21269011
829380.0,115899611.24106552,93423698.30970441
829440.0,115757173.09164053,93425313.86777602
829500.0,115623990.66689414,93426919.55868374
829560.0,115500201.12036593,93428516.06393193
829620.0,115385925.00416885,93430104.07354647
829680.0,115281253.53734553,93431684.28395027
829740.0,115186324.38551962,93433257.40131967
829800.0,115101235.37041983,93434824.13869993
829860.0,115026061.8507414,93436385.21437863
829920.0,114960872.40624619,93437941.35139365
829980.0,114905758.09799859,93439493.27915673
830040.0,114860777.2927891,93441041.73108773
830100.0,114825957.58700728,93442587.4423892
830160.0,114801342.62712964,93444131.15120567
830220.0,114786974.8472987,93445673.59853503
830280.0,114782871.43043694,93447215.52640264
830340.0,114789010.78159247,93448757.67505898
830400.0,114805410.48240171,93450300.78581095
830460.0,114832063.5158214,93451845.59924422
830520.0,114868944.69669205,93453392.853911
830580.0,114915985.06524195,93454943.28316848
830640.0,114973174.22788921,93456497.61941123
830700.0,115040456.81974605,93458056.59082332
830760.0,115117758.940888,93459620.92004116
830820.0,115204986.58855239,93461191.32270372
830880.0,115302081.4699501,93462768.51003383
830940.0,115408948.61554243,93464353.18619135
831000.0,115525467.35992035,93465946.0464205
831060.0,115651520.87160382,93467547.77732983
831120.0,115787005.45874655,93469159.05784395
831180.0,115931789.3074606,93470780.5571762
831240.0,116085708.00810044,93472412.93247943
831300.0,116248625.13536648,93474056.83087012
831360.0,116420395.08054501,93475712.8887692
831420.0,116600852.87417988,93477381.73050877
831480.0,116789794.26021391,93479063.96550153
831540.0,116987067.2695066,93480760.1920189
831600.0,117192488.62238099,93482470.99493594
831660.0,117405860.54265764,93484196.9446905
831720.0,117626955.59079178,93485938.59514831
831780.0,117855598.75578381,93487696.48739101
831840.0,118091577.89208698,93489471.14704224
831900.0,118334663.56686547,93491263.08302638
831960.0,118584621.1675359,93493072.78720093
832020.0,118841246.51553671,93494900.73655756
832080.0,119104307.32634795,93496747.3912006
832140.0,119373547.57396029,93498613.19264144
832200.0,119648730.52023067,93500498.5651957
832260.0,119929627.90262644,93502403.9166006
832320.0,120215992.36092632,93504329.63664417
832380.0,120507546.32714675,93506276.09499423
832440.0,120804055.92528193,93508243.64435492
832500.0,121105273.78478378,93510232.61950019
832560.0,121410942.38087669,93512243.33654843
832620.0,121720767.45923367,93514276.0903225
832680.0,122034522.76399462,93516331.15925704
832740.0,122351946.52348818,93518408.80284551
832800.0,122672768.2689365,93520509.2610203
832860.0,122996703.74972576,93522632.75316702
832920.0,123323516.5657718,93524779.48157883
832980.0,123652942.25626789,93526949.6294413
833040.0,123984701.28994343,93529143.35975392
833100.0,124318524.48866507,93531360.81608297
833160.0,124654168.30523692,93533602.12441431
833220.0,124991369.78160872,93535867.39176199
833280.0,125329844.06967345,93538156.70459883
833340.0,125669340.6726873,93540470.1313371
833400.0,126009612.40388128,93542807.72257344
833460.0,126350401.18527609,93545169.51031101
833520.0,126691420.108309,93547555.50589105
833580.0,127032440.48457709,93549965.70419084
833640.0,127373214.50636245,93552400.08225346
833700.0,127713488.84244394,93554858.59889686
833760.0,128052986.37763691,93557341.19300874
833820.0,128391493.80938363,93559847.78814556
833880.0,128728768.28328113,93562378.29041173
833940.0,129064558.96182288,93564932.58789149
834000.0,129398614.89862822,93567510.55064768
834060.0,129730726.33990254,93570112.03369127
834120.0,130060662.18174046,93572736.87545131
834180.0,130388176.08809151,93575384.89668505
834240.0,130713045.19302271,93578055.90217242
834300.0,131035065.10922341,93580749.68205065
834360.0,131354018.2066207,93583466.01086731
834420.0,131669664.28056966,93586204.64596255
834480.0,131981810.09843907,93588965.33085273
834540.0,132290258.10374397,93591747.7949244
834600.0,132594805.52535973,93594551.7530646
834660.0,132895219.59294933,93597376.90350957
834720.0,133191337.95072104,93600222.93291205
834780.0,133482971.03475147,93603089.51438993
834840.0,133769925.64119889,93605976.30726953
834900.0,134051996.62640594,93608882.95623244
834960.0,134329034.32754418,93611809.09530771
835020.0,134600864.47010255,93614754.34610707
835080.0,134867302.93956968,93617718.31712255
835140.0,135128177.01968524,93620700.60455
835200.0,135383346.5022318,93623700.79462887
835260.0,135632654.4364178,93626718.4624431
835320.0,135875926.4508894,93629753.17067383
835380.0,136113022.88466027,93632804.47209695
835440.0,136343813.55489028,93635871.91026722
835500.0,136568159.3717991,93638955.01888205
835560.0,136785896.20245224,93642053.3199867
835620.0,136996917.91934878,93645166.32814348
835680.0,137201104.79344192,93648293.54945776
835740.0,137398333.96692076,93651434.48135649
835800.0,137588458.01315856,93654588.61082755
835860.0,137771398.59894663,93657755.41938317
835920.0,137947048.79835266,93660934.38100956
835980.0,138115296.58508116,93664124.96180366
836040.0,138276028.6084088,93667326.61988078
836100.0,138429177.49650043,93670538.80867709
836160.0,138574655.05584708,93673760.97545716
836220.0,138712360.30466944,93676992.56039864
836280.0,138842214.17804512,93680232.99816716
836340.0,138964160.44306862,93683481.71955642
836400.0,139078129.80700773,93686738.15055265
836460.0,139184032.4843719,93690001.71086639
836520.0,139281823.84454077,93693271.8171735
836580.0,139371458.91702273,93696547.88309185
836640.0,139452887.42665637,93699829.31880209
836700.0,139526030.88961354,93703115.52902588
836760.0,139590879.20936584,93706405.91793169
836820.0,139647398.7602302,93709699.88744786
836880.0,139695552.95993778,93712996.83705157
836940.0,139735290.9006684,93716296.16274257
837000.0,139766620.8757701,93719597.2612883
837060.0,139789526.05642053,93722899.52842294
837120.0,139803981.2645503,93726202.3582492
837180.0,139809970.21075442,93729505.14387614
837240.0,139807512.6043292,93732807.27999915
837300.0,139796610.77145723,93736108.16165385
837360.0,139777250.95848387,93739407.18306378
837420.0,139749451.5046039,93742703.73994
837480.0,139713243.538936,93745997.23039703
837540.0,139668648.54145202,93749287.05426057
837600.0,139615664.1799318,93752572.61136125
837660.0,139554343.40270817,93755853.3054943
837720.0,139484728.739209,93759128.54367176
837780.0,139406859.76368544,93762397.73590982
837840.0,139320748.6350307,93765660.29326439
837900.0,139226479.76269677,93768915.63300443
837960.0,139124108.0632564,93772163.17649792
838020.0,139013684.45364213,93775402.34892416
838080.0,138895255.61294228,93778632.57896884
838140.0,138768917.23945063,93781853.30233203
838200.0,138634743.25461096,93785063.96016684
838260.0,138492795.83259252,93788263.99823658
838320.0,138343156.05917135,93791452.8682667
838380.0,138185930.81170905,93794630.02978846
838440.0,138021212.89110816,93797794.94912876
838500.0,137849075.5989871,93800947.09801246
838560.0,137669634.26226836,93804085.95656744
838620.0,137483006.77745625,93807211.01350531
838680.0,137289304.64395615,93810321.76566088
838740.0,137088612.10262048,93813417.71603909
838800.0,136881078.49017963,93816498.37846927
838860.0,136666832.49621132,93819563.27612449
838920.0,136445999.67807376,93822611.94129415
838980.0,136218688.11298743,93825643.91413057
839040.0,135985067.67040563,93828658.74706508
839100.0,135745281.9076511,93831656.0029221
839160.0,135499466.77454975,93834635.25437152
839220.0,135247763.77662742,93837596.08432235
839280.0,134990352.9383265,93840538.08867279
839340.0,134727395.57886836,93843460.87496847
839400.0,134459037.58308962,93846364.06129499
839460.0,134185453.36613855,93849247.27831343
839520.0,133906832.5788802,93852110.17034462
839580.0,133623353.72624783,93854952.39456788
839640.0,133335172.01887593,93857773.61935166
839700.0,133042494.10371125,93860573.52792501
839760.0,132745518.56076896,93863351.8177959
839820.0,132444440.29485072,93866108.2004834
839880.0,132139423.13815163,93868842.39929307
839940.0,131830705.0011246,93871554.15460429
840000.0,131518492.5181292,93874243.22163026
840060.0,131202988.35783863,93876909.37012939
840120.0,130884386.93063042,93879552.38381033
840180.0,130562933.31081082,93882172.0639451
840240.0,130238848.68908082,93884768.22765726
840300.0,129912342.26512717,93887340.70706014
840360.0,129583637.70080648,93889889.35028403
840420.0,129252985.85369106,93892414.02341199
840480.0,128920621.00161175,93894914.60928993
840540.0,128586757.32621863,93897391.00608607
840600.0,128251646.09139241,93899843.12993227
840660.0,127915542.21666464,93902270.91517863
840720.0,127578691.24604033,93904674.3137178
840780.0,127241310.42727669,93907053.29295948
840840.0,126903676.60491847,93909407.8400775
840900.0,126566046.64834292,93911737.96057756
840960.0,126228671.76868978,93914043.67788693
841020.0,125891780.08152641,93916325.03170042
841080.0,125555661.44039758,93918582.08237875
841140.0,125220575.4937774,93920814.90878657
841200.0,124886772.14446439,93923023.60759082
841260.0,124554500.52074996,93925208.29319908
841320.0,124224047.65936066,93927369.10045668
841380.0,123895677.27901779,93929506.18297672
841440.0,123569634.83165477,93931619.71183074
841500.0,123246187.19829048,93933709.87707041
841560.0,122925615.2175183,93935776.88871595
841620.0,122608183.17343907,93937820.97556879
841680.0,122294128.43560341,93939842.38328622
841740.0,121983731.89740741,93941841.37747782
841800.0,121677264.3324207,93943818.2429771
841860.0,121374986.60712287,93945773.28312849
841920.0,121077123.90385456,93947706.81723772
841980.0,120783966.93034893,93949619.18523553
842040.0,120495772.07475401,93951510.7452248
842100.0,120212785.63459486,93953381.87275521
842160.0,119935236.27134608,93955232.95956048
842220.0,119663399.71722835,93957064.4169059
842280.0,119397520.00329438,93958876.67332323
842340.0,119137823.11042455,93960670.17331874
842400.0,118884539.23805046,93962445.37766808
842460.0,118637921.33510321,93964202.76503062
842520.0,118398197.0775224,93965942.83014333
842580.0,118165567.1162673,93967666.08189054
842640.0,117940258.16586803,93969373.04515485
842700.0,117722495.32691197,93971064.26069644
842760.0,117512484.85305344,93972740.28380568
842820.0,117310396.99472485,93974401.68173485
842880.0,117116449.95129643,93976049.03710711
842940.0,116930835.95285851,93977682.94606261
843000.0,116753732.47236975,93979304.01720327
843060.0,116585281.61212105,93980912.86907111
843120.0,116425681.06914051,93982510.134101
843180.0,116275087.84140277,93984096.45571968
843240.0,116133640.65925628,93985672.48704198
843300.0,116001464.93117426,93987238.88991955
843360.0,115878717.51066266,93988796.33717486
843420.0,115765521.2561438,93990345.510179
843480.0,115661972.09332728,93991887.09693266
843540.0,115568174.87590459,93993421.792699
843600.0,115484241.92987727,93994950.30053237
843660.0,115410258.51024617,93996473.32935035
843720.0,115346274.49796104,93997991.5914161
843780.0,115292371.20148821,93999505.80457191
843840.0,115248613.66479583,94001016.69108075
843900.0,115215047.05352312,94002524.9762114
843960.0,115191672.9915562,94004031.38514183
844020.0,115178547.31396313,94005536.64681304
844080.0,115175686.13758431,94007041.49110438
844140.0,115183087.44405021,94008546.64754428
844200.0,115200720.81532262,94010052.84329182
844260.0,115228598.62440553,94011560.80617869
844320.0,115266693.38770984,94013071.26187664
844380.0,115314953.82784422,94014584.9322075
844440.0,115373323.58840042,94016102.53478359
844500.0,115441766.19166595,94017624.78442174
844560.0,115520213.34468064,94019152.39088382
844620.0,115608565.64675647,94020686.05666886
844680.0,115706742.22974019,94022226.47833195
844740.0,115814659.49235004,94023774.34629233
844800.0,115932210.34715922,94025330.3431674
844860.0,116059249.57197218,94026895.14106731
844920.0,116195674.33952944,94028469.40460931
844980.0,116341356.75082958,94030053.78914003
845040.0,116496152.60328144,94031648.93958126
845100.0,116659878.34001803,94033255.48763952
845160.0,116832408.51340197,94034874.0559361
845220.0,117013576.05809931,94036505.25505601
845280.0,117203197.27240276,94038149.68237126
845340.0,117401073.31909163,94039807.92097135
845400.0,117607041.44519956,94041480.5422293
845460.0,117820906.15800613,94043168.10348228
845520.0,118042448.81705229,94044871.1463941
845580.0,118271459.95633017,94046590.19761172
845640.0,118507744.29439534,94048325.76977694
845700.0,118751082.76670875,94050078.35984412
845760.0,119001226.7294598,94051848.44698726
845820.0,119257961.05139557,94053636.49498358
845880.0,119521062.95430575,94055442.9516767
845940.0,119790294.85187295,94057268.24793176
846000.0,120065383.1686885,94059112.79508926
846060.0,120346112.15371576,94060976.98907256
846120.0,120632236.5923524,94062861.20830412
846180.0,120923500.67042857,94064765.81296001
846240.0,121219625.07849069,94066691.14331065
846300.0,121520384.17606898,94068637.52353275
846360.0,121825519.94362667,94070605.25941962
846420.0,122134760.21546683,94072594.63738488
846480.0,122447833.54904865,94074605.92452066
846540.0,122764500.22734961,94076639.37085299
846600.0,123084496.96395423,94078695.20767745
846660.0,123407539.73506282,94080773.64609624
846720.0,123733369.33887632,94082874.87878421
846780.0,124061736.27422304,94084999.08068286
846840.0,124392376.16264513,94087146.40795238
846900.0,124724997.18760186,94089316.99603453
846960.0,125059356.32517412,94091510.96311651
847020.0,125395198.12648167,94093728.40925686
847080.0,125732260.43975501,94095969.4159172
847140.0,126070248.41935214,94098234.04365312
847200.0,126408937.50823091,94100522.33709961
847260.0,126748070.05190568,94102834.32263285
847320.0,127087382.06422769,94105170.00792825
847380.0,127426600.62809558,94107529.38133477
847440.0,127765500.78035396,94109912.41527693
847500.0,128103832.81268165,94112319.06450862
847560.0,128441333.65059346,94114749.26517306
847620.0,128777754.93359405,94117202.93585108
847680.0,129112873.81368093,94119679.97937302
847740.0,129446450.93480669,94122180.28165595
847800.0,129778226.4281489,94124703.71025796
847860.0,130107978.68301187,94127250.11709207
847920.0,130435489.05495876,94129819.3386416
847980.0,130760530.52687506,94132411.19537324
848040.0,131082848.31918108,94135025.48977849
848100.0,131402249.37232518,94137662.01074648
848160.0,131718520.94653715,94140320.53217658
848220.0,132031446.24238269,94143000.81269652
848280.0,132340788.29747048,94145702.59424162
848340.0,132646372.85494953,94148425.60649572
848400.0,132947998.17889859,94151169.56495205
848460.0,133245455.02814707,94153934.17038752
848520.0,133538537.32153656,94156719.10909148
848580.0,133827078.91483203,94159524.05569445
848640.0,134110894.1038881,94162348.67178948
848700.0,134389782.21762982,94165192.60487862
848760.0,134663569.02592605,94168055.490247
848820.0,134932097.39223275,94170936.95217547
848880.0,135195198.48876414,94173836.60311812
848940.0,135452680.99909467,94176754.04211706
849000.0,135704403.30028966,94179688.85831906
849060.0,135950217.95199502,94182640.63056792
849120.0,136189973.65253702,94185608.92713533
849180.0,136423489.03982073,94188593.3036006
849240.0,136650655.67989278,94191593.30800757
849300.0,136871336.35030097,94194608.47883359
849360.0,137085390.67422408,94197638.34476995
849420.0,137292668.97785798,94200682.42406876
849480.0,137493075.1754342,94203740.22833146
849540.0,137686489.7457163,94206811.26085618
849600.0,137872782.99409044,94209895.01592208
849660.0,138051839.10309538,94212990.97977261
849720.0,138223572.83201286,94216098.63277729
849780.0,138387883.2574188,94219217.44832657
849840.0,138544651.63151494,94222346.89157587
849900.0,138693796.25665122,94225486.42206407
849960.0,138835242.9599597,94228635.4942466
850020.0,138968909.62784287,94231793.55693692
850080.0,139094688.64973328,94234960.05150868
850140.0,139212532.6381519,94238134.41614887
850200.0,139322378.64527985,94241316.08476067
850260.0,139424160.76671898,94244504.48675643
850320.0,139517790.91456774,94247699.04549392
850380.0,139603247.89278546,94250899.18299814
850440.0,139680482.83645195,94254104.31800966
850500.0,139749441.19145104,94257313.86558451
850560.0,139810069.36630696,94260527.23716329
850620.0,139862357.56048602,94263743.84366137
850680.0,139906276.02216312,94266963.09406188
850740.0,139941781.6102228,94270184.39447208
850800.0,139968855.29307994,94273407.14982457
850860.0,139987498.7092119,94276630.76533543
850920.0,139997701.2611383,94279854.64564115
850980.0,139999431.25519854,94283078.19331157
851040.0,139992704.24996954,94286300.81218189
851100.0,139977533.34029093,94289521.9071786
851160.0,139953927.09710234,94292740.88400011
851220.0,139921865.28431442,94295957.14708605
851280.0,139881398.05066267,94299170.10457857
851340.0,139832549.9411075,94302379.16651644
851400.0,139775342.5760367,94305583.74462846
851460.0,139709785.48604053,94308783.25148079
851520.0,139635945.05740967,94311977.10448289
851580.0,139553863.3623704,94315164.72417273
851640.0,139463573.4318016,94318345.53357865
851700.0,139365119.3256456,94321518.95899548
851760.0,139258578.80318084,94324684.43235728
851820.0,139144013.0064046,94327841.39006484
851880.0,139021466.31202736,94330989.27180324
851940.0,138891017.22428957,94334127.52294435
852000.0,138752754.78942397,94337255.59528704
852060.0,138606759.12154686,94340372.94642614
852120.0,138453085.84135002,94343479.03802556
852180.0,138291847.76769373,94346573.33984417
852240.0,138123145.1059268,94349655.32884489
852300.0,137947075.0471131,94352724.48897994
852360.0,137763709.55820867,94355780.30941279
852420.0,137573190.33447757,94358822.2894244
852480.0,137375630.3084792,94361849.93638521
852540.0,137171137.59630796,94364862.7654133
852600.0,136959818.13837785,94367860.29921857
852660.0,136741824.40852737,94370842.0713746
852720.0,136517287.75857866,94373807.62482853
852780.0,136286326.95363876,94376756.51101221
852840.0,136049081.5879214,94379688.29130468
852900.0,135805714.58923438,94382602.53867
852960.0,135556375.3720155,94385498.83670273
853020.0,135301192.97333115,94388376.77819087
853080.0,135040340.21289465,94391235.9681919
853140.0,134773990.0343945,94394076.02403735
853200.0,134502309.43675727,94396896.57491025
853260.0,134225437.22253552,94399697.2598584
853320.0,133943578.87211475,94402477.73247916
853380.0,133656916.76248376,94405237.65928996
853440.0,133365629.7530345,94407976.71947652
853500.0,133069881.01999445,94410694.60378589
853560.0,132769892.69192459,94413391.01866625
853620.0,132465860.90815155,94416065.68443482
853680.0,132157972.97823542,94418718.33465226
853740.0,131846423.34505604,94421348.71661939
853800.0,131531442.0771459,94423956.59387593
853860.0,131213240.67807882,94426541.74489021
853920.0,130892013.85710666,94429103.96187392
853980.0,130567986.1915127,94431643.05287579
854040.0,130241394.50796215,94434158.84263659
854100.0,129912464.41394185,94436651.17179509
854160.0,129581396.68592359,94439119.89513831
854220.0,129248444.61456963,94441564.88528508
854280.0,128913850.29690586,94443986.03189357
854340.0,128577851.1154748,94446383.24132425
854400.0,128240654.50359835,94448756.43453087
854460.0,127902538.45218539,94451105.5520098
854520.0,127563749.23558092,94453430.5515663
854580.0,127224527.14044282,94455731.40788792
854640.0,126885104.98872815,94458008.11201464
854700.0,126545762.54751244,94460260.67462856
854760.0,126206754.9445529,94462489.12431759
854820.0,125868323.01006445,94464693.5065655
854880.0,125530722.48254308,94466873.88479233
854940.0,125194232.32606922,94469030.34197818
855000.0,124859113.82451685,94471162.97941555
855060.0,124525605.5338347,94473271.9151081
855120.0,124193983.17969204,94475357.2863728
855180.0,123864521.87176655,94477419.24979001
855240.0,123537485.87711856,94479457.98043595
855300.0,123213108.17667699,94481473.66968156
855360.0,122891681.075528,94483466.52934808
855420.0,122573472.28918666,94485436.78997512
855480.0,122258741.31225781,94487384.70023759
855540.0,121947724.05335554,94489310.52528514
855600.0,121640713.22266315,94491214.55071974
855660.0,121337969.21993323,94493097.08032282
855720.0,121039739.04684739,94494958.43510942
855780.0,120746268.07050589,94496798.95320767
855840.0,120457834.30019818,94498618.99214114
855900.0,120174689.95973682,94500418.92701444
855960.0,119897065.00632355,94502199.14894626
856020.0,119625209.64631309,94503960.06648304
856080.0,119359382.46461433,94505702.10618013
856140.0,119099822.7144849,94507425.71124063
856200.0,118846738.43589309,94509131.33932225
856260.0,118600379.76890044,94510819.46548228
856320.0,118360980.89308652,94512490.58105315
856380.0,118128763.07773367,94514145.1927323
856440.0,117903907.39352185,94515783.81976053
856500.0,117686658.87311469,94517406.99839824
856560.0,117477222.21677966,94519015.2790944
856620.0,117275788.19118944,94520609.22550555
856680.0,117082528.23601034,94522189.4131376
856740.0,116897654.91012697,94523756.43222135
856800.0,116721345.93454836,94525310.88526775
856860.0,116553756.43389641,94526853.38548122
856920.0,116395044.15720451,94528384.55693983
856980.0,116245383.73650628,94529905.03577337
857040.0,116104921.55363584,94531415.4681815
857100.0,115973772.60696575,94532916.50823323
857160.0,115852076.63608775,94534408.81959596
857220.0,115739966.15808345,94535893.07502666
857280.0,115637552.2092881,94537369.95486529
857340.0,115544905.83828896,94538840.14423358
857400.0,115462145.17132987,94540304.33632785
857460.0,115389357.20130616,94541763.23023765
857520.0,115326611.33216041,94543217.529713
857580.0,115273941.0775871,94544667.94065179
857640.0,115231430.93734102,94546115.17466582
857700.0,115199123.07935782,94547559.9461177
857760.0,115177038.5365894,94549002.97064139
857820.0,115165185.25092956,94550444.96422608
857880.0,115163598.7274943,94551886.64514394
857940.0,115172279.65058088,94553328.73151399
858000.0,115191199.72701961,94554771.93927592
858060.0,115220340.68617077,94556216.98289153
858120.0,115259688.69792789,94557664.57565583
858180.0,115309202.9405908,94559115.42781027
858240.0,115368806.08830595,94560570.24399179
858300.0,115438454.25942285,94562029.72557274
858360.0,115518085.19742163,94563494.56937756
858420.0,115607617.79083887,94564965.46636654
858480.0,115706927.20287839,94566443.09858185
858540.0,115815945.74355131,94567928.14314435
858600.0,115934564.82568617,94569421.26939751
858660.0,116062658.94749328,94570923.13772802
858720.0,116200077.82457516,94572434.39783749
858780.0,116346713.42434871,94573955.69169807
858840.0,116502420.44354153,94575487.65095137
858900.0,116667031.12314804,94577030.89534342
858960.0,116840377.03934081,94578586.03268234
859020.0,117022309.8828169,94580153.66024749
859080.0,117212652.85892664,94581734.36280361
859140.0,117411200.11533043,94583328.71057598
859200.0,117617769.39193308,94584937.2609029
859260.0,117832176.5673014,94586560.55811024
859320.0,118054217.94348931,94588199.13214915
859380.0,118283654.28347039,94589853.49611978
859440.0,118520294.27366936,94591524.14962283
859500.0,118763922.8666156,94593211.57710744
859560.0,119014312.29511869,94594916.24698862
859620.0,119271201.27847478,94596638.60931371
859680.0,119534388.13310756,94598379.09992816
859740.0,119803634.0628262,94600138.13789052
859800.0,120078686.71341558,94601916.12453224
859860.0,120359284.58667994,94603713.4428256
859920.0,120645203.90763754,94605530.4600224
859980.0,120936192.74494512,94607367.52569498
860040.0,121231979.14605264,94609224.9703455
860100.0,121532306.31402884,94611103.10646993
860160.0,121836933.26560402,94613002.22966741
860220.0,122145599.7418398,94614922.61730166
860280.0,122458018.92815964,94616864.52665518
860340.0,122773943.36547881,94618828.19768097
860400.0,123093119.42833455,94620813.8525785
860460.0,123415282.99301912,94622821.6950679
860520.0,123740136.74648914,94624851.90808223
860580.0,124067446.81494328,94626904.65819775
860640.0,124396951.08195099,94628980.09367068
860700.0,124728380.13531159,94631078.34393501
860760.0,125061446.44633164,94633199.51834616
860820.0,125395917.15351647,94635343.70999844
860880.0,125731530.78647657,94637510.9937367
860940.0,126068013.96765046,94639701.4253329
861000.0,126405099.08408682,94641915.0418945
861060.0,126742550.90173149,94644151.86412708
861120.0,127080114.02176324,94646411.89493518
861180.0,127417514.16966291,94648695.11811325
861240.0,127754506.59711641,94651001.50040941
861300.0,128090856.53165421,94653330.99222629
861360.0,128426317.36017711,94655683.52680193
861420.0,128760616.50579055,94658059.01840734
861480.0,129093534.57481267,94660457.36605717
861540.0,129424839.63140422,94662878.45264158
861600.0,129754295.00112498,94665322.14460178
861660.0,130081635.29981844,94667788.28993672
861720.0,130406665.21487306,94670276.72308843
861780.0,130729158.71619062,94672787.26280807
861840.0,131048884.34633638,94675319.71178353
861900.0,131365605.42025378,94677873.85628116
861960.0,131679132.64836808,94680449.46945061
862020.0,131989254.07249285,94683046.3097515
862080.0,132295744.94918905,94685664.12006883
862140.0,132598398.72576012,94688302.62898426
862200.0,132897033.47630161,94690961.55249485
862260.0,133191452.58363749,94693640.59299524
862320.0,133481439.20704448,94696339.43787515
862380.0,133766818.06875083,94699057.76241636
862440.0,134047415.66290765,94701795.22992024
862500.0,134323051.7124891,94704551.49124075
862560.0,134593518.20929858,94707326.18286
862620.0,134858672.04922932,94710118.93140742
862680.0,135118348.96626893,94712929.35219158
862740.0,135372381.32640505,94715757.04896982
862800.0,135620584.08799464,94718601.61274165
862860.0,135862833.6008094,94721462.62602223
862920.0,136098979.9376545,94724339.6610182
862980.0,136328865.45514855,94727232.27909468
863040.0,136552338.3586529,94730140.03118585
863100.0,136769285.24972624,94733062.46046765
863160.0,136979574.2567817,94735999.10107632
863220.0,137183058.16519672,94738949.47704518
863280.0,137379618.86081177,94741913.10433069
863340.0,137569153.57355076,94744889.49188153
863400.0,137751548.8451103,94747878.14089842
863460.0,137926668.21305755,94750878.54323824
863520.0,138094427.56777215,94753890.18505482
863580.0,138254735.04198542,94756912.54626215
863640.0,138407495.73422432,94759945.1003255
863700.0,138552584.52349952,94762987.31216455
863760.0,138689951.18781012,94766038.64335902
863820.0,138819515.07669646,94769098.55003634
863880.0,138941192.42082915,94772166.4826569
863940.0,139054892.44409302,94775241.88552941
864000.0,139160576.1451911,94778324.20040856
864060.0,139258181.83860058,94781412.86492062
864120.0,139347637.01172367,94784507.31181319
864180.0,139428885.36623248,94787606.97008261
864240.0,139501899.21998644,94790711.26696195
864300.0,139566635.94875947,94793819.62688431
864360.0,139623034.37911388,94796931.47019628
864420.0,139671072.7786691,94800046.21589687
864480.0,139710734.84542206,94803163.28201497
864540.0,139741997.0761217,94806282.08510984
864600.0,139764809.68636006,94809402.03844789
864660.0,139779185.56106222,94812522.55635244
864720.0,139785119.80990624,94815643.0529701
864780.0,139782604.59394276,94818762.94206612
864840.0,139771612.00084695,94821881.63563201
864900.0,139752179.0927531,94824998.5483935
864960.0,139724315.8843797,94828113.09593347
865020.0,139688025.95273352,94831224.69424495
865080.0,139643316.01387373,94834332.7599489
865140.0,139590234.5406115,94837436.71318981
865200.0,139528810.68850788,94840535.97629489
865260.0,139459059.42990124,94843629.97278984
865320.0,139381022.08265054,94846718.12922513
865380.0,139294758.492699,94849799.87645966
865440.0,139200316.91454136,94852874.64885554
865500.0,139097723.66960013,94855941.88275644
865560.0,138987054.6181773,94859001.01992097
865620.0,138868380.91414362,94862051.50719443
865680.0,138741769.83778864,94865092.79623869
865740.0,138607258.98220098,94868124.34147301
865800.0,138464958.65235856,94871145.60511202
865860.0,138314951.21018967,94874156.0552267
865920.0,138157315.9983585,94877155.16553319
865980.0,137992122.31818783,94880142.41469502
866040.0,137819494.22034115,94883117.29011455
866100.0,137639531.9810873,94886079.28628296
866160.0,137452325.96478963,94889027.90409112
866220.0,137257979.64631715,94891962.65173553
866280.0,137056627.98224258,94894883.04689625
866340.0,136848389.83696604,94897788.61561915
866400.0,136633366.374795,94900678.89108723
866460.0,136411694.9877802,94903553.41612683
866520.0,136183521.27546057,94906411.74377254
866580.0,135948982.40166673,94909253.43667968
866640.0,135708190.02465457,94912078.06535512
866700.0,135461315.1056814,94914885.21225995
866760.0,135208513.52933016,94917674.47076176
866820.0,134949937.88745263,94920445.44490288
866880.0,134685717.3585328,94923197.7477762
866940.0,134416048.56780168,94925931.00618993
867000.0,134141099.6851065,94928644.85869366
867060.0,133861032.96835896,94931338.95516516
867120.0,133576010.28400716,94934012.95677939
867180.0,133286237.5899892,94936666.53905527
867240.0,132991899.94677621,94939299.39040492
867300.0,132693168.59793143,94941911.21117334
867360.0,132390237.35463607,94944501.71519545
867420.0,132083320.73211907,94947070.63122346
867480.0,131772619.8480674,94949617.70199513
867540.0,131458314.04707722,94952142.68272306
867600.0,131140628.13022412,94954645.34423395
867660.0,130819784.16977319,94957125.47277455
867720.0,130495998.2717015,94959582.86959371
867780.0,130169456.74813932,94962017.34887731
867840.0,129840414.17958488,94964428.74246351
867900.0,129509098.92331102,94966816.89802389
867960.0,129175734.8858119,94969181.67875028
868020.0,128840531.4238426,94971522.96234365
868080.0,128503753.87525053,94973840.6448784
868140.0,128165641.1244261,94976134.63896781
868200.0,127826421.31433417,94978404.87301587
868260.0,127486330.70555584,94980651.29177286
868320.0,127145637.88782144,94982873.85856363
868380.0,126804592.18544997,94985072.55395
868440.0,126463423.90838823,94987247.37441112
868500.0,126122394.05014147,94989398.33445781
868560.0,125781772.17798424,94991525.46721847
868620.0,125441815.67099516,94993628.82359092
868680.0,125102754.50501819,94995708.47034334
868740.0,124764871.80173437,94997764.49377944
868800.0,124428435.38043755,94999796.99867493
868860.0,124093706.35274877,95001806.10780787
868920.0,123760915.82981704,95003791.95988093
868980.0,123430361.55133381,95005754.71411633
869040.0,123102307.8619074,95007694.54794317
869100.0,122777010.03616585,95009611.65636486
869160.0,122454715.59619734,95011506.251418
869220.0,122135714.61317138,95013378.5651035
869280.0,121820270.50517935,95015228.84754
869340.0,121508628.89115326,95017057.36572923
869400.0,121201049.7872571,95018864.40454368
869460.0,120897811.5469103,95020650.26798598
869520.0,120599172.50301942,95022415.27780072
869580.0,120305364.34017144,95024159.77162962
869640.0,120016655.21100272,95025884.10552222
869700.0,119733307.2689741,95027588.65351556
869760.0,119455569.19040738,95029273.80669829
869820.0,119183654.05321105,95030939.97074923
869880.0,118917833.42314474,95032587.56996652
869940.0,118658348.42597194,95034217.04516178
870000.0,118405428.34231265,95035828.85283744
870060.0,118159277.24722876,95037423.46344322
870120.0,117920150.59056129,95039001.36491385
870180.0,117688268.28354794,95040563.06021267
870240.0,117463832.25775522,95042109.06608674
870300.0,117247041.19424982,95043639.91283809
870360.0,117038120.68516183,95045156.1461741
870420.0,116837267.25082079,95046658.32519834
870480.0,116644650.42503749,95048147.02054572
870540.0,116460458.51754408,95049622.81567267
870600.0,116284882.30531122,95051086.30702275
870660.0,116118090.03943215,95052538.1024698
870720.0,115960214.05166055,95053978.81883895
870780.0,115811427.60525677,95055409.08472377
870840.0,115671882.06935497,95056829.53897378
870900.0,115541712.49179396,95058240.82956645
870960.0,115421011.13746294,95059643.61065683
871020.0,115309930.64899465,95061038.54673441
871080.0,115208579.492812,95062426.30957681
871140.0,115117048.45570911,95063807.57702954
871200.0,115035408.00841507,95065183.0316047
871260.0,114963764.99033278,95066553.362984
871320.0,114902189.12344965,95067919.26546027
871380.0,114850724.05849974,95069281.43614079
871440.0,114809415.87691747,95070640.57511356
871500.0,114778323.26228203,95071997.38631406
871560.0,114757475.12848823,95073352.57547432
871620.0,114746866.21149369,95074706.84776978
871680.0,114746516.73300342,95076060.90957355
871740.0,114756436.03366654,95077415.46770722
871800.0,114776611.3466026,95078771.22791912
871860.0,114806987.93145657,95080128.89199618
871920.0,114847559.90520705,95081489.16112727
871980.0,114898287.32577564,95082852.73356
872040.0,114959112.25895265,95084220.30336358
872100.0,115029942.77883768,95085592.55809185
872160.0,115110736.29964544,95086970.18217975
872220.0,115201408.76549289,95088353.85409164
872280.0,115301854.77584046,95089744.24485527
872340.0,115411958.83251591,95091142.01736973
872400.0,115531632.10994719,95092547.82824267
872460.0,115660752.79956861,95093962.32552424
872520.0,115799170.7596215,95095386.14676163
872580.0,115946749.89033817,95096819.91996823
872640.0,116103358.34225957,95098264.26391914
872700.0,116268839.99891958,95099719.78648601
872760.0,116443003.64285704,95101187.08222756
872820.0,116625696.4243643,95102666.73503172
872880.0,116816747.51894857,95104159.3168838
872940.0,117015970.71947114,95105665.3868132
873000.0,117223138.11210382,95107185.48803142
873060.0,117438084.59785742,95108720.15225448
873120.0,117660605.0182854,95110269.8969539
873180.0,117890480.58228078,95111835.2244249
873240.0,118127473.23852062,95113416.62046818
873300.0,118371388.82621278,95115014.55741122
873360.0,118622000.07401583,95116629.49183802
873420.0,118879060.11495304,95118261.86324854
873480.0,119142327.3719317,95119912.09442787
873540.0,119411582.1375983,95121580.59295408
873600.0,119686580.63161087,95123267.74955013
873660.0,119967052.99053504,95124973.93629837
873720.0,120252759.15408264,95126699.5086935
873780.0,120543458.89802498,95128444.80563708
873840.0,120838896.91424619,95130210.14840752
873900.0,121138785.27529915,95131995.83842652
873960.0,121442890.29486424,95133802.16098978
874020.0,121750956.03416856,95135629.38374485
874080.0,122062717.5227024,95137477.75607729
874140.0,122377881.95971812,95139347.50720663
874200.0,122696218.00871582,95141238.85041195
874260.0,123017461.31458054,95143151.98077117
874320.0,123341336.68462682,95145087.07442364
874380.0,123667565.36554542,95147044.28833233
874440.0,123995907.7948248,95149023.7629794
874500.0,124326100.10398205,95151025.62070434
874560.0,124657860.76357831,95153049.96449843
874620.0,124990928.82909839,95155096.87942363
874680.0,125325060.16105251,95157166.43377139
874740.0,125659994.90033737,95159258.67799023
874800.0,125995448.57829714,95161373.64300397
874860.0,126331181.33772248,95163511.34327795
874920.0,126666947.61957267,95165671.77643363
874980.0,127002494.60831739,95167854.92275688
875040.0,127337537.8045633,95170060.74303128
875100.0,127671861.23980941,95172289.18324362
875160.0,128005220.61260301,95174540.17264642
875220.0,128337366.48475152,95176813.62341161
875280.0,128668035.45521049,95179109.42967921
875340.0,128997019.1080064,95181427.4713324
875400.0,129324082.85616432,95183767.61220868
875460.0,129648981.23374206,95186129.69935979
875520.0,129971478.54534149,95188513.56372696
875580.0,130291371.27457656,95190919.0223517
875640.0,130608437.90198566,95193345.87714681
875700.0,130922438.66018765,95195793.91365129
875760.0,131233167.21695074,95198262.90332676
875820.0,131540426.50835636,95200752.60419716
875880.0,131844009.5560582,95203262.76017413
875940.0,132143683.67422016,95205793.09930106
876000.0,132439273.22645389,95208343.33766593
876060.0,132730588.83557972,95210913.17846437
876120.0,133017437.38085057,95213502.31174764
876180.0,133299599.90900232,95216110.41265823
876240.0,133576926.97596638,95218737.14619449
876300.0,133849239.71041997,95221382.16519922
876360.0,134116353.84137334,95224045.10999425
876420.0,134378082.76404756,95226725.60822482
876480.0,134634286.28469056,95229423.27804112
876540.0,134884802.70452332,95232137.72662942
876600.0,135129457.29688138,95234868.54932417
876660.0,135368096.4855159,95237615.33105958
876720.0,135600589.9330275,95240377.64796363
876780.0,135826793.68762672,95243155.06642935
876840.0,136046543.09167337,95245947.14170136
876900.0,136259718.11770776,95248753.42093338
876960.0,136466198.73794973,95251573.44319098
877020.0,136665859.17861453,95254406.73906124
877080.0,136858545.24105376,95257252.82871112
877140.0,137044170.8389372,95260111.22655027
877200.0,137222626.58700562,95262981.43963921
877260.0,137393799.9549992,95265862.96747693
877320.0,137557563.2454924,95268755.30096607
877380.0,137713848.84684014,95271657.92652483
877440.0,137862563.50832367,95274570.32433541
877500.0,138003605.62273672,95277491.96777461
877560.0,138136881.8495371,95280422.32398148
877620.0,138262335.61125937,95283360.85637276
877680.0,138379892.51044658,95286307.02342595
877740.0,138489462.01729575,95289260.27757823
877800.0,138590985.31495464,95292220.06739622
877860.0,138684416.98440185,95295185.838493
877920.0,138769701.6036437,95298157.03284547
877980.0,138846759.8245774,95301133.08716048
878040.0,138915567.46911633,95304113.43664673
878100.0,138976090.35676864,95307097.51433174
878160.0,139028291.2686399,95310084.750855
878220.0,139072104.6605151,95313074.5725336
878280.0,139107538.5108737,95316066.40638646
878340.0,139134570.77604237,95319059.67808329
878400.0,139153175.52531108,95322053.81167941
878460.0,139163321.93836573,95325048.22928248
878520.0,139165029.3063535,95328042.35447554
878580.0,139158294.703025,95331035.6107993
878640.0,139143103.50107038,95334027.42095296
878700.0,139119459.62658483,95337017.20806158
878760.0,139087393.68235463,95340004.3974972
878820.0,139046921.85938063,95342988.41589427
878880.0,138998040.8263631,95345968.68981634
878940.0,138940789.24937412,95348944.64862306
879000.0,138875209.01946443,95351915.72468933
879060.0,138801335.42009062,95354881.3529533
879120.0,138719176.38571575,95357840.9690489
879180.0,138628805.28618923,95360794.01377128
879240.0,138530275.2535325,95363739.93169403
879300.0,138423636.35733312,95366678.17095882
879360.0,138308920.50501022,95369608.1820351
879420.0,138186222.93703875,95372529.42204022
879480.0,138055612.20502457,95375441.35291639
879540.0,137917149.520471,95378343.44092837
879600.0,137770901.3546733,95381235.15702072
879660.0,137616974.02934313,95384115.97953436
879720.0,137455454.96308494,95386985.39291476
879780.0,137286416.38697353,95389842.88667415
879840.0,137109959.1954705,95392687.95734443
879900.0,136926200.64160708,95395520.1095902
879960.0,136735246.84706464,95398338.85544713
880020.0,136537180.88788092,95401143.71274802
880080.0,136332137.88106602,95403934.20866896
880140.0,136120245.8017584,95406709.87923908
880200.0,135901629.24559206,95409470.26910727
880260.0,135676381.88984096,95412214.92943177
880320.0,135444672.79712784,95414943.423016
880380.0,135206640.3772519,95417655.3222155
880440.0,134962419.73599064,95420350.20870955
880500.0,134712137.7671054,95423027.6729384
880560.0,134455974.15519303,95425687.31769735
880620.0,134194085.0051029,95428328.75652596
880680.0,133926615.35433474,95430951.6129504
880740.0,133653725.32721072,95433555.5215078
880800.0,133375604.2678447,95436140.12973304
880860.0,133092425.61076581,95438705.09707047
880920.0,132804343.7663495,95441250.09357432
880980.0,132511551.47866169,95443774.80251561
881040.0,132214247.11073904,95446278.92076051
881100.0,131912620.73713289,95448762.1582012
881160.0,131606835.40666133,95451224.23591116
881220.0,131297115.68960273,95453664.89033028
881280.0,130983668.13285811,95456083.87203252
881340.0,130666695.31932187,95458480.94545123
881400.0,130346377.6971983,95460855.8873676
881460.0,130022960.93348937,95463208.49134599
881520.0,129696661.92285913,95465538.56576958
881580.0,129367690.04827036,95467845.93332437
881640.0,129036255.63718557,95470130.4310584
881700.0,128702610.47234304,95472391.913198
881760.0,128366985.00053193,95474630.24969006
881820.0,128029593.96297169,95476845.32512812
881880.0,127690676.0399451,95479037.0403761
881940.0,127350487.5236597,95481205.3137609
882000.0,127009270.7149669,95483350.08011472
882060.0,126667243.92026328,95485471.28913726
882120.0,126324672.28925976,95487568.9085768
882180.0,125981814.64135443,95489642.92379361
882240.0,125638923.04690355,95491693.3372949
882300.0,125296217.18295848,95493720.16652618
882360.0,124953986.38002026,95495723.44860244
882420.0,124612489.57810232,95497703.23823524
882480.0,124271979.46161677,95499659.60730128
882540.0,123932694.35195222,95501592.64386016
882600.0,123594925.1104481,95503502.45572056
882660.0,123258934.56501438,95505389.16852795
882720.0,122924971.85098198,95507252.92482774
882780.0,122593294.34362872,95509093.88461968
882840.0,122264187.6940072,95510912.22727357
882900.0,121937916.43440248,95512708.15008752
882960.0,121614722.6655889,95514481.8667575
883020.0,121294879.2323861,95516233.60946088
883080.0,120978662.84986408,95517963.62911302
883140.0,120666335.91314454,95519672.1943881
883200.0,120358129.5162745,95521359.58958659
883260.0,120054327.91598108,95523026.11824133
883320.0,119755194.69281022,95524672.1017065
883380.0,119460983.56995618,95526297.8784822
883440.0,119171916.9154694,95527903.80207883
883500.0,118888279.21246962,95529490.24523063
883560.0,118610318.52700847,95531057.59741601
883620.0,118338269.6176437,95532606.26394825
883680.0,118072358.13679099,95534136.66535188
883740.0,117812847.17129487,95535649.23989911
883800.0,117559969.9452614,95537144.44157633
883860.0,117313937.26757182,95538622.73855723
883920.0,117074973.08057545,95540084.61408955
883980.0,116843314.00861272,95541530.56735055
884040.0,116619173.35409833,95542961.11185896
884100.0,116402732.87095529,95544376.77332886
884160.0,116194209.72514082,95545778.09206882
884220.0,115993808.98705228,95547165.62215601
884280.0,115801718.98571198,95548539.93029575
884340.0,115618087.39802518,95549901.593059
884400.0,115443119.68531053,95551251.20079933
884460.0,115276984.46900761,95552589.35514897
884520.0,115119834.64806746,95553916.66794866
884580.0,114971796.10488886,95555233.75941153
884640.0,114833041.06045385,95556541.26126319
884700.0,114703702.89727493,95557839.8141039
884760.0,114583892.59202778,95559130.06588593
884820.0,114473716.711731,95560412.67161223
884880.0,114373303.70416799,95561688.29481758
884940.0,114282750.1599148,95562957.60540576
885000.0,114202121.59057212,95564221.27754036
885060.0,114131501.95921013,95565479.99089414
885120.0,114070972.85678837,95566734.43048646
885180.0,114020591.26150844,95567985.28501306
885240.0,113980374.65681624,95569233.24416798
885300.0,113950382.13293207,95570479.00146304
885360.0,113930646.41238071,95571723.25243966
885420.0,113921181.92345111,95572966.69342841
885480.0,113921960.39182205,95574210.01865532
885540.0,113933011.25548314,95575453.92415276
885600.0,113954318.7934287,95576699.10469946
885660.0,113985847.75669467,95577946.25249785
885720.0,114027543.88475488,95579196.0558871
885780.0,114079387.18004373,95580449.20166534
885840.0,114141320.58564967,95581706.37257999
885900.0,114213259.95465676,95582968.24549447
885960.0,114295126.1379333,95584235.49172856
886020.0,114386851.09253334,95585508.77781244
886080.0,114488338.12181446,95586788.76354809
886140.0,114599456.17154746,95588076.09968513
886200.0,114720103.47722933,95589371.42990705
886260.0,114850166.49460219,95590675.39003599
886320.0,114989511.69799182,95591988.60668288
886380.0,115137964.19282447,95593311.69445015
886440.0,115295402.89687672,95594645.25957826
886500.0,115461672.29334243,95595989.89761776
886560.0,115636601.11494175,95597346.19236717
886620.0,115819988.53174277,95598714.71387622
886680.0,116011684.29613207,95600096.0218734
886740.0,116211499.86374559,95601490.66317809
886800.0,116419227.45237547,95602899.17040333
886860.0,116634654.52085908,95604322.06163873
886920.0,116857596.70045629,95605759.84236115
886980.0,117087840.4378568,95607213.00346482
887040.0,117325146.3295178,95608682.0195177
887100.0,117569295.0760513,95610167.35012688
887160.0,117820073.21065934,95611669.44033791
887220.0,118077247.23323947,95613188.71928518
887280.0,118340551.21348496,95614725.59800401
887340.0,118609764.1892741,95616280.47247769
887400.0,118884648.70595658,95617853.7225273
887460.0,119164956.20198368,95619445.71106623
887520.0,119450399.9181937,95621056.78152372
887580.0,119740761.63091433,95622687.26248428
887640.0,120035785.09846903,95624337.46512291
887700.0,120335203.97593263,95626007.68252818
887760.0,120638738.50233711,95627698.18880148
887820.0,120946155.01912005,95629409.24217921
887880.0,121257190.86392438,95631141.08307809
887940.0,121571566.53016771,95632893.93296303
888000.0,121889013.77307251,95634667.99511439
888060.0,122209287.92729668,95636463.4562273
888120.0,122532124.22690748,95638280.48505926
888180.0,122857234.2092905,95640119.23083541
888240.0,123184365.2359045,95641979.82567498
888300.0,123513265.6130177,95643862.38466096
888360.0,123843672.32689726,95645767.0050812
888420.0,124175291.68958059,95647693.76436293
888480.0,124507890.28335579,95649642.72414947
888540.0,124841212.875282,95651613.9288325
888600.0,125174997.93702339,95653607.40513285
888660.0,125508960.68422899,95655623.1605362
888720.0,125842879.15212895,95657661.18754075
888780.0,126176501.19420037,95659721.46162479
888840.0,126509565.40628159,95661803.9406274
888900.0,126841811.36341959,95663908.56482063
888960.0,127173018.49722144,95666035.25960548
889020.0,127502944.50254805,95668183.9340499
889080.0,127831330.5022717,95670354.47977594
889140.0,128157942.74097858,95672546.77266082
889200.0,128482564.23583266,95674760.67397413
889260.0,128804964.6100943,95676996.0294789
889320.0,129124889.48883507,95679252.66781782
889380.0,129442133.68779412,95681530.4038375
889440.0,129756485.59411994,95683829.03815956
889500.0,130067728.45676596,95686148.35683873
889560.0,130375613.9989781,95688488.1292414
889620.0,130679967.14925659,95690848.11298862
889680.0,130980583.09486751,95693228.05195421
889740.0,131277252.99635112,95695627.67599794
889800.0,131569757.16114038,95698046.70023835
889860.0,131857930.64491853,95700484.82874921
889920.0,132141583.63506475,95702941.75288664
889980.0,132420515.45123217,95705417.15056063
890040.0,132694538.44599673,95707910.68711825
890100.0,132963496.30436276,95710422.01745982
890160.0,133227215.91128214,95712950.78491019
890220.0,133485505.56353593,95715496.61996974
890280.0,133738210.46087569,95718059.14280577
890340.0,133985183.63416542,95720637.9637837
890400.0,134226269.34591135,95723232.68287952
890460.0,134461285.4918911,95725842.88790675
890520.0,134690110.73671672,95728468.15861478
890580.0,134912607.9965696,95731108.06563075
890640.0,135128636.79702014,95733762.17023407
890700.0,135338032.9816536,95736430.02276431
890760.0,135540701.2651273,95739111.167264
890820.0,135736517.47566015,95741805.13953507
890880.0,135925351.494919,95744511.4667411
890940.0,136107073.3205014,95747229.66741817
891000.0,136281598.20310313,95749959.25452496
891060.0,136448820.46006247,95752699.73403513
891120.0,136608620.5952897,95755450.60400963
891180.0,136760903.04152972,95758211.35621035
891240.0,136905593.80772027,95760981.47755489
891300.0,137042605.91638583,95763760.4492438
891360.0,137171830.6813007,95766547.74530143
891420.0,137293207.1748135,95769342.83579274
891480.0,137406672.31702772,95772145.18667987
891540.0,137512157.9863956,95774954.25948422
891600.0,137609566.4348972,95777769.50929414
891660.0,137698871.51894236,95780590.3895855
891720.0,137780021.1705967,95783416.35047777
891780.0,137852960.13476703,95786246.83852085
891840.0,137917619.95687675,95789081.29580814
891900.0,137973991.10327163,95791919.16394185
891960.0,138022038.67010745,95794759.8823265
892020.0,138061718.48074627,95797602.887546
892080.0,138092996.9769165,95800447.61407878
892140.0,138115875.741642,95803293.49666184
892200.0,138130338.91786477,95806139.96911788
892260.0,138136353.43453795,95808986.463198
892320.0,138133920.67087898,95811832.4108989
892380.0,138123053.3370339,95814677.24522458
892440.0,138103754.63634685,95817520.39954698
892500.0,138076002.60762745,95820361.3059139
892560.0,138039833.57991025,95823199.39896809
892620.0,137995271.3792284,95826034.11510576
892680.0,137942336.6476446,95828864.89226213
892740.0,137881023.35268232,95831691.16811806
892800.0,137811397.9221786,95834512.38496982
892860.0,137733496.87755644,95837327.98771779
892920.0,137647351.93094748,95840137.4235425
892980.0,137552991.94498673,95842940.14171232
893040.0,137450494.39627698,95845735.59684902
893100.0,137339914.7807373,95848523.2474492
893160.0,137221295.81940252,95851302.55502492
893220.0,137094701.20661223,95854072.98551136
893280.0,136960219.3874541,95856834.01092793
893340.0,136817924.7476754,95859585.1084319
893400.0,136667870.92452762,95862325.75892325
893460.0,136510156.34132743,95865055.45005095
893520.0,136344880.29584995,95867773.67626944
893580.0,136172135.93881112,95870479.93842363
893640.0,135991987.6893812,95873173.74181768
893700.0,135804568.54794228,95875854.60081775
893760.0,135609988.50187686,95878522.03730413
893820.0,135408354.21860492,95881175.58044578
893880.0,135199755.92174459,95883814.7655942
893940.0,134984345.76182336,95886439.13843775
894000.0,134762249.26042584,95889048.25321104
894060.0,134533583.4815226,95891641.67212443
894120.0,134298472.81035098,95894218.96585266
894180.0,134057079.63208312,95896779.7160819
894240.0,133809547.56641942,95899323.51424684
894300.0,133556003.7398245,95901849.96042098
894360.0,133296606.33099678,95904358.66539687
894420.0,133031527.570498,95906849.25162517
894480.0,132760928.75499845,95909321.35247728
894540.0,132484946.6229135,95911774.61059456
894600.0,132203772.65434507,95914208.68155658
894660.0,131917588.40530092,95916623.23321131
894720.0,131626571.70595703,95919017.94542113
894780.0,131330870.05642058,95921392.50802496
894840.0,131030705.84166397,95923746.6258561
894900.0,130726269.84050675,95926080.01661807
894960.0,130417748.32229292,95928392.41057797
895020.0,130105320.83934055,95930683.55011198
895080.0,129789217.76487298,95932953.193108
895140.0,129469645.56730989,95935201.11135815
895200.0,129146798.00351977,95937427.08970214
895260.0,128820885.66116047,95939630.9271508
895320.0,128492145.82709754,95941812.43867071
895380.0,128160799.51469487,95943971.45408824
895440.0,127827046.75179498,95946107.81667855
895500.0,127491127.87251669,95948221.38586152
895560.0,127153285.71388578,95950312.03736413
895620.0,126813754.38918756,95952379.66263053
895680.0,126472738.66502282,95954424.16685095
895740.0,126130507.01132195,95956445.47322407
895800.0,125787306.11091834,95958443.52149184
895860.0,125443377.33829376,95960418.26757829
895920.0,125098940.42369165,95962369.68213469
895980.0,124754277.8647016,95964297.75473781
896040.0,124409642.13451964,95966202.4918732
896100.0,124065275.76086675,95968083.91626349
896160.0,123721422.8439516,95969942.06696835
896220.0,123378365.7809245,95971777.00194284
896280.0,123036364.20611078,95973588.79650731
896340.0,122695659.14455777,95975377.54209591
896400.0,122356516.31180646,95977143.34790379
896460.0,122019215.11589476,95978886.34179763
896520.0,121684019.34539756,95980606.66926408
896580.0,121351165.38229579,95982304.4915697
896640.0,121020937.32125695,95983979.98894857
896700.0,120693608.19783807,95985633.35985583
896760.0,120369442.45317061,95987264.82038662
896820.0,120048668.18700038,95988874.60183886
896880.0,119731584.14654171,95990462.95543431
896940.0,119418453.11487934,95992030.14990614
897000.0,119109528.67320485,95993576.4708776
897060.0,118805049.0780433,95995102.21983133
897120.0,118505300.96893081,95996607.71733996
897180.0,118210540.05110443,95998093.30099098
897240.0,117921004.14398065,95999559.32418498
897300.0,117636938.48032081,96001006.15662605
897360.0,117358611.6030537,96002434.18587494
897420.0,117086267.85643394,96003843.81572522
897480.0,116820124.47116536,96005235.46438515
897540.0,116560428.79784723,96006609.56648646
897600.0,116307426.31798892,96007966.57295382
897660.0,116061345.00621368,96009306.94982925
897720.0,115822376.43421361,96010631.17583407
897780.0,115590765.01059705,96011939.74589588
897840.0,115366728.02756843,96013233.16933091
897900.0,115150468.93301949,96014511.96891418
897960.0,114942157.59790587,96015776.67863148
898020.0,114742021.31492388,96017027.8475121
898080.0,114550247.12561265,96018266.03693473
898140.0,114367003.94287154,96019491.81941226
898200.0,114192449.86988582,96020705.77786586
898260.0,114026775.2899384,96021908.50777781
898320.0,113870137.14280172,96023100.61495353
898380.0,113722665.08913387,96024282.71369621
898440.0,113584500.91263707,96025455.42761362
898500.0,113455793.62871939,96026619.39009783
898560.0,113336665.7871958,96027775.24255489
898620.0,113227203.66761988,96028923.63198036
898680.0,113127528.82893585,96030065.21331277
898740.0,113037745.17364123,96031200.64825238
898800.0,112957937.34722517,96032330.60397327
898860.0,112888144.95573637,96033455.75011516
898920.0,112828466.31388584,96034576.76270118
898980.0,112778957.41392082,96035694.32131101
899040.0,112739655.94385426,96036809.10785815
899100.0,112710572.20246622,96037921.80476137
899160.0,112691759.71597824,96039033.09782897
899220.0,112683231.43941182,96040143.6735507
899280.0,112684975.2591369,96041254.21742482
899340.0,112696975.61033237,96042365.41372831
899400.0,112719236.0293907,96043477.9467914
899460.0,112751727.51492423,96044592.49882716
899520.0,112794388.06081109,96045709.74773072
899580.0,112847176.48358268,96046830.36846945
899640.0,112910046.87244204,96047955.03276877
899700.0,112982929.13804744,96049084.4075007
899760.0,113065712.56304461,96050219.15197626
899820.0,113158331.84012122,96051359.92097594
899880.0,113260693.39620441,96052507.36286652
899940.0,113372686.13202007,96053662.11843485
900000.0,113494159.00869207,96054824.81822751
900060.0,113625019.21964316,96055996.08643639
900120.0,113765130.44020678,96057176.53799976
900180.0,113914337.69372052,96058366.77736227
900240.0,114072471.09818491,96059567.39748496
900300.0,114239395.88687332,96060778.98218936
900360.0,114414942.841605,96062002.10386465
900420.0,114598917.13799262,96063237.32176524
900480.0,114791134.2563308,96064485.1827017
900540.0,114991421.84053722,96065746.22185542
900600.0,115199582.29891078,96067020.96110106
900660.0,115415385.61477807,96068309.90685108
900720.0,115638637.39367893,96069613.55243374
900780.0,115869132.55969518,96070932.37738593
900840.0,116106650.09972784,96072266.84639636
900900.0,116350929.82836804,96073617.4067015
900960.0,116601772.5432545,96074984.4921528
901020.0,116858945.56253675,96076368.52099147
901080.0,117122204.08713633,96077769.89504702
901140.0,117391279.40657625,96079188.99815051
901200.0,117665956.14748983,96080626.19969174
901260.0,117945984.64748873,96082081.85234122
901320.0,118231098.889009,96083556.29096702
901380.0,118521034.27115393,96085049.83273499
901440.0,118815556.66935636,96086562.77914317
901500.0,119114406.91181932,96088095.41435997
901560.0,119417302.63490619,96089648.0036865
901620.0,119723988.1364993,96091220.79533705
901680.0,120034215.25119783,96092814.02094632
901740.0,120347719.91169865,96094427.8945168
901800.0,120664207.92086379,96096062.61042008
901860.0,120983436.8847682,96097718.34684975
901920.0,121305148.89905348,96099395.26479495
901980.0,121629078.22155486,96101093.50752473
902040.0,121954925.78331672,96102813.19837719
902100.0,122282463.55573684,96104554.44549108
902160.0,122611428.6882654,96106317.33949499
902220.0,122941550.40296242,96108101.95298593
902280.0,123272549.52414839,96109908.33997697
902340.0,123604194.6590919,96111736.53908058
902400.0,123936228.40104513,96113586.57178417
902460.0,124268378.13368781,96115458.44144455
902520.0,124600387.66051924,96117352.13438557
902580.0,124932025.17954358,96119267.62152545
902640.0,125263041.56190558,96121204.85723008
902700.0,125593165.05815765,96123163.77781504
902760.0,125922165.05988236,96125144.304286
902820.0,126249811.83226715,96127146.34240177
902880.0,126575866.89142057,96129169.78209801
902940.0,126900061.59970492,96131214.49548878
903000.0,127222193.10392761,96133280.34124349
903060.0,127542035.77332127,96135367.16307807
903120.0,127859359.24044609,96137474.78944515
903180.0,128173913.21994905,96139603.03221607
903240.0,128485510.9739741,96141751.69090755
903300.0,128793937.09187594,96143920.55078143
903360.0,129098967.30319676,96146109.38226072
903420.0,129400381.89721608,96148317.9412376
903480.0,129698000.91999394,96150545.97171833
903540.0,129991624.07372047,96152793.20447628
903600.0,130281034.41411398,96155059.35595103
903660.0,130566044.00018892,96157344.13017878
903720.0,130846480.75191453,96159647.21984959
903780.0,131122160.51854925,96161968.30550973
903840.0,131392874.63782947,96164307.05393858
903900.0,131658467.87702107,96166663.12169982
903960.0,131918776.87015282,96169036.15460493
904020.0,132173634.41174561,96171425.78746198
904080.0,132422840.85231099,96173831.64192607
904140.0,132666274.39441857,96176253.33167008
904200.0,132903781.02230635,96178690.46024942
904260.0,133135203.0755036,96181142.62086354
904320.0,133360374.48532839,96183609.39580147
904380.0,133579183.42605275,96186090.36004418
904440.0,133791493.71114784,96188585.07965086
904500.0,133997157.58863027,96191093.11099473
904560.0,134196043.24236433,96193614.00182329
904620.0,134388048.9695207,96196147.29325844
904680.0,134573056.8457844,96198692.51872286
904740.0,134750929.34480694,96201249.20264263
904800.0,134921569.23871884,96203816.86312248
904860.0,135084885.2138661,96206395.01234008
904920.0,135240777.8670656,96208983.15601167
904980.0,135389120.12219256,96211580.79155938
905040.0,135529849.58596173,96214187.41240229
905100.0,135662885.51844367,96216802.50674143
905160.0,135788143.7649805,96219425.55733526
905220.0,135905518.21854997,96222056.04004627
905280.0,136014971.1327937,96224693.42837426
905340.0,136116435.91936153,96227337.19154552
905400.0,136209839.13438755,96229986.79405995
905460.0,136295109.72730175,96232641.6958513
905520.0,136372220.73606855,96235301.35520992
905580.0,136441124.46299905,96237965.22740947
905640.0,136501758.24451387,96240632.76371643
905700.0,136554086.18158942,96243303.41316444
905760.0,136598092.14485636,96245976.62386473
905820.0,136633747.38129628,96248651.84217018
905880.0,136661000.04582238,96251328.51114644
905940.0,136679849.45050898,96254006.07396117
906000.0,136690290.31926724,96256683.97358006
906060.0,136692312.86986604,96259361.65246862
906120.0,136685876.08986527,96262038.55052434
906180.0,136671014.53226876,96264714.11008082
906240.0,136647733.77296007,96267387.77398859
906300.0,136616035.99965042,96270058.9853905
906360.0,136575912.0380519,96272727.18696952
906420.0,136527410.67384902,96275391.82478556
906480.0,136470555.31813928,96278052.34659477
906540.0,136405358.97829294,96280708.20116037
906600.0,136331847.68868363,96283358.83911455
906660.0,136250081.049032,96286003.715179
906720.0,136160101.39731607,96288642.28702138
906780.0,136061932.51671323,96291274.0140266
906840.0,135955635.6126722,96293898.35977218
906900.0,135841281.038691,96296514.79263218
906960.0,135718929.99929062,96299122.78517033
907020.0,135588616.98498785,96301721.81237148
907080.0,135450438.30230987,96304311.35572971
907140.0,135304474.9707856,96306890.90223512
907200.0,135150804.55545682,96309459.9441434
907260.0,134989479.3955175,96312017.97730598
907320.0,134820623.54674393,96314564.50591128
907380.0,134644330.98434728,96317099.04049294
907440.0,134460689.7764814,96319621.09753712
907500.0,134269787.1388588,96322130.19942413
907560.0,134071757.5443005,96324625.87755087
907620.0,133866713.4738153,96327107.6708738
907680.0,133654753.31081906,96329575.12497482
907740.0,133435998.94346783,96332027.79361244
907800.0,133210595.03792143,96334465.24022475
907860.0,132978672.34003524,96336887.03700618
907920.0,132740339.28862545,96339292.76343042
907980.0,132495752.16036546,96341682.0094092
908040.0,132245065.50921753,96344054.37517501
908100.0,131988428.015936,96346409.47088963
908160.0,131725957.81976259,96348746.91462304
908220.0,131457845.1996393,96351066.33711661
908280.0,131184254.18438248,96353367.38004482
908340.0,130905344.98844221,96355649.69575976
908400.0,130621262.84077574,96357912.94629775
908460.0,130332213.63854012,96360156.80738303
908520.0,130038376.28984565,96362380.96664089
908580.0,129739919.7690689,96364585.12293768
908640.0,129437022.30261317,96366768.98698811
908700.0,129129898.1823847,96368932.2837326
908760.0,128818742.65008342,96371074.75107488
908820.0,128503732.6617596,96373196.13867049
908880.0,128185078.61020586,96375296.21013018
908940.0,127863002.29737093,96377374.74376853
909000.0,127537714.35418198,96379431.53186163
909060.0,127209398.709889,96381466.37888017
909120.0,126878296.8554544,96383479.1052844
909180.0,126544636.96517274,96385469.54663987
909240.0,126208642.48961161,96387437.55330102
909300.0,125870507.12636758,96389382.98844276
909360.0,125530498.02811514,96391305.73290302
909420.0,125188849.6606482,96393205.68302031
909480.0,124845789.98788589,96395082.75019966
909540.0,124501541.20273292,96396936.86052702
909600.0,124156374.08284578,96398767.95796913
909660.0,123810534.36829847,96400576.0027162
909720.0,123464252.63725242,96402360.97017659
909780.0,123117777.59289278,96404122.85216714
909840.0,122771381.53963286,96405861.65846412
909900.0,122425319.28889345,96407577.41564384
909960.0,122079821.71131432,96409270.16549848
910020.0,121735161.60943165,96410939.96779583
910080.0,121391610.27056408,96412586.90017338
910140.0,121049428.9207304,96414211.05746923
910200.0,120708845.93433298,96415812.54955077
910260.0,120370155.33531214,96417391.50563711
910320.0,120033624.36571752,96418948.07252744
910380.0,119699512.60443532,96420482.4140902
910440.0,119368057.39260143,96421994.70979197
910500.0,119039555.85525934,96423485.15863186
910560.0,118714272.5719721,96424953.97699067
910620.0,118392458.57005863,96426401.39773212
910680.0,118074366.13035454,96427827.67028007
910740.0,117760281.84626289,96429233.06287353
910800.0,117450466.85594553,96430617.86088361
910860.0,117145159.47888336,96431982.3653048
910920.0,116844622.70588803,96433326.8943748
910980.0,116549128.21697676,96434651.78414115
911040.0,116258929.23007931,96435957.38723955
911100.0,115974246.75702725,96437244.07076736
911160.0,115695349.85078165,96438512.21944246
911220.0,115422490.49279322,96439762.23447329
911280.0,115155908.81706947,96440994.53277344
911340.0,114895804.50605553,96442209.54429318
911400.0,114642446.78610197,96443407.71659349
911460.0,114396063.17889506,96444589.51209493
911520.0,114156867.74305113,96445755.40718648
911580.0,113925057.35029446,96446905.8910898
911640.0,113700872.6044389,96448041.46873316
911700.0,113484519.27079763,96449162.65845361
911760.0,113276180.14739627,96450269.99048105
911820.0,113076044.17957455,96451364.00733893
911880.0,112884318.21074787,96452445.2650178
911940.0,112701181.17534873,96453514.33113466
912000.0,112526779.58111298,96454571.78279583
912060.0,112361289.54616973,96455618.20854172
912120.0,112204879.29287969,96456654.20782368
912180.0,112057696.19173025,96457680.38962884
912240.0,111919845.83868206,96458697.36972943
912300.0,111791487.09265216,96459705.77418342
912360.0,111672745.23203114,96460706.23712291
912420.0,111563728.03967841,96461699.39960088
912480.0,111464507.92841665,96462685.9072632
912540.0,111375211.1129773,96463666.41388467
912600.0,111295920.2936898,96464641.5785053
912660.0,111226696.04285087,96465612.06397401
912720.0,111167587.59676833,96466578.53620204
912780.0,111118672.7417145,96467541.66603872
912840.0,111079993.44328706,96468502.12691537
912900.0,111051560.84746,96469460.59281878
912960.0,111033399.12767914,96470417.7391473
913020.0,111025536.01745015,96471374.24294426
913080.0,111027971.44858822,96472330.78107055
913140.0,111040666.15131861,96473288.02762881
913200.0,111063618.59157726,96474246.65644379
913260.0,111096806.09815912,96475207.33967365
913320.0,111140186.5541937,96476170.7465331
913380.0,111193670.58167325,96477137.54018976
913440.0,111257231.58396043,96478108.38188994
913500.0,111330797.43124568,96479083.92796871
913560.0,111414277.73487902,96480064.82865222
913620.0,111507557.07536979,96481051.72641583
913680.0,111610563.20098126,96482045.25882158
913740.0,111723184.19553798,96483046.05591506
913800.0,111845283.10918973,96484054.73858434
913860.0,111976723.505321,96485071.9185966
913920.0,112117388.20921092,96486098.19986567
913980.0,112267129.53645644,96487134.1764518
914040.0,112425767.47605538,96488180.43044285
914100.0,112593148.30069917,96489237.53368343
914160.0,112769113.84176391,96490306.0474868
914220.0,112953484.77316444,96491386.52124973
914280.0,113146042.32900015,96492479.48986815
914340.0,113346619.95595887,96493585.47716825
914400.0,113555023.10186335,96494704.99407275
914460.0,113771042.70403005,96495838.53765322
914520.0,113994434.60146122,96496986.5888318
914580.0,114225015.85438651,96498149.61640285
914640.0,114462563.39074445,96499328.07440431
914700.0,114706838.08610465,96500522.40106957
914760.0,114957591.7753644,96501733.01823959
914820.0,115214614.05144842,96502960.33384484
914880.0,115477663.93123375,96504204.73990448
914940.0,115746477.42435579,96505466.61102289
915000.0,116020807.54398303,96506746.3055103
915060.0,116300421.58097614,96508044.16632438
915120.0,116585065.77039635,96509360.51969469
915180.0,116874456.33893757,96510695.67316085
915240.0,117168352.50382157,96512049.9183969
915300.0,117466504.21667129,96513423.53060918
915360.0,117768649.81672022,96514816.76778053
915420.0,118074490.54723164,96516229.86824453
915480.0,118383796.54292917,96517663.05520709
915540.0,118696305.0302344,96519116.53459466
915600.0,119011744.53388967,96520590.49448976
915660.0,119329824.993854,96522085.10391898
915720.0,119650312.47125442,96523600.51653643
915780.0,119972942.06376974,96525136.86860006
915840.0,120297434.70081943,96526694.27804923
915900.0,120623518.42501642,96528272.84497665
915960.0,120950953.54835688,96529872.65374799
916020.0,121279478.53941666,96531493.77157636
916080.0,121608810.27175462,96533136.24711345
916140.0,121938698.31910652,96534800.11259723
916200.0,122268900.53370379,96536485.38439952
916260.0,122599161.91959046,96538192.06218979
916320.0,122929198.32257503,96539920.12703136
916380.0,123258783.77698569,96541669.54519741
916440.0,123587676.46091841,96543440.26713768
916500.0,123915628.81341252,96545232.22710799
916560.0,124242363.50035326,96547045.34122641
916620.0,124567676.16231185,96548879.51225613
916680.0,124891329.38557197,96550734.62744617
916740.0,125213078.74751222,96552610.55807775
916800.0,125532675.33757767,96554507.15917589
916860.0,125849918.90824054,96556424.27269916
916920.0,126164584.84323262,96558361.72594942
916980.0,126476433.64021133,96560319.33060259
917040.0,126785246.53652714,96562296.88407063
917100.0,127090828.99574152,96564294.17109136
917160.0,127392970.719145,96566310.96270122
917220.0,127691438.54347664,96568347.01474418
917280.0,127986045.23586623,96570402.0708811
917340.0,128276603.23321244,96572475.86257201
917400.0,128562917.75375822,96574568.10860805
917460.0,128844763.08315916,96576678.51309268
917520.0,129121984.60980263,96578806.77009614
917580.0,129394402.7224371,96580952.56202397
917640.0,129661833.69413584,96583115.5593518
917700.0,129924076.2907915,96585295.41948463
917760.0,130180993.19354971,96587491.79093952
917820.0,130432418.88046859,96589704.31150496
917880.0,130678178.46287756,96591932.607632
917940.0,130918104.610334,96594176.294932
918000.0,131152069.16932628,96596434.98074077
918060.0,131379924.18952926,96598708.26282749
918120.0,131601504.13507137,96600995.7282485
918180.0,131816676.10850011,96603296.9554837
918240.0,132025321.56207725,96605611.51537697
918300.0,132227310.54065588,96607938.97039331
918360.0,132422487.2352812,96610278.87293251
918420.0,132610753.57847181,96612630.76910456
918480.0,132792000.94360507,96614994.19804199
918540.0,132966116.97175379,96617368.69165842
918600.0,133132957.96316744,96619753.77260366
918660.0,133292458.85651954,96622148.95940295
918720.0,133444521.87119749,96624553.76432142
918780.0,133589044.81886625,96626967.69307832
918840.0,133725919.21896677,96629390.24443825
918900.0,133855090.30142835,96631820.91372044
918960.0,133976478.92089906,96634259.19120851
919020.0,134089993.19274056,96636704.56132025
919080.0,134195560.0234596,96639156.50383638
919140.0,134293135.03742892,96641614.4957767
919200.0,134382657.8333771,96644078.01035486
919260.0,134464046.91431767,96646546.51560281
919320.0,134537264.69104248,96649019.47723809
919380.0,134602277.24275562,96651496.35890391
919440.0,134659042.98015404,96653976.62166959
919500.0,134707490.84208825,96656459.72210813
919560.0,134747618.82139012,96658945.11680336
919620.0,134779403.4813237,96661432.26095189
919680.0,134802817.72836164,96663920.60812487
919740.0,134817814.01937395,96666409.60893452
919800.0,134824412.91526288,96668898.71547768
919860.0,134822605.82288647,96671387.37943354
919920.0,134812376.12995288,96673875.05154093
919980.0,134793711.89718178,96676361.18190326
920040.0,134766644.1893891,96678845.22279327
920100.0,134731183.27283773,96681326.62729605
920160.0,134687323.00203764,96683804.84823859
920220.0,134635087.05018908,96686279.34013413
920280.0,134574516.9578952,96688749.56034653
920340.0,134505641.83003545,96691214.96827857
920400.0,134428465.95688036,96693675.0237537
920460.0,134343048.6085042,96696129.19059972
920520.0,134249441.7560334,96698576.93617171
920580.0,134147693.30197571,96701017.73108573
920640.0,134037817.922592,96703451.04705234
920700.0,133919910.44258608,96705876.3620993
920760.0,133794033.19779548,96708293.15845248
920820.0,133660244.80788125,96710700.92229228
920880.0,133518594.306886,96713099.14312786
920940.0,133369187.95464534,96715487.31752433
921000.0,133212106.3739049,96717864.94743028
921060.0,133047418.42548099,96720231.53940985
921120.0,132875208.53243025,96722586.60565484
921180.0,132695593.13846576,96724929.66606863
921240.0,132508671.40215178,96727260.24713778
921300.0,132314522.28495938,96729577.88061468
921360.0,132113265.45238096,96731882.10616638
921420.0,131905027.36257999,96734172.47181438
921480.0,131689925.52989216,96736448.53334962
921540.0,131468048.82009983,96738709.85246457
921600.0,131239551.93087503,96740956.00103739
921660.0,131004571.10143556,96743186.55992682
921720.0,130763238.67329802,96745401.1187156
921780.0,130515662.97889258,96747599.27414489
921840.0,130262023.62115137,96749780.63475066
921900.0,130002469.57913055,96751944.81886679
921960.0,129737142.55928344,96754091.45414862
922020.0,129466185.34468411,96756220.1776399
922080.0,129189786.68856105,96758330.63876113
922140.0,128908112.9960978,96760422.49785133
922200.0,128621314.87291926,96762495.42513663
922260.0,128329569.05407941,96764549.10242692
922320.0,128033072.90500058,96766583.22445415
922380.0,127732009.6797482,96768597.49795023
922440.0,127426538.26158108,96770591.6400579
922500.0,127116868.6757559,96772565.38165373
922560.0,126803206.18788052,96774518.46703394
922620.0,126485750.13963634,96776450.65352497
922680.0,126164666.87411335,96778361.7093333
922740.0,125840198.84211491,96780251.41849078
922800.0,125512558.28003842,96782119.5788849
922860.0,125181952.69026983,96783966.00194657
922920.0,124848575.62770687,96785790.5117389
922980.0,124512680.04331163,96787592.94881433
923040.0,124174490.88593724,96789373.16838904
923100.0,123834221.08224377,96791131.03955665
923160.0,123492094.45268163,96792866.44599192
923220.0,123148368.62869687,96794579.28814326
923280.0,122803281.22549945,96796269.48192656
923340.0,122457048.98805395,96797936.95736396
923400.0,122109924.32369334,96799581.66089654
923460.0,121762167.75690928,96801203.55590636
923520.0,121414027.68700324,96802802.62192318
923580.0,121065722.68260278,96804378.85268137
923640.0,120717531.66610691,96805932.26003575
923700.0,120369715.85294732,96807462.87280567
923760.0,120022529.92250322,96808970.73634487
923820.0,119676198.42223245,96810455.91057919
923880.0,119331017.68450032,96811918.47466373
923940.0,118987249.14687468,96813358.52471063
924000.0,118645144.76116905,96814776.17316754
924060.0,118304950.82239948,96816171.54844508
924120.0,117966959.38721406,96817544.79788274
924180.0,117631435.17863022,96818896.08596823
924240.0,117298624.12373076,96820225.59311166
924300.0,116968790.8797651,96821533.51685634
924360.0,116642219.67831893,96822820.0731436
924420.0,116319174.859642,96824085.49501589
924480.0,115999892.51170057,96825330.03077762
924540.0,115684651.76239148,96826553.94678332
924600.0,115373724.95694989,96827757.52699164
924660.0,115067371.88210341,96828941.07214478
924720.0,114765814.47600286,96830104.89730725
924780.0,114469341.9679756,96831249.33622703
924840.0,114178210.2832048,96832374.73916897
924900.0,113892664.14207835,96833481.47218247
924960.0,113612924.25424379,96834569.91553885
925020.0,113339267.50655091,96835640.46737066
925080.0,113071934.37081723,96836693.54130395
925140.0,112811146.93286684,96837729.56526084
925200.0,112557127.36138302,96838748.98146035
925260.0,112310127.37463222,96839752.24832976
925320.0,112070369.40024367,96840739.83860028
925380.0,111838047.67476432,96841712.23747444
925440.0,111613380.64883804,96842669.94419199
925500.0,111396589.6226287,96843613.47221003
925560.0,111187873.75200252,96844543.34776299
925620.0,110987394.19292101,96845460.10739514
925680.0,110795360.53995526,96846364.30109702
925740.0,110611958.52159347,96847256.49075419
925800.0,110437357.83426987,96848137.2491044
925860.0,110271684.8963328,96849007.15692937
925920.0,110115132.23779562,96849866.80733638
925980.0,109967846.32927631,96850716.80276965
926040.0,109829955.36293024,96851557.75382319
926100.0,109701568.66900665,96852390.27801594
926160.0,109582835.23083769,96853215.00235856
926220.0,109473865.4679542,96854032.56085216
926280.0,109374742.08253059,96854843.59269059
926340.0,109285553.5977233,96855648.74263586
926400.0,109206401.89917955,96856448.66188174
926460.0,109137358.06716123,96857244.0060567
926520.0,109078456.26807888,96858035.43283184
926580.0,109029761.48683633,96858823.60391608
926640.0,108991326.00966981,96859609.18423243
926700.0,108963179.38634196,96860392.84044494
926760.0,108945305.34825638,96861175.23799174
926820.0,108937743.78772292,96861957.04472119
926880.0,108940496.11327523,96862738.92839988
926940.0,108953544.56768303,96863521.55547214
927000.0,108976836.34013356,96864305.58879153
927060.0,109010371.45525311,96865091.69104163
927120.0,109054105.31821229,96865880.52184847
927180.0,109107969.54262045,96866672.73624185
927240.0,109171886.59379856,96867468.9840649
927300.0,109245806.56664394,96868269.91176355
927360.0,109329643.91740544,96869076.16008173
927420.0,109423281.30142024,96869888.36200586
927480.0,109526618.45923905,96870707.14387266
927540.0,109639557.82925713,96871533.12554581
927600.0,109761975.49254283,96872366.91871314
927660.0,109893707.99686484,96873209.12433232
927720.0,110034635.48500904,96874060.33545382
927780.0,110184616.10404207,96874921.13580102
927840.0,110343491.15362255,96875792.0986837
927900.0,110511054.96219133,96876673.78396425
927960.0,110687172.0696701,96877566.74260163
928020.0,110871660.58276834,96878471.51365227
928080.0,111064322.90622422,96879388.62325872
928140.0,111264941.30493581,96880318.58335193
928200.0,111473343.85035467,96881261.89461675
928260.0,111689321.97625817,96882219.04412755
928320.0,111912644.1426109,96883190.50386764
928380.0,112143085.5949656,96884176.7311727
928440.0,112380443.05202663,96885178.17012325
928500.0,112624486.45141917,96886195.24981833
928560.0,112874955.52773249,96887228.38242868
928620.0,113131623.75507247,96888277.96538225
928680.0,113394261.75926144,96889344.38118494
928740.0,113662623.24071807,96890427.99633187
928800.0,113936424.45079239,96891529.15889353
928860.0,114215442.30937323,96892648.20244049
928920.0,114499426.52493629,96893785.44429055
928980.0,114788115.94688688,96894941.18481258
929040.0,115081219.61549747,96896115.70550689
929100.0,115378511.6769782,96897309.27321574
929160.0,115679729.56852108,96898522.13775761
929220.0,115984597.29638782,96899754.53106545
929280.0,116292835.84245165,96901006.66699724
929340.0,116604206.77279037,96902278.74396192
929400.0,116918444.57374305,96903570.94317622
929460.0,117235262.800058,96904883.42731906
929520.0,117554398.66059186,96906216.34206432
929580.0,117875605.29718783,96907569.81711467
929640.0,118198618.27743319,96908943.9650726
929700.0,118523144.60060203,96910338.87960216
929760.0,118848941.4908016,96911754.6386762
929820.0,119175757.30804878,96913191.30400945
929880.0,119503332.21662675,96914648.92053497
929940.0,119831370.03286716,96916127.51406439
930000.0,120159651.26953721,96917627.09624216
930060.0,120487922.62328415,96919147.66236866
930120.0,120815924.37733616,96920689.19099174
930180.0,121143382.44363748,96922251.64298508
930240.0,121470080.97078961,96923834.96531014
930300.0,121795775.07959484,96925439.08914855
930360.0,122120206.57088673,96927063.92904805
930420.0,122443129.13068773,96928709.38369444
930480.0,122764329.53394365,96930375.33805028
930540.0,123083574.57504225,96932061.66207096
930600.0,123400609.60623184,96933768.20932719
930660.0,123715218.06010203,96935494.81946522
930720.0,124027191.16957289,96937241.31871419
930780.0,124336309.14678748,96939007.51918013
930840.0,124642322.52555315,96940793.21693741
930900.0,124945046.07585259,96942598.1961742
930960.0,125244276.94336699,96944422.22806047
931020.0,125539807.49561168,96946265.07044414
931080.0,125831402.6705401,96948126.46608792
931140.0,126118901.89873104,96950006.14747413
931200.0,126402112.01914768,96951903.83470814
931260.0,126680832.67092876,96953819.23505838
931320.0,126954862.07631387,96955752.04286931
931380.0,127224047.42493837,96957701.94272
931440.0,127488212.07900564,96959668.60789238
931500.0,127747163.75595775,96961651.6993673
931560.0,128000734.77330942,96963650.86741278
931620.0,128248780.78061718,96965665.7530902
931680.0,128491142.33262342,96967695.98728517
931740.0,128727635.82608414,96969741.18915513
931800.0,128958128.29299039,96971800.96939363
931860.0,129182484.35854694,96973874.93007801
931920.0,129400562.26606448,96975962.66426139
931980.0,129612187.52933644,96978063.75386836
932040.0,129817262.36077054,96980177.77463615
932100.0,130015660.73113818,96982304.29429863
932160.0,130207252.50597768,96984442.87232462
932220.0,130391891.90520208,96986593.05891359
932280.0,130569497.38838369,96988754.39913301
932340.0,130739958.9553758,96990926.43108849
932400.0,130903156.10961743,96993108.68525057
932460.0,131058978.70775403,96995300.68512332
932520.0,131207354.99087533,96997501.9497164
932580.0,131348193.3991694,96999711.99227251
932640.0,131481383.22976759,97001930.31903766
932700.0,131606850.17470771,97004156.43160477
932760.0,131724532.37820151,97006389.82771608
932820.0,131834356.84924571,97008630.00054824
932880.0,131936222.77681534,97010876.43692438
932940.0,132030091.8287963,97013128.62133443
933000.0,132115912.12413512,97015386.03506453
933060.0,132193627.77262537,97017648.1559402
933120.0,132263152.55943105,97019914.45637767
933180.0,132324479.57663444,97022184.40848467
933240.0,132377568.50305799,97024457.48191237
933300.0,132422373.45193905,97026733.14349836
933360.0,132458844.26413767,97029010.85699287
933420.0,132486984.0854465,97031290.08648624
933480.0,132506771.30932364,97033570.29481784
933540.0,132518170.06001268,97035850.94265927
933600.0,132521166.28188756,97038131.48991758
933660.0,132515773.1674649,97040411.39748634
933720.0,132501987.83113863,97042690.12621233
933780.0,132479784.39892583,97044967.13541831
933840.0,132449184.94293989,97047241.8859842
933900.0,132410212.68026493,97049513.84042007
933960.0,132362883.43558636,97051782.46239072
934020.0,132307181.31366046,97054047.21467768
934080.0,132243164.51703547,97056307.56393914
934140.0,132170866.2517924,97058562.9791031
934200.0,132090315.6781808,97060812.9311069
934260.0,132001522.8868827,97063056.89167179
934320.0,131904566.14762282,97065294.33768103
934380.0,131799493.95329224,97067524.74926619
934440.0,131686345.38212219,97069747.60920152
934500.0,131565166.57566413,97071962.40335667
934560.0,131436045.7081721,97074168.62339422
934620.0,131299049.86314185,97076365.76541384
934680.0,131154227.96365409,97078553.32878514
934740.0,131001662.14229137,97080730.81827827
934800.0,130841450.38662545,97082897.74507983
934860.0,130673678.28090334,97085053.62599479
934920.0,130498404.4908523,97087197.98171708
934980.0,130315747.04257362,97089330.34063776
935040.0,130125813.61194819,97091450.23817827
935100.0,129928707.72788359,97093557.21652216
935160.0,129724498.93657744,97095650.82243259
935220.0,129513339.72977382,97097730.61257228
935280.0,129295347.72603682,97099796.15126316
935340.0,129070635.91468488,97101847.01018697
935400.0,128839309.42632121,97103882.76787883
935460.0,128601530.10239649,97105903.01336241
935520.0,128357433.56704691,97107907.34446512
935580.0,128107142.01190434,97109895.36695391
935640.0,127850795.88145523,97111866.69570307
935700.0,127588566.0626253,97113820.95664355
935760.0,127320605.86000405,97115757.78563197
935820.0,127047046.31292419,97117676.82701989
935880.0,126768062.80480963,97119577.73649403
935940.0,126483834.85426778,97121460.18133777
936000.0,126194533.00307757,97123323.83985199
936060.0,125900296.65678336,97125168.39935568
936120.0,125601335.62887636,97126993.56069586
936180.0,125297837.51298743,97128799.03681919
936240.0,124989985.26249684,97130584.55247067
936300.0,124677938.69457857,97132349.84270726
936360.0,124361928.68414705,97134094.65744784
936420.0,124042154.39082852,97135818.75943626
936480.0,123718805.88184159,97137521.92365476
936540.0,123392076.06402822,97139203.93750194
936600.0,123062202.45496549,97140864.60364655
936660.0,122729399.32251929,97142503.7385334
936720.0,122393862.81380259,97144121.17121822
936780.0,122055817.83972335,97145716.74520583
936840.0,121715507.39131626,97147290.31960356
936900.0,121373159.60420668,97148841.76816486
936960.0,121028975.37761043,97150370.97754046
937020.0,120683210.24081145,97151877.85077241
937080.0,120336111.16863357,97153362.30674104
937140.0,119987918.59134784,97154824.27974088
937200.0,119638836.48243184,97156263.71714184
937260.0,119289149.24880055,97157680.5845339
937320.0,118939105.98170997,97159074.86346088
937380.0,118588949.39176421,97160446.55100669
937440.0,118238908.59775846,97161795.65892059
937500.0,117889270.57749008,97163122.21731539
937560.0,117540292.28963599,97164426.27274047
937620.0,117192215.60043254,97165707.88721079
937680.0,116845294.3856691,97166967.13897035
937740.0,116499813.42594561,97168204.12446444
937800.0,116156035.48236752,97169418.95692495
937860.0,115814198.66345568,97170611.76478796
937920.0,115474578.60747395,97171782.69408956
937980.0,115137454.73271972,97172931.90870216
938040.0,114803092.31830709,97174059.58942428
938100.0,114471722.27785343,97175165.93177722
938160.0,114143638.49986024,97176251.15002793
938220.0,113819111.34436792,97177315.47567827
938280.0,113498401.67738953,97178359.15685244
938340.0,113181738.60683236,97179382.45626096
938400.0,112869420.88620304,97180385.65564907
938460.0,112561708.71890031,97181369.05332589
938520.0,112258848.54827796,97182332.96327953
938580.0,111961080.2714608,97183277.71475355
938640.0,111668685.93476841,97184203.65493639
938700.0,111381916.58338125,97185111.146974
938760.0,111100999.4424244,97186000.56844245
938820.0,110826180.37313323,97186872.31253427
938880.0,110557719.73524879,97187726.78897999
938940.0,110295854.37491593,97188564.42254035
939000.0,110040787.16119964,97189385.65083036
939060.0,109792764.79234216,97190190.92711568
939120.0,109552020.69265674,97190980.7194595
939180.0,109318772.2435796,97191755.50969295
939240.0,109093192.64093547,97192515.790588
939300.0,108875524.16346385,97193262.07026689
939360.0,108665967.9705773,97193994.86957069
939420.0,108464709.69795614,97194714.72106384
939480.0,108271908.5583059,97195422.16734289
939540.0,108087776.27358748,97196117.76438653
939600.0,107912483.5551161,97196802.07893255
939660.0,107746177.34394227,97197475.68695663
939720.0,107589003.5130659,97198139.17360114
939780.0,107441132.77692264,97198793.1347582
939840.0,107302702.52776238,97199438.17493907
939900.0,107173816.41380557,97200074.9051171
939960.0,107054602.60458688,97200703.94429109
940020.0,106945186.55606814,97201325.91930938
940080.0,106845668.31623432,97201941.46324587
940140.0,106756104.41498321,97202551.21262054
940200.0,106676601.78504972,97203155.81061496
940260.0,106607237.2749924,97203755.90515037
940320.0,106548068.5225755,97204352.14766042
940380.0,106499108.14686464,97204945.19021763
940440.0,106460433.3711835,97205535.68965498
940500.0,106432072.22098628,97206124.30442572
940560.0,106414031.13910532,97206711.6932261
940620.0,106406297.94285008,97207298.51380718
940680.0,106408898.23922072,97207885.42538555
940740.0,106421817.19818608,97208473.0860637
940800.0,106445009.47945982,97209062.1508847
940860.0,106478437.89218608,97209653.2723528
940920.0,106522076.5107713,97210247.1011526
940980.0,106575868.09220003,97210844.28415273
941040.0,106639716.28556055,97211445.4619136
941100.0,106713560.02891988,97212051.27093923
941160.0,106797323.29320061,97212662.3427244
941220.0,106890908.18905918,97213279.30236273
941280.0,106994169.43211533,97213902.76552755
941340.0,107107024.49076031,97214533.34247479
941400.0,107229349.90354307,97215171.63543598
941460.0,107361004.21058872,97215818.2374738
941520.0,107501814.09410505,97216473.73045471
941580.0,107651661.385025,97217138.6885669
941640.0,107810384.80404446,97217813.67557566
941700.0,107977800.24977237,97218499.24337268
941760.0,108153719.6266953,97219195.93172534
941820.0,108337984.40489893,97219904.2701641
941880.0,108530403.04919037,97220624.77588324
941940.0,108730753.50936964,97221357.95180103
942000.0,108938837.7550333,97222104.28809424
942060.0,109154461.84921773,97222864.26246281
942120.0,109377409.06555018,97223638.3386826
942180.0,109607424.55593847,97224426.96418202
942240.0,109844305.58356076,97225230.57336563
942300.0,110087828.0796261,97226049.58626002
942360.0,110337754.58804153,97226884.40766595
942420.0,110593805.36352468,97227735.42447095
942480.0,110855775.748236,97228603.01043501
942540.0,111123417.73249193,97229487.52343534
942600.0,111396470.37856676,97230389.30464828
942660.0,111674658.52840233,97231308.6776496
942720.0,111957756.63963486,97232245.95157793
942780.0,112245506.00568976,97233201.41902871
942840.0,112537627.31180075,97234175.354748
942900.0,112833855.02325404,97235168.01651499
942960.0,113133947.6547843,97236179.64667776
943020.0,113437640.65047058,97237210.47069022
943080.0,113744641.05592592,97238260.69531074
943140.0,114054697.60484736,97239330.51126021
943200.0,114367557.38661224,97240420.09312251
943260.0,114682954.3966212,97241529.59851679
943320.0,115000586.30701873,97242659.1657925
943380.0,115320220.28504208,97243808.91845544
943440.0,115641596.0089864,97244978.96342431
943500.0,115964445.16573854,97246169.39052778
943560.0,116288474.03622808,97247380.27089442
943620.0,116613457.62154673,97248611.66132812
943680.0,116939136.4134959,97249863.60211857
943740.0,117265238.94063194,97251136.11628594
943800.0,117591495.89561254,97252429.2097239
943860.0,117917680.62540726,97253742.87391663
943920.0,118243541.5787497,97255077.08436061
943980.0,118568806.93536164,97256431.79928155
944040.0,118893234.52303122,97257806.96152405
944100.0,119216598.59877865,97259202.49960078
944160.0,119538658.02004789,97260618.32671824
944220.0,119859142.93138117,97262054.33895722
944280.0,120177840.54510073,97263510.41890423
944340.0,120494528.11927369,97264986.43502346
944400.0,120808976.91489144,97266482.24128011
944460.0,121120920.90807329,97267997.67477651
944520.0,121430178.52144782,97269532.56112173
944580.0,121736531.68511248,97271086.71211736
944640.0,122039756.97739704,97272659.9254218
944700.0,122339619.71858926,97274251.98383991
944760.0,122635944.96327868,97275862.65912122
944820.0,122928529.3010712,97277491.71015581
944880.0,123217155.55134505,97279138.88210408
944940.0,123501622.49548766,97280803.90741448
945000.0,123781761.99357902,97282486.50792788
945060.0,124057386.62299684,97284186.39365672
945120.0,124328286.37946367,97285903.26135516
945180.0,124594294.44725907,97287636.79726487
945240.0,124855250.30623578,97289386.67751808
945300.0,125110983.29953614,97291152.56749725
945360.0,125361291.2975353,97292934.11984113
945420.0,125606042.60856259,97294730.97891892
945480.0,125845084.93254268,97296542.7795252
945540.0,126078261.33028716,97298369.1465885
945600.0,126305388.93268615,97300209.69352926
945660.0,126526360.8390487,97302064.02708332
945720.0,126741037.0257266,97303931.74520276
945780.0,126949269.27130431,97305812.43653856
945840.0,127150910.58481483,97307705.68052158
945900.0,127345863.00329402,97309611.05047546
945960.0,127534004.4976094,97311528.11209205
946020.0,127715195.83585301,97313456.42234282
946080.0,127889326.2258201,97315395.5312852
946140.0,128056306.8632448,97317344.9834592
946200.0,128216033.93725267,97319304.31693757
946260.0,128368377.38492307,97321273.0616632
946320.0,128513262.8451411,97323250.74298348
946380.0,128650610.81261645,97325236.88132556
946440.0,128780335.84343584,97327230.99182144
946500.0,128902317.15541421,97329232.58206953
946560.0,129016516.98363191,97331241.15739924
946620.0,129122865.20340681,97333256.21882068
946680.0,129221287.22795434,97335277.26274318
946740.0,129311694.4298566,97337303.78008693
946800.0,129394062.94410904,97339335.26038882
946860.0,129468339.67043534,97341371.18995032
946920.0,129534459.43301839,97343411.05107331
946980.0,129592370.29032244,97345454.32289992
947040.0,129642057.85216199,97347500.48379254
947100.0,129683487.55500191,97349549.01005615
947160.0,129716603.6424554,97351599.3745964
947220.0,129741390.91981663,97353651.04949
947280.0,129757844.46507303,97355703.50663567
947340.0,129765948.26227418,97357756.21705149
947400.0,129765655.96597235,97359808.64895453
947460.0,129756989.16553661,97361860.27206367
947520.0,129739952.38604361,97363910.55651872
947580.0,129714545.67178401,97365958.97259642
947640.0,129680739.51520734,97368004.98883946
947700.0,129638584.85995086,97370048.07715039
947760.0,129588098.12896197,97372087.71060517
947820.0,129529288.76232122,97374123.3630108
947880.0,129462164.00033896,97376154.50876577
947940.0,129386784.20009997,97378180.62622203
948000.0,129303184.28782283,97380201.19607402
948060.0,129211383.05763479,97382215.70033714
948120.0,129111424.49087976,97384223.62394114
948180.0,129003378.30435632,97386224.4563578
948240.0,128887297.88593689,97388217.69056621
948300.0,128763211.32931882,97390202.82145129
948360.0,128631199.32803765,97392179.34913108
948420.0,128491340.89007892,97394146.77884836
948480.0,128343707.8041792,97396104.62051241
948540.0,128188337.39049147,97398052.38651721
948600.0,128025346.99822982,97399989.59680258
948660.0,127854824.83597688,97401915.77700871
948720.0,127676854.5347358,97403830.45818488
948780.0,127491501.95242034,97405733.1756638
948840.0,127298901.5888095,97407623.47340082
948900.0,127099157.20037453,97409500.90202723
948960.0,126892361.45301844,97411365.01814705
949020.0,126678616.6439239,97413215.3849439
949080.0,126458066.23886004,97415051.57478169
949140.0,126230832.05210216,97416873.1678329
949200.0,125997015.5992296,97418679.75079317
949260.0,125756755.43225315,97420470.91922003
949320.0,125510203.76163836,97422246.27839349
949380.0,125257500.226259,97424005.44251837
949440.0,124998754.93270467,97425748.03285523
949500.0,124734142.42202264,97427473.68178977
949560.0,124463823.34372596,97429182.03195165
949620.0,124187953.52869646,97430872.73590672
949680.0,123906655.23777188,97432545.45403294
949740.0,123620134.70732267,97434199.85982315
949800.0,123328561.91412602,97435835.63759032
949860.0,123032100.57865126,97437452.48206894
949920.0,122730908.1913212,97439050.09801824
949980.0,122425198.60886072,97440628.20377904
950040.0,122115158.42293918,97442186.52954759
950100.0,121800958.63182822,97443724.81638701
950160.0,121482791.31504409,97445242.81755516
950220.0,121160877.24532105,97446740.30031247
950280.0,120835418.87795307,97448217.04476112
950340.0,120506593.67472361,97449672.84226285
950400.0,120174627.45434937,97451107.49848837
950460.0,119839746.97610025,97452520.83347212
950520.0,119502169.57084082,97453912.68101266
950580.0,119162078.09716058,97455282.88649245
950640.0,118819731.00474586,97456631.31164506
950700.0,118475359.83184026,97457957.83285177
950760.0,118129190.20059046,97459262.34076339
950820.0,117781424.90981571,97460544.73885572
950880.0,117432337.70125376,97461804.94790182
950940.0,117082168.65472583,97463042.90384267
951000.0,116731146.17273606,97464258.55704576
951060.0,116379502.90672748,97465451.87256841
951120.0,116027514.44527979,97466622.83286193
951180.0,115675431.35524002,97467771.43618764
951240.0,115323482.76934221,97468897.69525999
951300.0,114971929.07368334,97470001.63921322
951360.0,114621045.43460369,97471083.31452827
951420.0,114271090.52954926,97472142.78398749
951480.0,113922291.70386408,97473180.12469375
951540.0,113574934.49150217,97474195.43173496
951600.0,113229290.87522681,97475188.8173241
951660.0,112885624.6444228,97476160.41027707
951720.0,112544158.69150862,97477110.35342933
951780.0,112205200.23301816,97478038.80894718
951840.0,111869014.89707801,97478945.9557001
951900.0,111535859.07066597,97479831.98867299
951960.0,111205974.9269702,97480697.1180653
952020.0,110879660.4210833,97481541.57280172
952080.0,110557180.08730955,97482365.59842023
952140.0,110238778.92904273,97483169.455836
952200.0,109924714.35488477,97483953.42211823
952260.0,109615270.81749852,97484717.79218914
952320.0,109310707.406706,97485462.8772203
952380.0,109011253.2384469,97486189.00273919
952440.0,108717176.41110682,97486896.5110804
952500.0,108428743.13906936,97487585.7612617
952560.0,108146202.24487637,97488257.12788324
952620.0,107869762.0014197,97488910.99856871
952680.0,107599696.23182943,97489547.77808964
952740.0,107336247.77776341,97490167.88640879
952800.0,107079645.84702487,97490771.7578169
952860.0,106830085.0708558,97491359.8387509
952920.0,106587827.26241659,97491932.59202026
952980.0,106353090.6708935,97492490.49405883
953040.0,106126074.36740771,97493034.03371342
953100.0,105906969.32419442,97493563.71172981
953160.0,105696004.58589396,97494080.04314579
953220.0,105493373.52605286,97494583.55504124
953280.0,105299239.68705083,97495074.7846568
953340.0,105113785.12228371,97495554.2805557
953400.0,104937200.82166043,97496022.60318257
953460.0,104769650.10577202,97496480.32311855
953520.0,104611255.88170846,97496928.01853502
953580.0,104462186.37619215,97497366.27804284
953640.0,104322589.66408435,97497795.6994211
953700.0,104192594.33409142,97498216.88838837
953760.0,104072278.12606645,97498630.4554013
953820.0,103961791.1713878,97499037.02020699
953880.0,103861234.487331,97499437.20875064
953940.0,103770689.78045298,97499831.65195912
954000.0,103690210.72864203,97500220.98397653
954060.0,103619901.24001536,97500605.84532212
954120.0,103559820.38209987,97500986.88006848
954180.0,103509999.03252327,97501364.73406789
954240.0,103470467.56648833,97501740.05492002
954300.0,103441278.15318471,97502113.49334179
954360.0,103422447.08031034,97502485.70091043
954420.0,103413952.79429284,97502857.32768439
954480.0,103415801.15935801,97503229.02392726
954540.0,103427991.67471932,97503601.4397077
954600.0,103450497.28832008,97503975.22323054
954660.0,103483243.79332471,97504351.01787387
954720.0,103526212.7152553,97504729.46569297
954780.0,103579351.3545993,97505111.20526998
954840.0,103642587.16646285,97505496.87046799
954900.0,103715803.4434591,97505887.08765763
954960.0,103798949.94035555,97506282.47989516
955020.0,103891926.59022899,97506683.66379352
955080.0,103994611.14052099,97507091.24813056
955140.0,104106866.04689254,97507505.83289082
955200.0,104228592.92363682,97507928.01172818
955260.0,104359653.80024563,97508358.36948138
955320.0,104499880.06737275,97508797.4802525
955380.0,104649116.98250201,97509245.9082813
955440.0,104807221.87080735,97509704.20870598
955500.0,104974022.95168875,97510172.92573848
955560.0,105149309.5596409,97510652.59022637
955620.0,105332914.26691124,97511143.72237156
955680.0,105524654.77645081,97511646.83080038
955740.0,105724330.33173224,97512162.41140814
955800.0,105931693.18112406,97512690.94441316
955860.0,106146568.31610762,97513232.89892773
955920.0,106368739.00915278,97513788.73034313
955980.0,106597973.72300595,97514358.87940437
956040.0,106834014.22902174,97514943.77053964
956100.0,107076662.08280565,97515543.8156173
956160.0,107325678.6419248,97516159.41142717
956220.0,107580804.72509252,97516790.9383967
956280.0,107841784.00858591,97517438.76077531
956340.0,108108393.12109262,97518103.22870682
956400.0,108380379.22131066,97518784.67638516
956460.0,108657460.84448022,97519483.42026372
956520.0,108939388.89469406,97520199.76109138
956580.0,109225920.31731918,97520933.98429632
956640.0,109516793.2436757,97521686.35881084
956700.0,109811709.00190774,97522457.13476838
956760.0,110110430.72801171,97523246.54738554
956820.0,110412700.56646246,97524054.81565036
956880.0,110718250.61417848,97524882.14169742
956940.0,111026774.99376093,97525728.70843214
957000.0,111338048.27846795,97526594.68458073
957060.0,111651804.00144587,97527480.22212175
957120.0,111967764.87382011,97528385.45561294
957180.0,112285644.84498453,97529310.50164752
957240.0,112605211.06471598,97530255.4621943
957300.0,112926199.95279938,97531220.42267631
957360.0,113248328.55642568,97532205.45076191
957420.0,113571334.27101594,97533210.59764543
957480.0,113894980.27285601,97534235.89966795
957540.0,114219009.18759641,97535281.37703419
957600.0,114543135.56151402,97536347.03205827
957660.0,114867123.31163625,97537432.8522625
957720.0,115190734.54009958,97538538.81026825
957780.0,115513720.85721327,97539664.86314346
957840.0,115835796.93480414,97540810.95009358
957900.0,116156755.77199437,97541976.99737337
957960.0,116476360.7790444,97543162.91643775
958020.0,116794368.92136957,97544368.6035427
958080.0,117110514.84988797,97545593.93835273
958140.0,117424605.01756263,97546838.78844222
958200.0,117736411.96488197,97548103.00717588
958260.0,118045696.27549115,97549386.43296438
958320.0,118352224.9714327,97550688.88967228
958380.0,118655808.94290783,97552010.18936884
958440.0,118956234.93319206,97553350.13082018
958500.0,119253268.55667607,97554708.4981708
958560.0,119546710.6062109,97556085.06315002
958620.0,119836377.65516442,97557479.58606371
958680.0,120122071.83650436,97558891.81489399
958740.0,120403564.87661546,97560321.48340027
958800.0,120680692.43049923,97561768.31512411
958860.0,120953277.69761404,97563232.02261317
958920.0,121221138.53046782,97564712.30708994
958980.0,121484055.29081734,97566208.85610977
959040.0,121741897.61845535,97567721.34915045
959100.0,121994496.60634188,97569249.45520344
959160.0,122241677.54811399,97570792.83241431
959220.0,122483256.87427612,97572351.1275317
959280.0,122719111.99753259,97573923.97972524
959340.0,122949091.35112031,97575511.0187753
959400.0,123173028.12552088,97577111.86412281
959460.0,123390775.3254186,97578726.1261115
959520.0,123602218.51697674,97580353.4080269
959580.0,123807223.84831159,97581993.3048843
959640.0,124005632.71910089,97583645.40188405
959700.0,124197335.08036113,97585309.27745008
959760.0,124382224.90550831,97586984.50348334
959820.0,124560186.31485417,97588670.64474803
959880.0,124731069.12123545,97590367.25672932
959940.0,124894800.49151479,97592073.8904711
960000.0,125051282.9652532,97593790.09103829
960060.0,125200414.05990636,97595515.3972047
960120.0,125342066.35910581,97597249.33989698
960180.0,125476190.20377007,97598991.44705588
960240.0,125602701.53395791,97600741.2414877
960300.0,125721506.5165898,97602498.24025528
960360.0,125832515.13208073,97604261.95491801
960420.0,125935686.47013897,97606031.8946016
960480.0,126030954.7656191,97607807.5644461
960540.0,126118234.86864363,97609588.46439642
960600.0,126197474.26232661,97611374.091242
960660.0,126268640.79788435,97613163.93989022
960720.0,126331687.03967434,97614957.50241205
960780.0,126386536.52599072,97616754.26623043
960840.0,126433174.3152129,97618553.71796322
960900.0,126471577.00893958,97620355.34289552
960960.0,126501715.51239018,97622158.6246244
961020.0,126523522.03903139,97623963.04264365
961080.0,126537019.27033944,97625768.07799311
961140.0,126542192.5326132,97627573.21092618
961200.0,126539022.09889121,97629377.92059459
961260.0,126527475.74109392,97631181.68426855
961320.0,126507586.88575304,97632983.98143503
961380.0,126479358.51863347,97634784.29189733
961440.0,126442779.58002716,97636582.09489833
961500.0,126397855.42818904,97638376.87014534
961560.0,126344628.1899822,97640168.10010414
961620.0,126283119.15693717,97641955.2686982
961680.0,126213325.89808919,97643737.85982807
961740.0,126135291.36957748,97645515.360203
961800.0,126049066.35043241,97647287.25982809
961860.0,125954690.4085747,97649053.05130391
961920.0,125852169.69746871,97650812.2277414
961980.0,125741584.7669761,97652564.28740206
962040.0,125622994.9932894,97654308.7323756
962100.0,125496454.64189132,97656045.06826021
962160.0,125361989.01256007,97657772.802355
962220.0,125219705.61011913,97659491.44878562
962280.0,125069675.87986657,97661200.52625358
962340.0,124911962.58987752,97662899.55749391
962400.0,124746628.5318995,97664588.06927535
962460.0,124573789.70225495,97666265.59571591
962520.0,124393535.6676809,97667931.676633
962580.0,124205937.6078774,97669585.85639559
962640.0,124011095.74029385,97671227.68573266
962700.0,123809134.44136778,97672856.7232369
962760.0,123600161.29185334,97674472.5343156
962820.0,123384255.75699344,97676074.68943635
962880.0,123161555.36925484,97677662.76774392
962940.0,122932192.73206973,97679236.35675035
963000.0,122696293.28440969,97680795.05188604
963060.0,122453944.59889278,97682338.45413804
963120.0,122205321.35207443,97683866.17547482
963180.0,121950564.16037948,97685377.836721
963240.0,121689808.33001982,97686873.06722389
963300.0,121423172.59005478,97688351.50381827
963360.0,121150845.20812279,97689812.79515511
963420.0,120872982.28135255,97691256.59969431
963480.0,120589726.73190807,97692682.58488129
963540.0,120301233.89411011,97694090.42791691
963600.0,120007699.4653438,97695479.81826794
963660.0,119709296.54236424,97696850.45625587
963720.0,119406175.21279134,97698202.05162111
963780.0,119098526.95394166,97699534.32609676
963840.0,118786554.36772601,97700847.01409735
963900.0,118470446.99114652,97702139.86190172
963960.0,118150361.46257229,97703412.62560149
964020.0,117826524.76942775,97704665.07547663
964080.0,117499145.70840688,97705896.99485882
964140.0,117168427.2045032,97707108.17976202
964200.0,116834538.51410434,97708298.43678345
964260.0,116497734.39422038,97709467.58842039
964320.0,116158231.18991242,97710615.47067533
964380.0,115816236.78886311,97711741.93252553
964440.0,115471954.25158557,97712846.83561866
964500.0,115125642.71507838,97713930.05775735
964560.0,114777532.26348434,97714991.4910869
964620.0,114427834.42873643,97716031.04093684
964680.0,114076784.71222146,97717048.62730774
964740.0,113724645.14415975,97718044.18651646
964800.0,113371657.97798234,97719017.6699612
964860.0,113018036.70390606,97719969.04232821
964920.0,112664047.52882545,97720898.28486562
964980.0,112309953.49138968,97721805.39518127
965040.0,111956007.03389037,97722690.38657884
965100.0,111602421.48827861,97723553.28562154
965160.0,111249491.59835242,97724394.13718891
965220.0,110897479.06605777,97725213.0024173
965280.0,110546637.51530834,97726009.95819259
965340.0,110197197.18022478,97726785.09569162
965400.0,109849459.01621449,97727538.52477308
965460.0,109503687.0832977,97728270.37167871
965520.0,109160129.98750661,97728980.77806796
965580.0,108819041.39432208,97729669.90132752
965640.0,108480715.60378605,97730337.91709132
965700.0,108145418.8417396,97730985.01749049
965760.0,107813391.13371137,97731611.40952057
965820.0,107484905.95336203,97732217.31711477
965880.0,107160247.10568115,97732802.98178047
965940.0,106839679.02348553,97733368.6613905
966000.0,106523429.01957887,97733914.62787236
966060.0,106211786.1984088,97734441.17104177
966120.0,105905019.46976064,97734948.59734277
966180.0,105603385.916723,97735437.22910824
966240.0,105307098.62160307,97735907.40182263
966300.0,105016454.47645868,97736359.46932183
966360.0,104731703.6407701,97736793.80088595
966420.0,104453082.07720774,97737210.78035302
966480.0,104180809.86463462,97737610.80512854
966540.0,103915160.21629816,97737994.28947961
966600.0,103656368.02319615,97738361.66215086
966660.0,103404642.74859577,97738713.36478177
966720.0,103160206.129056,97739049.85266435
966780.0,102923302.20833719,97739371.59612341
966840.0,102694145.11308305,97739679.07865517
966900.0,102472912.25264142,97739972.79464488
966960.0,102259821.5640123,97740253.25187802
967020.0,102055082.36617713,97740520.97100157
967080.0,101858882.52456711,97740776.4841889
967140.0,101671361.90524784,97741020.33215845
967200.0,101492729.31843124,97741253.06844792
967260.0,101323154.0032707,97741475.25695576
967320.0,101162786.97082047,97741687.47080727
967380.0,101011741.51230738,97741890.29001221
967440.0,100870196.29407068,97742084.3055173
967500.0,100738280.98910762,97742270.11616434
967560.0,100616100.5499789,97742448.3271549
967620.0,100503750.8765965,97742619.54948698
967680.0,100401362.63672593,97742784.40210895
967740.0,100309026.44305673,97742943.5094337
967800.0,100226797.39031518,97743097.49913494
967860.0,100154750.54101136,97743247.00338401
967920.0,100092965.30031727,97743392.65911776
967980.0,100041490.28490897,97743535.1061286
968040.0,100000328.08112912,97743674.98421061
968100.0,99969530.6601182,97743812.93622027
968160.0,99949124.15743262,97743949.60647444
968220.0,99939113.55842581,97744085.63943918
968280.0,99939447.63769186,97744221.6762466
968340.0,99950154.38764378,97744358.3596044
968400.0,99971206.07778762,97744496.33034283
968460.0,100002554.11489326,97744636.2261228
968520.0,100044122.82729724,97744778.67975935
968580.0,100095887.56213193,97744924.32238355
968640.0,100157777.32463458,97745073.7805725
968700.0,100229690.94405903,97745227.67448166
968760.0,100311530.60283384,97745386.61805458
968820.0,100403220.2442965,97745551.22037244
968880.0,100504648.10261433,97745722.08344416
968940.0,100615663.01258409,97745899.79976895
969000.0,100736147.94640099,97746084.95445295
969060.0,100865978.62964948,97746278.12476285
969120.0,101005006.01436873,97746479.87859455
969180.0,101153032.69036673,97746690.77148205
969240.0,101309926.4497062,97746911.35063757
969300.0,101475519.02941948,97747142.1527223
969360.0,101649624.43501288,97747383.70275214
969420.0,101832016.03344464,97747636.51158611
969480.0,102022538.91603678,97747901.08036967
969540.0,102220989.93906392,97748177.89755258
969600.0,102427145.42527135,97748467.43762235
969660.0,102640772.37797654,97748770.16053185
969720.0,102861680.94541001,97749086.51437326
969780.0,103089644.40265779,97749416.93310048
969840.0,103324406.88296153,97749761.83473065
969900.0,103565734.587061,97750121.62271409
969960.0,103813408.28539655,97750496.68684019
970020.0,104067183.25634396,97750887.40166481
970080.0,104326777.01399846,97751294.12417917
970140.0,104591960.52966271,97751717.19712156
970200.0,104862490.71132432,97752156.94811192
970260.0,105138110.31414299,97752613.6887814
970320.0,105418515.6333736,97753087.71190435
970380.0,105703487.76694159,97753579.29664776
970440.0,105992765.0056251,97754088.70592864
970500.0,106286074.24846952,97754616.18571489
970560.0,106583121.08613233,97755161.96371318
970620.0,106883676.2366133,97755726.25340058
970680.0,107187472.67976576,97756309.25169618
970740.0,107494224.62545805,97756911.13780619
970800.0,107803656.10912448,97757532.07383657
970860.0,108115527.33752514,97758172.20703374
970920.0,108429571.79665214,97758831.66813803
970980.0,108745495.14604394,97759510.56966914
971040.0,109063043.90674077,97760209.00845665
971100.0,109381971.63261732,97760927.0660794
971160.0,109702016.03941569,97761664.80789165
971220.0,110022877.79248258,97762422.28073929
971280.0,110344329.3682011,97763199.51740147
971340.0,110666120.94243012,97763996.53521758
971400.0,110987994.7600021,97764813.33560206
971460.0,111309658.01329568,97765649.90188442
971520.0,111630903.50508279,97766506.20460202
971580.0,111951483.59292202,97767382.19900629
971640.0,112271140.43284073,97768277.82443754
971700.0,112589611.82897481,97769193.00406116
971760.0,112906691.65877724,97770127.64833474
971820.0,113222143.87185445,97771081.65316425
971880.0,113535712.60576986,97772054.89868546
971940.0,113847168.3079063,97773047.25089295
972000.0,114156307.7804334,97774058.56327131
972060.0,114462908.32770121,97775088.6755955
972120.0,114766717.69568852,97776137.41211076
972180.0,115067540.5913691,97777204.58505276
972240.0,115365178.1793972,97778289.9944328
972300.0,115659422.48999687,97779393.4274779
972360.0,115950026.1259089,97780514.65620174
972420.0,116236829.31782192,97781653.44281624
972480.0,116519638.68297529,97782809.53766078
972540.0,116798254.74746853,97783982.67882988
972600.0,117072457.72415586,97785172.59092398
972660.0,117342102.52007331,97786378.9896612
972720.0,117607009.28246419,97787601.57973601
972780.0,117866984.93086322,97788840.05400674
972840.0,118121846.59943439,97790094.09412919
972900.0,118371455.9743259,97791363.37330773
972960.0,118615650.18496533,97792647.55478354
973020.0,118854243.06868051,97793946.29040134
973080.0,119087089.26668745,97795259.22312894
973140.0,119314057.68174286,97796585.98793927
973200.0,119535002.85645601,97797926.21092747
973260.0,119749745.90233585,97799279.5072527
973320.0,119958179.3982998,97800645.48554704
973380.0,120160179.75244813,97802023.74692081
973440.0,120355617.64549005,97803413.8846118
973500.0,120544326.39806797,97804815.48168506
973560.0,120726232.1318894,97806228.11675532
973620.0,120901220.50605495,97807651.36149491
973680.0,121069169.88707067,97809084.7801864
973740.0,121229951.86786611,97810527.92930758
973800.0,121383500.4052568,97811980.36137635
973860.0,121529719.14765958,97813441.62308457
973920.0,121668494.22772962,97814911.25422087
973980.0,121799735.68289706,97816388.78914532
974040.0,121923385.35391773,97817873.75875016
974100.0,122039364.95180209,97819365.68922094
974160.0,122147568.40457599,97820864.10032684
974220.0,122247944.3144965,97822368.50878987
974280.0,122340442.41198285,97823878.42835528
974340.0,122425002.50388893,97825393.36918141
974400.0,122501526.30953869,97826912.83549549
974460.0,122570001.07890916,97828436.33086175
974520.0,122630384.41050957,97829963.35635611
974580.0,122682628.1615051,97831493.41021347
974640.0,122726659.97661352,97833025.98633797
974700.0,122762487.65170917,97834560.57923828
974760.0,122790082.66896625,97836096.68179213
974820.0,122809404.684918,97837633.78451897
974880.0,122820419.9620229,97839171.3759873
974940.0,122823144.15273753,97840708.9458548
975000.0,122817566.82069865,97842245.98326246
975060.0,122803655.37921992,97843781.97547193
975120.0,122781414.74504042,97845316.41017348
975180.0,122750868.37584674,97846848.77662678
975240.0,122712023.89511539,97848378.56468624
975300.0,122664856.42916723,97849905.26280156
975360.0,122609409.57415466,97851428.36223017
975420.0,122545714.54135719,97852947.35627453
975480.0,122473796.7364351,97854461.73992443
975540.0,122393639.71300091,97855971.00728239
975600.0,122305325.00338438,97857474.65758966
975660.0,122208891.77356477,97858972.19261923
975720.0,122104373.10344566,97860463.11630087
975780.0,121991791.16667518,97861946.93404977
975840.0,121871235.19719717,97863423.15688935
975900.0,121742762.34110759,97864891.29947676
975960.0,121606413.30007635,97866350.87909071
976020.0,121462248.86886168,97867801.41686594
976080.0,121310365.9196578,97869242.4400097
976140.0,121150839.53447801,97870673.48046052
976200.0,120983717.97466739,97872094.07323828
976260.0,120809100.63647904,97873503.75958598
976320.0,120627091.95403904,97874902.08727738
976380.0,120437784.88235046,97876288.60990965
976440.0,120241235.16122305,97877662.8846148
976500.0,120037580.73954253,97879024.47710972
976560.0,119826933.51305425,97880372.960093
976620.0,119609399.45268303,97881707.91287868
976680.0,119385055.95475194,97883028.91963884
976740.0,119154065.13898474,97884335.57460655
976800.0,118916550.9871528,97885627.47973017
976860.0,118672626.74017242,97886904.24401127
976920.0,118422408.10768676,97888165.48365405
976980.0,118166064.41212319,97889410.82535574
977040.0,117903737.12946656,97890639.90459327
977100.0,117635546.55369206,97891852.36431997
977160.0,117361646.50532335,97893047.85702172
977220.0,117082213.2489282,97894226.04609226
977280.0,116797405.48267376,97895386.60475118
977340.0,116507350.24361962,97896529.21409729
977400.0,116212239.16017316,97897653.56707126
977460.0,115912255.07137838,97898759.36791249
977520.0,115607573.50913951,97899846.33170706
977580.0,115298327.81677182,97900914.18179514
977640.0,114984746.99477609,97901962.65563905
977700.0,114667019.94462228,97902991.50235823
977760.0,114345329.18574777,97904000.48233388
977820.0,114019841.67286816,97904989.36625059
977880.0,113690795.26057872,97905957.93944328
977940.0,113358393.51479581,97906905.99978903
978000.0,113022824.09354784,97907833.3567273
978060.0,112684290.05944443,97908739.83220136
978120.0,112343033.97565234,97909625.26307754
978180.0,111999274.2354409,97910489.49965806
978240.0,111653202.62028302,97911332.40404476
978300.0,111305057.26300246,97912153.85297816
978360.0,110955084.2768358,97912953.73832244
978420.0,110603515.65671563,97913731.96619503
978480.0,110250545.9744944,97914488.45466746
978540.0,109896447.07337612,97915223.13849962
978600.0,109541467.10926272,97915935.96768239
978660.0,109185846.64478251,97916626.90696736
978720.0,108829791.66310741,97917295.9337425
978780.0,108473595.63340443,97917943.04339121
978840.0,108117510.27629496,97918568.2467278
978900.0,107761775.70008777,97919171.56928086
978960.0,107406628.14519846,97919753.05105188
979020.0,107052359.4938554,97920312.74992071
979080.0,106699229.62907083,97920850.73967922
979140.0,106347475.66349153,97921367.10863099
979200.0,105997361.50183474,97921861.96122861
979260.0,105649174.63778707,97922335.41951403
979320.0,105303180.19746579,97922787.6217428
979380.0,104959609.20180562,97923218.72028963
979440.0,104618750.07611005,97923628.88516073
979500.0,104280882.54776204,97924018.30345553
979560.0,103946273.48701969,97924387.17857395
979620.0,103615144.13589734,97924735.72741681
979680.0,103287803.71492235,97925064.1857698
979740.0,102964520.2078267,97925372.80577236
979800.0,102645550.08645524,97925661.8552078
979860.0,102331124.67483819,97925931.6159585
979920.0,102021545.53780171,97926182.38830248
979980.0,101717072.40012486,97926414.48834604
980040.0,101417944.16931705,97926628.24674454
980100.0,101124404.90830114,97926824.00901338
980160.0,100836736.18479943,97927002.13781945
980220.0,100555186.87717786,97927163.01097481
980280.0,100279973.12432961,97927307.01942831
980340.0,100011346.54298659,97927434.56943281
980400.0,99749563.30295895,97927546.0828192
980460.0,99494855.98832068,97927641.99554825
980520.0,99247412.40412304,97927722.75496623
980580.0,99007486.22420415,97927788.82383175
980640.0,98775302.54898608,97927840.67856285
980700.0,98551069.87731275,97927878.80821711
980760.0,98334948.34052302,97927903.71152876
980820.0,98127181.69119594,97927915.90202118
980880.0,97927960.38003354,97927915.90474188
980940.0,97737454.69663362,97927904.2550258
981000.0,97555816.95945501,97927881.49739304
981060.0,97383250.0985633,97927848.18864135
981120.0,97219912.95159344,97927804.89514594
981180.0,97065932.25710493,97927752.19089362
981240.0,96921447.43721247,97927690.65825611
981300.0,96786615.53945328,97927620.88906513
981360.0,96661558.94631737,97927543.48249
981420.0,96546356.16117245,97927459.04235297
981480.0,96441129.3555844,97927368.17979723
981540.0,96345985.45184855,97927271.51235253
981600.0,96261006.42982744,97927169.66240862
981660.0,96186218.85037611,97927063.25382648
981720.0,96121724.3165459,97926952.91652438
981780.0,96067576.50215542,97926839.28354666
981840.0,96023807.4210894,97926722.98973937
981900.0,95990409.63068913,97926604.66933857
981960.0,95967441.74212408,97926484.9600066
982020.0,95954909.21370739,97926364.49958342
982080.0,95952788.81455192,97926243.92433384
982140.0,95961049.8208563,97926123.86849026
982200.0,95979695.54397519,97926004.96633239
982260.0,96008686.87191641,97925887.84959581
982320.0,96047945.45009066,97925773.14507593
982380.0,96097417.85228868,97925661.47615193
982440.0,96157052.96049392,97925553.46292877
982500.0,96226768.36966325,97925449.72032768
982560.0,96306432.23044007,97925350.85506815
982620.0,96395970.46189372,97925257.46919815
982680.0,96495279.84613964,97925170.15831628
982740.0,96604236.61380716,97925089.51031919
982800.0,96722660.72722015,97925016.10196857
982860.0,96850458.51662593,97924950.50416714
982920.0,96987479.03778102,97924893.27846415
982980.0,97133551.08951847,97924844.97582185
983040.0,97288480.528387,97924806.13521837
983100.0,97452128.60658035,97924777.2870323
983160.0,97624311.2459864,97924758.95027892
983220.0,97804814.63799173,97924751.63079931
983280.0,97993435.58129081,97924755.82191174
983340.0,98189995.41371013,97924772.0059127
983400.0,98394282.24577484,97924800.65205303
983460.0,98606045.09371567,97924842.21415673
983520.0,98825077.26486456,97924897.13332771
983580.0,99051165.79224628,97924965.83757092
983640.0,99284076.65839225,97925048.74051228
983700.0,99523527.41736777,97925146.23844928
983760.0,99769313.653732,97925258.71511523
983820.0,100021193.83564803,97925386.53941971
983880.0,100278912.10269333,97925530.06457908
983940.0,100542176.60577452,97925689.6259268
984000.0,100810774.53558297,97925865.54573835
984060.0,101084446.8470856,97926058.13041621
984120.0,101362916.05329147,97926267.66937017
984180.0,101645902.30324654,97926494.43487854
984240.0,101933173.81951305,97926738.68502392
984300.0,102224464.60778397,97927000.6616117
984360.0,102519480.67989112,97927280.58846885
984420.0,102817959.23004492,97927578.67334978
984480.0,103119654.39350623,97927895.10897389
984540.0,103424297.98362704,97928230.07166964
984600.0,103731584.10691549,97928583.71908191
984660.0,104041271.51019616,97928956.1941164
984720.0,104353104.55318078,97929347.62406759
984780.0,104666817.03251705,97929758.11997989
984840.0,104982095.14675982,97930187.7737527
984900.0,105298723.11084786,97930636.66411744
984960.0,105616439.20901552,97931104.85384361
985020.0,105934972.60103516,97931592.38918792
985080.0,106254035.51523407,97932099.2988679
985140.0,106573410.39613476,97932625.59834394
985200.0,106892842.7289488,97933171.28757235
985260.0,107212059.34811237,97933736.34987432
985320.0,107530803.26604208,97934320.7529261
985380.0,107848855.93790787,97934924.45110457
985440.0,108165973.22286019,97935547.38393286
985500.0,108481882.00756158,97936189.4743209
985560.0,108796358.42860606,97936850.63156882
985620.0,109109185.08174655,97937530.75176424
985680.0,109420130.23256773,97938229.71691404
985740.0,109728922.69565125,97938947.39254728
985800.0,110035373.60159926,97939683.63273042
985860.0,110339268.34735855,97940438.27850455
985920.0,110640385.08707646,97941211.15744859
985980.0,110938468.31587876,97942002.08163519
986040.0,111233353.31443352,97942810.85315964
986100.0,111524833.64497106,97943637.26160453
986160.0,111812691.75407791,97944481.08336729
986220.0,112096709.30740806,97945342.0816166
986280.0,112376726.45387912,97946220.00985436
986340.0,112652552.65378626,97947114.61005169
986400.0,112923975.49996087,97948025.61132237
986460.0,113190814.73791516,97948952.73188236
986520.0,113452916.11169572,97949895.68063432
986580.0,113710105.68320659,97950854.15597354
986640.0,113962176.79302277,97951827.84380114
986700.0,114208987.94552815,97952816.4214905
986760.0,114450390.98076238,97953819.55748463
986820.0,114686229.05657691,97954836.91077088
986880.0,114916301.66541371,97955868.12822922
986940.0,115140506.56860228,97956912.85060991
987000.0,115358702.02794951,97957970.71013437
987060.0,115570739.70491293,97959041.33009636
987120.0,115776452.27344102,97960124.32371072
987180.0,115975750.33449975,97961219.29885268
987240.0,116168507.69074604,97962325.85582313
987300.0,116354582.6177426,97963443.58640726
987360.0,116533847.4167639,97964572.07472947
987420.0,116706219.47816853,97965710.89999552
987480.0,116871590.34397706,97966859.63492346
987540.0,117029824.98294601,97968017.84413108
987600.0,117180835.51849845,97969185.08700316
987660.0,117324546.17349565,97970360.91842812
987720.0,117460866.30306016,97971544.88789627
987780.0,117589667.58779448,97972736.53721291
987840.0,117710902.10820816,97973935.40538414
987900.0,117824500.91183956,97975141.02734019
987960.0,117930388.45157333,97976352.93353625
988020.0,118028451.32657816,97977570.64765497
988080.0,118118673.43966222,97978793.69251724
988140.0,118200995.36571614,97980021.58745155
988200.0,118275348.29953405,97981253.84772551
988260.0,118341658.77486624,97982489.98426409
988320.0,118399917.52051274,97983729.50754823
988380.0,118450082.93467993,97984971.92565222
988440.0,118492092.8971215,97986216.74299903
988500.0,118525913.93329346,97987463.46210012
988560.0,118551543.53009142,97988711.58543515
988620.0,118568957.88214268,97989960.61415984
988680.0,118578101.49298185,97991210.04618308
988740.0,118578980.92323667,97992459.37993373
988800.0,118571600.34849872,97993708.11421579
988860.0,118555953.72959441,97994955.7475885
988920.0,118531992.13479567,97996201.77576391
988980.0,118499762.1942957,97997445.69740552
989040.0,118459274.7067486,97998687.01195353
989100.0,118410533.74953412,97999925.21921694
989160.0,118353519.76279084,98001159.81793971
989220.0,118288296.61354406,98002390.31086114
989280.0,118214889.28435479,98003616.20235638
989340.0,118133308.38231012,98004836.99756409
989400.0,118043574.35173686,98006052.20298278
989460.0,117945757.63901632,98007261.32950248
989520.0,117839900.91724537,98008463.89071928
989580.0,117726021.27426496,98009659.40138341
989640.0,117604179.18676281,98010847.3800293
989700.0,117474451.62447758,98012027.34997441
989760.0,117336898.92485125,98013198.83830945
989820.0,117191544.60949415,98014361.37366563
989880.0,117038489.20508935,98015514.49088176
989940.0,116877816.14866894,98016657.72996642
990000.0,116709602.08500534,98017790.63568489
990060.0,116533880.89318918,98018912.754966
990120.0,116350789.176133,98020023.6431263
990180.0,116160418.09933129,98021122.8611143
990240.0,115962850.67817964,98022209.97501498
990300.0,115758160.75579143,98023284.55549246
990360.0,115546491.3157503,98024346.18197739
990420.0,115327951.05967732,98025394.44058754
990480.0,115102629.2848819,98026428.92295028
990540.0,114870639.75585502,98027449.22768302
990600.0,114632131.72592585,98028454.96254058
990660.0,114387231.33191824,98029445.74301235
990720.0,114136034.02393466,98030421.19046155
990780.0,113878693.39501898,98031380.9356444
990840.0,113615364.80848043,98032324.61881462
990900.0,113346191.67858718,98033251.88899687
990960.0,113071275.41649823,98034162.40144101
991020.0,112790809.28059213,98035055.82318097
991080.0,112504954.51063442,98035931.8310928
991140.0,112213865.33097218,98036790.11146691
991200.0,111917667.51317394,98037630.358283
991260.0,111616575.03912108,98038452.27854696
991320.0,111310760.91353606,98039255.5898068
991380.0,111000384.77979785,98040040.01934077
991440.0,110685611.4707457,98040805.30446854
991500.0,110366660.19232713,98041551.19583847
991560.0,110043720.26758552,98042277.4556153
991620.0,109716956.23079188,98042983.85597683
991680.0,109386571.45616093,98043670.18146087
991740.0,109052789.75456704,98044336.23019785
991800.0,108715816.1119412,98044981.81276782
991860.0,108375819.21953698,98045606.75000131
991920.0,108033040.26263133,98046210.87736113
991980.0,107687706.80658357,98046794.04411425
992040.0,107340038.6008173,98047356.11285482
992100.0,106990207.49615137,98047896.95660344
992160.0,106638491.4920429,98048416.46522313
992220.0,106285120.76466078,98048914.54252248
992280.0,105930317.44206154,98049391.10576469
992340.0,105574288.74508883,98049846.08476217
992400.0,105217314.62318435,98050279.42626993
992460.0,104859637.53643444,98050691.091714
992520.0,104501480.25331663,98051081.05599652
992580.0,104143084.10819027,98051449.30861408
992640.0,103784728.80305927,98051795.8559723
992700.0,103426667.29745902,98052120.71976447
992760.0,103069120.93449959,98052423.93505606
992820.0,102712363.07052942,98052705.55342408
992880.0,102356670.8530378,98052965.64318112
992940.0,102002305.32811314,98053204.28839745
993000.0,101649483.8225786,98053421.5862545
993060.0,101298509.09969562,98053617.652203
993120.0,100949652.8882926,98053792.6180824
993180.0,100603176.51742993,98053946.63148779
993240.0,100259304.59384626,98054079.85354665
993300.0,99918351.61886214,98054192.4643449
993360.0,99580585.25293902,98054284.66009198
993420.0,99246256.93136331,98054356.6521359
993480.0,98915614.4896114,98054408.66674137
993540.0,98588960.60357708,98054440.94839709
993600.0,98266561.33914386,98054453.75759941
993660.0,97948653.96501377,98054447.36910884
993720.0,97635505.2552574,98054422.07372701
993780.0,97327401.4869226,98054378.17946953
993840.0,97024602.44774958,98054316.00996144
993900.0,96727326.35730924,98054235.90192325
993960.0,96435854.05679916,98054138.20894696
994020.0,96150450.27287252,98054023.3005184
994080.0,95871363.28143021,98053891.56101942
994140.0,95598786.84458669,98053743.38643336
994200.0,95333010.51318495,98053579.19012237
994260.0,95074271.84986198,98053399.39968483
994320.0,94822792.08510731,98053204.45596564
994380.0,94578764.38648051,98052994.81135878
994440.0,94342451.68918073,98052770.9340134
994500.0,94114068.3849141,98052533.30490033
994560.0,93893801.1248648,98052282.41613463
994620.0,93681841.55082348,98052018.77127336
994680.0,93478415.21204168,98051742.88735737
994740.0,93283709.09031427,98051455.29258102
994800.0,93097869.39586385,98051156.52382971
994860.0,92921080.60584594,98050847.12898512
994920.0,92753525.16735187,98050527.66679953
994980.0,92595357.09642826,98050198.70517796
995040.0,92446676.6865422,98049860.81793612
995100.0,92307656.07515678,98049514.58913042
995160.0,92178429.44834824,98049160.6107667
995220.0,92059109.52819669,98048799.48150386
995280.0,91949756.20639947,98048431.80346702
995340.0,91850514.66546077,98048058.18738781
995400.0,91761469.99889305,98047679.24897982
995460.0,91682681.50435683,98047295.6073823
995520.0,91614189.64619647,98046907.88402398
995580.0,91556084.79437189,98046516.7056301
995640.0,91508408.14059523,98046122.70125712
995700.0,91471162.89247751,98045726.5000032
995760.0,91444367.90988295,98045328.73195125
995820.0,91428056.80736901,98044930.02905768
995880.0,91422225.36496747,98044531.02287234
995940.0,91426819.55054332,98044132.34153779
996000.0,91441835.97318187,98043734.61284089
996060.0,91467251.12908186,98043338.4630015
996120.0,91503015.47063953,98042944.51510412
996180.0,91549018.18951748,98042553.38540915
996240.0,91605234.5924811,98042165.68854135
996300.0,91671585.3064028,98041782.03419736
996360.0,91747968.60165004,98041403.02580084
996420.0,91834244.52288736,98041029.25820266
996480.0,91930343.95952603,98040661.32194914
996540.0,92036142.95762469,98040299.79998127
996600.0,92151487.56232259,98039945.26583089
996660.0,92276221.64860326,98039598.28349285
996720.0,92410225.97040682,98039259.40964785
996780.0,92553339.21584293,98038929.1911326
996840.0,92705359.53156707,98038608.16250256
996900.0,92866119.26500787,98038296.84809405
996960.0,93035453.84163812,98037995.76221257
997020.0,93213169.63674793,98037705.40738767
997080.0,93399022.1184304,98037426.271313
997140.0,93592837.54375446,98037158.83111037
997200.0,93794411.53703763,98036903.55148979
997260.0,94003521.89503947,98036660.8836806
997320.0,94219892.97353314,98036431.26222047
997380.0,94443345.01100168,98036215.11072849
997440.0,94673641.65830909,98036012.83850445
997500.0,94910528.2802085,98035824.83943327
997560.0,95153733.46351275,98035651.49098049
997620.0,95403048.02392991,98035493.15793984
997680.0,95658219.36341666,98035350.18982615
997740.0,95918966.30200455,98035222.91916119
997800.0,96185027.54056218,98035111.66267419
997860.0,96456170.24101716,98035016.72301804
997920.0,96732131.25866765,98034938.38695115
997980.0,97012608.45576647,98034876.9229981
998040.0,97297356.18440403,98034832.58485101
998100.0,97586123.32260354,98034805.61104505
998160.0,97878641.43882774,98034796.2239224
998220.0,98174592.5376393,98034804.62665811
998280.0,98473751.65099134,98034831.00885695
998340.0,98775854.19309036,98034875.54417662
998400.0,99080624.06044395,98034938.38964035
998460.0,99387753.11401075,98035019.68371668
998520.0,99697020.27679361,98035119.55155668
998580.0,100008158.75925507,98035238.10225113
998640.0,100320884.1048045,98035375.427774
998700.0,100634916.06735304,98035531.60324048
998760.0,100950027.06149781,98035706.69007565
998820.0,101265956.35624681,98035900.73402748
998880.0,101582414.5071436,98036113.76344681
998940.0,101899152.46158722,98036345.79171866
999000.0,102215939.18663928,98036596.81834899
999060.0,102532522.94131467,98036866.82772519
999120.0,102848612.03279647,98037155.78672141
999180.0,103163991.30835642,98037463.64930002
999240.0,103478428.7481021,98037790.35550267
999300.0,103791683.53035161,98038135.83092596
999360.0,104103465.15210477,98038499.98374303
999420.0,104413593.26413551,98038882.71132185
999480.0,104721837.20656806,98039283.89720821
999540.0,105027957.46758518,98039703.4105986
999600.0,105331700.75300144,98040141.10551713
999660.0,105632888.87722433,98040596.82532817
999720.0,105931305.45130512,98041070.40044677
999780.0,106226713.62689652,98041561.64711462
999840.0,106518898.71244904,98042070.368734
999900.0,106807685.85794613,98042596.35826232
999960.0,107092874.0685003,98043139.39664645
1000020.0,107374230.14513879,98043699.25089428
1000080.0,107651579.05782108,98044275.67756855
1000140.0,107924750.13049357,98044868.42305137
1000200.0,108193558.57498652,98045477.22270055
1000260.0,108457775.53080761,98046101.7982094
1000320.0,108717266.41890517,98046741.86326583
1000380.0,108971865.30918671,98047397.12167439
1000440.0,109221398.54733385,98048067.26689604
1000500.0,109465658.98494798,98048751.98004255
1000560.0,109704536.15369473,98049450.9356778
1000620.0,109937874.87350164,98050163.79913872
1000680.0,110165506.62351716,98050890.2257381
1000740.0,110387265.37388186,98051629.86091696
1000800.0,110603046.05214007,98052382.34390204
1000860.0,110812710.81269608,98053147.30574298
1000920.0,111016096.44374686,98053924.36779417
1000980.0,111213078.350074,98054713.14403239
1001040.0,111403556.97497495,98055513.24255979
1001100.0,111587411.95779665,98056324.26435871
1001160.0,111764485.46718143,98057145.80104832
1001220.0,111934694.56261224,98057977.43937527
1001280.0,112097945.23335956,98058818.7605518
1001340.0,112254134.67323038,98059669.33973044
1001400.0,112403110.43088889,98060528.74303131
1001460.0,112544831.37110066,98061396.53421386
1001520.0,112679208.99873282,98062272.27184054
1001580.0,112806147.10099682,98063155.50881587
1001640.0,112925531.48691264,98064045.79131126
1001700.0,113037330.00117894,98064942.66368084
1001760.0,113141470.57182355,98065845.66607112
1001820.0,113237862.37385479,98066754.33329923
1001880.0,113326432.96016468,98067668.19595505
1001940.0,113407155.6670742,98068586.78314419
1002000.0,113479975.94311349,98069509.62081844
1002060.0,113544808.26301995,98070436.22992222
1002120.0,113601621.9850533,98071366.12968005
1002180.0,113650395.83765087,98072298.83815806
1002240.0,113691092.74347928,98073233.87131809
1002300.0,113723632.3853677,98074170.74042998
1002360.0,113748025.97474867,98075108.95755163
1002420.0,113764257.53250049,98076048.03390136
1002480.0,113772303.23861969,98076987.47938883
1002540.0,113772100.40362006,98077926.8002892
1002600.0,113763689.62602606,98078865.5054254
1002660.0,113747064.29544666,98079803.10334234
1002720.0,113722205.73902884,98080739.10158527
1002780.0,113689093.0178901,98081673.00656441
1002840.0,113647771.9550223,98082604.32754971
1002900.0,113598253.2944429,98083532.57457137
1002960.0,113540523.43680148,98084457.25696322
1003020.0,113474603.24351873,98085377.88542445
1003080.0,113400543.6844028,98086293.97382013
1003140.0,113318372.82848786,98087205.03781047
1003200.0,113228082.09006485,98088110.5926581
1003260.0,113129734.17949942,98089010.15749195
1003320.0,113023385.1494294,98089903.25490806
1003380.0,112909080.37292242,98090789.4103298
1003440.0,112786816.23051703,98091668.14907771
1003500.0,112656697.32795893,98092539.00284028
1003560.0,112518784.74827479,98093401.50706995
1003620.0,112373131.60164836,98094255.20050538
1003680.0,112219767.85105935,98095099.62378673
1003740.0,112058811.38392198,98095934.32471088
1003800.0,111890337.81960596,98096758.8557028
1003860.0,111714405.22149082,98097572.77276489
1003920.0,111531085.40574756,98098375.63629782
1003980.0,111340501.26483394,98099167.01415168
1004040.0,111142745.67682019,98099946.4798301
1004100.0,110937881.61172879,98100713.61070144
1004160.0,110726022.76684089,98101467.99102865
1004220.0,110507296.97973724,98102209.21281204
1004280.0,110281814.35198684,98102936.8747274
1004340.0,110049642.69663541,98103650.57959758
1004400.0,109810937.59171852,98104349.93963414
1004460.0,109565831.73705855,98105034.57506795
1004520.0,109314449.77357325,98105704.1136654
1004580.0,109056872.11456409,98106358.18808462
1004640.0,108793288.32035437,98106996.44239256
1004700.0,108523838.4460663,98107618.52910523
1004760.0,108248651.81173745,98108224.10854407
1004820.0,107967850.50854696,98108812.84840195
1004880.0,107681628.74052131,98109384.42804682
1004940.0,107390143.46900518,98109938.53629453
1005000.0,107093528.47779177,98110474.87002239
1005060.0,106791947.36466588,98110993.13594648
1005120.0,106485598.7126859,98111493.05270728
1005180.0,106174656.11894272,98111974.34937452
1005240.0,105859257.5046582,98112436.7633148
1005300.0,105539607.68602344,98112880.04418156
1005360.0,105215909.23203558,98113303.95377739
1005420.0,104888351.96585251,98113708.26528972
1005480.0,104557077.46598941,98114092.7604085
1005540.0,104222331.3215796,98114457.23553
1005600.0,103884319.51872328,98114801.4993894
1005660.0,103543239.47444291,98115125.37254582
1005720.0,103199259.8443094,98115428.6856631
1005780.0,102852642.23227791,98115711.28505144
1005840.0,102503603.27538165,98115973.02998047
1005900.0,102152342.73839742,98116213.791669
1005960.0,101799068.61339684,98116433.45377216
1006020.0,101444044.38766204,98116631.91568747
1006080.0,101087500.65311895,98116809.09058832
1006140.0,100729638.33154722,98116964.90365057
1006200.0,100370703.5714821,98117099.29474585
1006260.0,100010960.37871628,98117212.2195019
1006320.0,99650651.86330768,98117303.6480521
1006380.0,99289978.51949243,98117373.56249027
1006440.0,98929223.07798135,98117421.96176983
1006500.0,98568648.2663217,98117448.86050631
1006560.0,98208506.79802144,98117454.28837574
1006620.0,97848999.7749378,98117438.28703383
1006680.0,97490441.36907823,98117400.91685155
1006740.0,97133091.7510221,98117342.2536913
1006800.0,96777199.34371814,98117262.38820204
1006860.0,96422997.69707383,98117161.42492864
1006920.0,96070795.37555079,98117039.48677766
1006980.0,95720858.57734245,98116896.71248765
1007040.0,95373428.37192084,98116733.25512703
1007100.0,95028767.68350261,98116549.28339206
1007160.0,94687176.09645362,98116344.98378602
1007220.0,94348922.33999605,98116120.55877596
1007280.0,94014236.40556899,98115876.22448044
1007340.0,93683406.86849535,98115612.21415487
1007400.0,93356720.28145042,98115328.77806596
1007460.0,93034443.73173846,98115026.1823274
1007520.0,92716791.72390379,98114704.70576365
1007580.0,92404074.0967757,98114364.64558329
1007640.0,92096559.63889754,98114006.31492908
1007700.0,91794502.41589403,98113630.04199672
1007760.0,91498115.99942161,98113236.16761933
1007820.0,91207706.85298519,98112825.05079402
1007880.0,90923527.18254347,98112397.06544647
1007940.0,90645806.45538513,98111952.59907287
1008000.0,90374770.0945985,98111492.05249523
1008060.0,90110697.22011952,98111015.84305339
1008120.0,89853823.73513372,98110524.40202804
1008180.0,89604348.54954141,98110018.17243496
1008240.0,89362503.10074253,98109497.61095724
1008300.0,89128533.06088777,98108963.18878824
1008360.0,88902651.94079985,98108415.38971362
1008420.0,88685021.90249357,98107854.7070524
1008480.0,88475874.39924242,98107281.64777659
1008540.0,88275415.45692971,98106696.73099446
1008600.0,88083830.09040682,98106100.48669699
1008660.0,87901237.59408978,98105493.45184524
1008720.0,87727863.58813539,98104876.17669274
1008780.0,87563868.49433693,98104249.22090362
1008840.0,87409390.86481678,98103613.15224916
1008900.0,87264538.02600642,98102968.54474835
1008960.0,87129487.84215476,98102315.98286071
1009020.0,87004361.98978409,98101656.0581421
1009080.0,86889246.84370473,98100989.3671435
1009140.0,86784234.87358992,98100316.51177198
1009200.0,86689449.76887986,98099638.10114516
1009260.0,86604970.79073799,98098954.74894789
1009320.0,86530828.12168139,98098267.07051325
1009380.0,86467095.86014993,98097575.68543269
1009440.0,86413840.16707897,98096881.21708281
1009500.0,86371094.96413767,98096184.2907082
1009560.0,86338831.65289935,98095485.5297051
1009620.0,86317103.91398257,98094785.56051181
1009680.0,86305918.57664695,98094085.00982344
1009740.0,86305257.88382897,98093384.50313106
1009800.0,86315048.54813017,98092684.6614225
1009860.0,86335308.4097538,98091986.10659797
1009920.0,86365989.88249256,98091289.45758276
1009980.0,86407016.00100258,98090595.3285828
1010040.0,86458293.33573587,98089904.32810798
1010100.0,86519781.44562614,98089217.0621215
1010160.0,86591387.87148668,98088534.13095076
1010220.0,86672978.48395845,98087856.1268142
1010280.0,86764442.26790556,98087183.6351965
1010340.0,86865683.31828687,98086517.23574778
1010400.0,86976567.53951159,98085857.50001761
1010460.0,87096907.2041797,98085204.98827271
1010520.0,87226577.70311226,98084560.25324807
1010580.0,87365431.87461942,98083923.8388101
1010640.0,87513298.52784823,98083296.2785328
1010700.0,87669941.13053991,98082678.09182173
1010760.0,87835226.59459469,98082069.79005885
1010820.0,88008961.76207528,98081471.87303932
1010880.0,88190933.14890186,98080884.82776843
1010940.0,88380893.14185454,98080309.12643981
1011000.0,88578673.96738055,98079745.23117815
1011060.0,88784053.08844334,98079193.59079225
1011120.0,88996778.473487,98078654.63902883
1011180.0,89216604.4715927,98078128.79495552
1011240.0,89443327.92921536,98077616.46548681
1011300.0,89676705.44362302,98077118.04299961
1011360.0,89916452.65180498,98076633.90290758
1011420.0,90162332.14064093,98076164.40645137
1011480.0,90414111.55735607,98075709.90100297
1011540.0,90671532.79093614,98075270.71854196
1011600.0,90934285.21443518,98074847.17254527
1011660.0,91202145.7141656,98074439.56318294
1011720.0,91474858.63608178,98074048.17539221
1011780.0,91752153.599243,98073673.27800882
1011840.0,92033709.49569182,98073315.12076366
1011900.0,92319313.0059032,98072973.94067977
1011960.0,92608693.94554372,98072649.95870449
1012020.0,92901565.2599695,98072343.37871404
1012080.0,93197629.4669964,98072054.38690044
1012140.0,93496659.03469858,98071783.15592337
1012200.0,93798383.68402675,98071529.84238029
1012260.0,94102504.2687164,98071294.58510013
1012320.0,94408751.43710783,98071077.50691448
1012380.0,94716887.69029623,98070878.7165502
1012440.0,95026646.74873972,98070698.30692783
1012500.0,95337721.24913917,98070536.35273182
1012560.0,95649873.78762798,98070392.91456133
1012620.0,95962860.43671641,98070268.03854795
1012680.0,96276422.3137765,98070161.75547384
1012740.0,96590247.01463105,98070074.07760543
1012800.0,96904132.23526368,98070005.0052214
1012860.0,97217830.48034267,98069954.5239392
1012920.0,97531083.88797703,98069922.60410531
1012980.0,97843604.88794938,98069909.19904009
1013040.0,98155201.4687864,98069914.25070259
1013100.0,98465633.92722045,98069937.6868694
1013160.0,98774643.50880347,98069979.42001058
1013220.0,99081981.61166126,98070039.34789544
1013280.0,99387456.33435075,98070117.35695434
1013340.0,99690841.53206787,98070213.32025442
1013400.0,99991879.13437165,98070327.09561345
1013460.0,100290361.14265992,98070458.5285687
1013520.0,100586097.130076,98070607.45342079
1013580.0,100878875.81979984,98070773.69200282
1013640.0,101168440.96800072,98070957.05102235
1013700.0,101454626.42080398,98071157.3273982
1013760.0,101737244.19576827,98071374.30697137
1013820.0,102016097.110482,98071607.76396394
1013880.0,102290936.68542567,98071857.45794675
1013940.0,102561634.38781224,98072123.14094159
1014000.0,102828007.04841042,98072404.55419055
1014060.0,103089860.65237856,98072701.42751746
1014120.0,103346989.726636,98073013.47865337
1014180.0,103599269.30312818,98073340.41800286
1014240.0,103846533.008161,98073681.94619678
1014300.0,104088590.34565969,98074037.7526682
1014360.0,104325279.3640309,98074407.51734415
1014420.0,104556478.92483456,98074790.91306233
1014480.0,104782039.74020922,98075187.6039085
1014540.0,105001775.01151104,98075597.24300055
1014600.0,105215566.67094213,98076019.47655632
1014660.0,105423297.52389279,98076453.9439472
1014720.0,105624835.52320522,98076900.27682205
1014780.0,105819997.62163104,98077358.0960939
1014840.0,106008709.88494138,98077827.01839428
1014900.0,106190859.06914504,98078306.65375052
1014960.0,106366322.84177993,98078796.60505036
1015020.0,106534944.62927094,98079296.46602003
1015080.0,106696672.04560854,98079805.82738543
1015140.0,106851403.31635033,98080324.27395372
1015200.0,106999019.91544476,98080851.3836252
1015260.0,107139409.36210197,98081386.7277525
1015320.0,107272523.22470449,98081929.87492761
1015380.0,107398276.98952909,98082480.38885036
1015440.0,107516555.82053217,98083037.82653835
1015500.0,107627291.41992329,98083601.7410786
1015560.0,107730439.17629817,98084171.68302798
1015620.0,107825931.77150856,98084747.19907267
1015680.0,107913657.9248875,98085327.82943219
1015740.0,107993593.58712074,98085913.11301409
1015800.0,108065697.82029434,98086502.58641675
1015860.0,108129920.42512833,98087095.78338319
1015920.0,108186153.53866383,98087692.23139612
1015980.0,108234417.41091838,98088291.45924586
1016040.0,108274674.63150275,98088892.99362476
1016100.0,108306878.44611211,98089496.3585762
1016160.0,108330965.06934541,98090101.07448967
1016220.0,108346958.30448276,98090706.6632734
1016280.0,108354837.72959255,98091312.64574277
1016340.0,108354559.90736346,98091918.54026203
1016400.0,108346105.18876909,98092523.86414918
1016460.0,108329500.79854894,98093128.13644329
1016520.0,108304743.24225345,98093730.87609066
1016580.0,108271792.28988495,98094331.59977676
1016640.0,108230672.48949656,98094929.82574996
1016700.0,108181414.37492178,98095525.07417423
1016760.0,108124031.33299376,98096116.8661168
1016820.0,108058486.25272125,98096704.72056812
1016880.0,107984847.94362111,98097288.16069221
1016940.0,107903150.15813598,98097866.71175702
1017000.0,107813417.17005761,98098439.90057462
1017060.0,107715632.81425267,98099007.2531151
1017120.0,107609892.33725123,98099568.301079
1017180.0,107496238.60601798,98100122.57880595
1017240.0,107374698.99779257,98100669.62236023
1017300.0,107245301.55550423,98101208.96956949
1017360.0,107108144.72695166,98101740.16417655
1017420.0,106963288.21435203,98102262.75355263
1017480.0,106810762.45812607,98102776.28697075
1017540.0,106650639.79807052,98103280.31807584
1017600.0,106483021.83884625,98103774.40660891
1017660.0,106307985.12382433,98104258.1169277
1017720.0,106125563.12921984,98104731.01546633
1017780.0,105935872.5771316,98105192.6756421
1017840.0,105739018.19530955,98105642.67714643
1017900.0,105535093.37724043,98106080.60527496
1017960.0,105324134.61168821,98106506.04757169
1018020.0,105106303.07878791,98106918.60117759
1018080.0,104881706.59623842,98107317.86968273
1018140.0,104650443.39654791,98107703.46255957
1018200.0,104412588.98865175,98108074.99382214
1018260.0,104168313.02822733,98108432.08757232
1018320.0,103917738.38931936,98108774.37524034
1018380.0,103660966.30792491,98109101.49430785
1018440.0,103398116.70542973,98109413.08940688
1018500.0,103129362.288181,98109708.81542744
1018560.0,102854842.72351049,98109988.3355681
1018620.0,102574662.15979336,98110251.31924157
1018680.0,102288984.92102917,98110497.44561699
1018740.0,101997986.64258964,98110726.4042834
1018800.0,101701823.67902984,98110937.89411111
1018860.0,101400602.93283568,98111131.62033682
1018920.0,101094533.04756011,98111307.30055277
1018980.0,100783792.38572064,98111464.66292015
1019040.0,100468549.55218478,98111603.44559143
1019100.0,100148926.6658374,98111723.39397061
1019160.0,99825163.77921286,98111824.26765396
1019220.0,99497445.90146804,98111905.83718559
1019280.0,99165943.9120572,98111967.88322249
1019340.0,98830823.68944459,98112010.19623715
1019400.0,98492327.41187346,98112032.58100559
1019460.0,98150655.89505504,98112034.85416867
1019520.0,97805981.74817953,98112016.84256874
1019580.0,97458514.12063459,98111978.38539685
1019640.0,97108496.66751984,98111919.33621961
1019700.0,96756145.33211063,98111839.5613444
1019760.0,96401633.66187587,98111738.93732114
1019820.0,96045213.34185039,98111617.35553639
1019880.0,95687128.5764386,98111474.72176895
1019940.0,95327609.46445984,98111310.9553558
1020000.0,94966829.38019073,98111125.98585138
1020060.0,94605081.49143939,98110919.76007088
1020120.0,94242609.26672332,98110692.23916195
1020180.0,93879645.25650392,98110443.39795847
1020240.0,93516392.22521351,98110173.22322473
1020300.0,93153152.29393211,98109881.7194947
1020360.0,92790176.82422043,98109568.90608206
1020420.0,92427695.34318742,98109234.81579201
1020480.0,92065949.00890425,98108879.4956011
1020540.0,91705235.9467145,98108503.01000236
1020600.0,91345816.81416926,98108105.43879743
1020660.0,90987915.69225624,98107686.87494189
1020720.0,90631809.74411558,98107247.42766167
1020780.0,90277790.38411652,98106787.22328599
1020840.0,89926124.7403149,98106306.4038148
1020900.0,89577028.37910725,98105805.12388387
1020960.0,89230811.44349754,98105283.5563192
1021020.0,88887755.23870711,98104741.89043699
1021080.0,88548127.35889074,98104180.33123311
1021140.0,88212138.54037127,98103599.0960377
1021200.0,87880120.71518627,98102998.42163225
1021260.0,87552343.43272206,98102378.5605789
1021320.0,87229058.83091505,98101739.78019296
1021380.0,86910503.29970917,98101082.36161336
1021440.0,86596991.09633128,98100406.60437268
1021500.0,86288786.80074425,98099712.8234738
1021560.0,85986122.02268417,98099001.34744884
1021620.0,85689253.80455175,98098272.51984897
1021680.0,85398473.32114305,98097526.7012444
1021740.0,85114034.68507513,98096764.26704296
1021800.0,84836143.23298168,98095985.60462171
1021860.0,84565071.03195994,98095191.11724149
1021920.0,84301080.15385348,98094381.22345547
1021980.0,84044408.18093485,98093556.35566692
1022040.0,83795227.91108,98092716.95632182
1022100.0,83553820.34762919,98091863.48425792
1022160.0,83320412.02300307,98090996.4115025
1022220.0,83095208.8166771,98090116.2220563
1022280.0,82878370.73322377,98089223.40919746
1022340.0,82670155.13393465,98088318.48119257
1022400.0,82470755.21226849,98087401.95752656
1022460.0,82280333.06217341,98086474.3670744
1022520.0,82099046.31806017,98085536.24783668
1022580.0,81927105.6429867,98084588.15004845
1022640.0,81764670.21276064,98083630.63315469
1022700.0,81611852.15349464,98082664.26304734
1022760.0,81468800.96281314,98081689.61425582
1022820.0,81335674.75004466,98080707.27044962
1022880.0,81212593.11843732,98079717.82217698
1022940.0,81099612.83148682,98078721.863177
1023000.0,80996870.35927546,98077719.9950536
1023060.0,80904466.40126646,98076712.82517537
1023120.0,80822475.85478641,98075700.96516068
1023180.0,80750897.97850409,98074685.02644101
1023240.0,80689850.56883977,98073665.62721163
1023300.0,80639374.14060201,98072643.38789843
1023360.0,80599482.0688554,98071618.92956594
1023420.0,80570155.03492601,98070592.87200044
1023480.0,80551448.633191,98069565.83810204
1023540.0,80543355.29362571,98068538.45018104
1023600.0,80545825.59241486,98067511.32750474
1023660.0,80558821.02069202,98066485.08693813
1023720.0,80582334.6080814,98065460.34479307
1023780.0,80616310.88774283,98064437.71398623
1023840.0,80660638.24729364,98063417.8007498
1023900.0,80715260.22973359,98062401.20786546
1023960.0,80780108.81912072,98061388.53398824
1024020.0,80855082.69128273,98060380.37169594
1024080.0,80940010.487431,98059377.30338775
1024140.0,81034820.80327886,98058379.9071431
1024200.0,81139387.83927682,98057388.75353631
1024260.0,81253561.07326102,98056404.40419061
1024320.0,81377134.60636297,98055427.40853703
1024380.0,81510005.44059788,98054458.30984508
1024440.0,81652001.75806074,98053497.6411938
1024500.0,81802921.30014455,98052545.92369214
1024560.0,81962551.73749885,98051603.66589253
1024620.0,82130741.32724252,98050671.36734252
1024680.0,82307285.6030952,98049749.51550013
1024740.0,82491936.53928873,98048838.58318698
1024800.0,82684481.61497623,98047939.03067128
1024860.0,82884726.6082208,98047051.30674282
1024920.0,83092440.82225202,98046175.84658097
1024980.0,83307336.93520615,98045313.06844415
1025040.0,83529208.85904796,98044463.37842955
1025100.0,83757826.45209944,98043627.16906892
1025160.0,83992939.38987333,98042804.81815125
1025220.0,84234227.60899243,98041996.68464571
1025280.0,84481498.07070772,98041203.1161407
1025340.0,84734491.17745994,98040424.44495228
1025400.0,84992929.89970078,98039660.9871088
1025460.0,85256508.21247582,98038913.04065894
1025520.0,85525011.92256254,98038180.89104988
1025580.0,85798171.53413408,98037464.80789554
1025640.0,86075688.01712014,98036765.04325353
1025700.0,86357278.89819343,98036081.83259866
1025760.0,86642710.80879283,98035415.3977002
1025820.0,86931711.04856831,98034765.9443254
1025880.0,87223963.84617357,98034133.65972498
1025940.0,87519215.4824017,98033518.71626762
1026000.0,87817218.31828263,98032921.27179989
1026060.0,88117701.19797787,98032341.46827531
1026120.0,88420336.11039329,98031779.42843448
1026180.0,88724902.54989648,98031235.2620965
1026240.0,89031142.73747683,98030709.06398351
1026300.0,89338785.81711224,98030200.9129606
1026360.0,89647510.92588896,98029710.8691171
1026420.0,89957118.81635281,98029238.98088112
1026480.0,90267350.15323547,98028785.28151079
1026540.0,90577927.98136316,98028349.78806871
1026600.0,90888570.4362289,98027932.50113991
1026660.0,91199073.65943404,98027533.40939532
1026720.0,91509189.02954186,98027152.48697947
1026780.0,91818635.96045566,98026789.69164689
1026840.0,92127174.08738615,98026444.96711701
1026900.0,92434597.11307755,98026118.24506886
1026960.0,92740669.20605826,98025809.443419
1027020.0,93045108.00298785,98025518.46360709
1027080.0,93347716.57930925,98025245.19559188
1027140.0,93648287.80215192,98024989.51725826
1027200.0,93946600.17157514,98024751.29358152
1027260.0,94242370.88116486,98024530.37305045
1027320.0,94535447.91907005,98024326.59531106
1027380.0,94825624.44621481,98024139.78796718
1027440.0,95112682.58245398,98023969.7659393
1027500.0,95396375.42651053,98023816.3297735
1027560.0,95676561.53419998,98023679.27180341
1027620.0,95953046.92020303,98023558.37308493
1027680.0,96225614.81426191,98023453.40206912
1027740.0,96494064.57106988,98023364.11554737
1027800.0,96758256.33167896,98023290.2622033
1027860.0,97018012.67154896,98023231.5804223
1027920.0,97273118.31127931,98023187.79608484
1027980.0,97523419.46270947,98023158.62615936
1028040.0,97768778.13187145,98023143.77962647
1028100.0,98009033.77120279,98023142.95616522
1028160.0,98243972.76420471,98023155.8430588
1028220.0,98473488.59990332,98023182.12144807
1028280.0,98697445.24655534,98023221.46461093
1028340.0,98915695.79894097,98023273.53733012
1028400.0,99128038.48898228,98023337.99269487
1028460.0,99334404.20605077,98023414.47984342
1028520.0,99534662.23593485,98023502.64037055
1028580.0,99728667.50592275,98023602.10749215
1028640.0,99916265.55852729,98023712.50550027
1028700.0,100097389.33181597,98023833.45486313
1028760.0,100271925.15677088,98023964.56950806
1028820.0,100439729.6567763,98024105.4550908
1028880.0,100600695.82863298,98024255.71111912
1028940.0,100754758.4943577,98024414.93339348
1029000.0,100901820.95270169,98024582.71217011
1029060.0,101041741.34109999,98024758.62952939
1029120.0,101174460.21014206,98024942.26418312
1029180.0,101299914.06462862,98025133.19123963
1029240.0,101418023.062878,98025330.98125196
1029300.0,101528646.65282425,98025535.1966802
1029360.0,101631773.01101239,98025745.39939728
1029420.0,101727340.10885243,98025961.14776294
1029480.0,101815274.69440897,98026181.99597058
1029540.0,101895467.7657121,98026407.49196509
1029600.0,101967924.73572415,98026637.18411216
1029660.0,102032594.97626714,98026870.61793257
1029720.0,102089406.36931919,98027107.33485085
1029780.0,102138297.27211063,98027346.87280676
1029840.0,102179274.37836806,98027588.77023774
1029900.0,102212303.59369984,98027832.56370255
1029960.0,102237313.74176745,98028077.78572156
1030020.0,102254290.60700418,98028323.96809594
1030080.0,102263241.96829723,98028570.64318915
1030140.0,102264150.16647062,98028817.34244497
1030200.0,102256944.7985724,98029063.59331605
1030260.0,102241659.14861374,98029308.92530343
1030320.0,102218301.91028538,98029552.86852407
1030380.0,102186870.32063362,98029794.95304349
1030440.0,102147298.99228473,98030034.7052293
1030500.0,102099664.40641701,98030271.65601249
1030560.0,102043977.4912997,98030505.33706951
1030620.0,101980236.1743888,98030735.28006522
1030680.0,101908422.42719729,98030961.01572403
1030740.0,101828613.56439409,98031182.07938017
1030800.0,101740836.79026818,98031398.0080595
1030860.0,101645090.62731016,98031608.33880971
1030920.0,101541404.52288496,98031812.61050008
1030980.0,101429856.52898376,98032010.36664967
1031040.0,101310490.11319235,98032201.15341333
1031100.0,101183304.32891788,98032384.51699643
1031160.0,101048376.22500883,98032560.00819321
1031220.0,100905784.5256254,98032727.18248293
1031280.0,100755588.97167978,98032885.598924
1031340.0,100597789.11180806,98033034.8166512
1031400.0,100432509.72930652,98033174.40216096
1031460.0,100259830.18307565,98033303.92666686
1031520.0,100079818.19607839,98033422.96542148
1031580.0,99892498.76144275,98033531.0952299
1031640.0,99698019.5728775,98033627.90158546
1031700.0,99496468.92896885,98033712.97521311
1031760.0,99287915.13310134,98033785.910905
1031820.0,99072430.95868564,98033846.30777933
1031880.0,98850164.81470951,98033893.77367692
1031940.0,98621221.38082582,98033927.92261621
1032000.0,98385669.54182844,98033948.37271036
1032060.0,98143629.99667473,98033954.74917823
1032120.0,97895251.86170988,98033946.68599445
1032180.0,97640656.24046391,98033923.82425839
1032240.0,97379912.59399037,98033885.80919036
1032300.0,97113189.6734966,98033832.29590145
1032360.0,96840637.28303283,98033762.94828941
1032420.0,96562392.97198604,98033677.4383239
1032480.0,96278526.74640048,98033575.4421191
1032540.0,95989255.5028122,98033456.64846815
1032600.0,95694729.67892422,98033320.75497778
1032660.0,95395087.96586901,98033167.46738327
1032720.0,95090446.67916322,98032996.49824613
1032780.0,94781025.05028223,98032807.57293108
1032840.0,94466989.31479387,98032600.42652363
1032900.0,94148478.59884304,98032374.80225249
1032960.0,93825657.19233881,98032130.45294894
1033020.0,93498744.77892007,98031867.14426136
1033080.0,93167923.78170854,98031584.6524875
1033140.0,92833333.50242135,98031282.76206702
1033200.0,92495186.05831397,98030961.2698078
1033260.0,92153701.25835615,98030619.98532888
1033320.0,91809077.38907124,98030258.7298071
1033380.0,91461453.49815655,98029877.33253416
1033440.0,91111089.21635516,98029475.63791525
1033500.0,90758203.9545137,98029053.50312957
1033560.0,90403004.95265377,98028610.79742014
1033620.0,90045649.46933578,98028147.39918898
1033680.0,89686424.9767882,98027663.20355268
1033740.0,89325556.07212983,98027158.11868812
1033800.0,88963248.50669609,98026632.06473503
1033860.0,88599705.65127125,98026084.97365421
1033920.0,88235213.09364071,98025516.79399544
1033980.0,87870009.09744951,98024927.4881464
1034040.0,87504296.66726029,98024317.03028281
1034100.0,87138324.12470773,98023685.40899442
1034160.0,86772373.7126022,98023032.62924874
1034220.0,86406695.83716899,98022358.71053945
1034280.0,86041489.01966621,98021663.68387216
1034340.0,85677044.90153691,98020947.59716281
1034400.0,85313640.3916414,98020210.51437828
1034460.0,84951535.97010154,98019452.51457871
1034520.0,84590923.35431843,98018673.68792517
1034580.0,84232135.30170368,98017874.14385593
1034640.0,83875440.76267606,98017054.00738057
1034700.0,83521094.08273937,98016213.41822867
1034760.0,83169317.63812849,98015352.52899173
1034820.0,82820441.95422988,98014471.51139013
1034880.0,82474738.15403883,98013570.5528235
1034940.0,82132448.22287495,98012649.85467695
1035000.0,81793829.70230694,98011709.63321884
1035060.0,81459198.9603564,98010750.12300652
1035120.0,81128827.8863046,98009771.57430278
1035180.0,80802941.71785745,98008774.25036745
1035240.0,80481828.89036481,98007758.43111625
1035300.0,80165786.82922734,98006724.41363716
1035360.0,79855083.29215156,98005672.510466
1035420.0,79549921.54316293,98004603.04584485
1035480.0,79250615.83612819,98003516.36214978
1035540.0,78957439.04283443,98002412.81748788
1035600.0,78670644.66832575,98001292.78457078
1035660.0,78390421.26979247,98000156.64694753
1035720.0,78117089.83466613,97999004.8066734
1035780.0,77850896.76947841,97997837.67998411
1035840.0,77592062.92088374,97996655.69581132
1035900.0,77340791.60161036,97995459.29476328
1035960.0,77097368.05313931,97994248.93386662
1036020.0,76862017.3924273,97993025.08307949
1036080.0,76634920.86432356,97991788.22274716
1036140.0,76416289.9021957,97990538.84534715
1036200.0,76206366.95728183,97989277.45728183
1036260.0,76005348.91881958,97988004.57623623
1036320.0,75813370.38244894,97986720.72756824
1036380.0,75630644.26058243,97985426.44884035
1036440.0,75457363.26725382,97984122.28864689
1036500.0,75293689.33828053,97982808.80482922
1036560.0,75139703.71019599,97981486.55980174
1036620.0,74995614.57146223,97980156.12789872
1036680.0,74861558.52612948,97978818.09122771
1036740.0,74737644.76578607,97977473.0380808
1036800.0,74623930.5824287,97976121.55992945
1036860.0,74520578.87935112,97974764.25753488
1036920.0,74427676.62214331,97973401.73655146
1036980.0,74345270.4271693,97972034.60519062
1037040.0,74273404.10274392,97970663.47405764
1037100.0,74212176.39584251,97969288.95932937
1037160.0,74161625.89438225,97967911.67927238
1037220.0,74121733.36084254,97966532.2508974
1037280.0,74092526.60350326,97965151.29268086
1037340.0,74074037.86022013,97963769.4248208
1037400.0,74066255.6014279,97962387.26670492
1037460.0,74069093.4319053,97961005.43258113
1037520.0,74082562.6238024,97959624.53720702
1037580.0,74106628.61773679,97958245.19319965
1037640.0,74141227.73376858,97956868.00935212
1037700.0,74186214.33521818,97955493.58589596
1037760.0,74241577.56981093,97954122.5222965
1037820.0,74307220.25930391,97952755.41226223
1037880.0,74383014.4458317,97951392.84196702
1037940.0,74468801.64287074,97950035.38828768
1038000.0,74564508.77430236,97948683.62374352
1038060.0,74669994.2874889,97947338.11253975
1038120.0,74785070.11018328,97945999.4078812
1038180.0,74909569.66054592,97944668.05321741
1038240.0,75043362.5563257,97943344.58433756
1038300.0,75186268.21300766,97942029.52647154
1038360.0,75338044.05564725,97940723.39071107
1038420.0,75498521.46122707,97939426.67828664
1038480.0,75667518.87703414,97938139.87982345
1038540.0,75844823.1088152,97936863.47351626
1038600.0,76030143.64791635,97935597.92066672
1038660.0,76223316.69439004,97934343.67300764
1038720.0,76424116.36855501,97933101.1691199
1038780.0,76632294.07172957,97931870.83312397
1038840.0,76847547.73405829,97930653.07159579
1038900.0,77069696.19989806,97929448.28055498
1038960.0,77298486.10161582,97928256.8412977
1039020.0,77533633.27380776,97927079.11862244
1039080.0,77774852.79884398,97925915.46079129
1039140.0,78021931.49987729,97924766.20367709
1039200.0,78274602.59496088,97923631.66767198
1039260.0,78532553.06802408,97922512.1550226
1039320.0,78795521.88566157,97921407.95283641
1039380.0,79063270.30002809,97920319.33437236
1039440.0,79335524.4492957,97919246.5570181
1039500.0,79611948.56794679,97918189.85872146
1039560.0,79892311.59014751,97917149.464039
1039620.0,80176354.9348667,97916125.58255176
1039680.0,80463803.05237037,97915118.40789051
1039740.0,80754303.30730793,97914128.11329183
1039800.0,81047659.31629404,97913154.86062033
1039860.0,81343597.75213167,97912198.7959323
1039920.0,81641829.16272427,97911260.04854982
1039980.0,81942039.31168099,97910338.72963579
1040040.0,82244020.1058603,97909434.93832254
1040100.0,82547504.43450491,97908548.75831078
1040160.0,82852192.73160172,97907680.2560019
1040220.0,83157812.9511139,97906829.48209032
1040280.0,83464148.68410757,97905996.47477703
1040340.0,83770942.28423893,97905181.25739479
1040400.0,84077887.02918333,97904383.83558232
1040460.0,84384756.08504917,97903604.20189624
1040520.0,84691327.33159822,97902842.33608662
1040580.0,84997355.08139023,97902098.2037419
1040640.0,85302527.67020702,97901371.7524888
1040700.0,85606665.82324606,97900662.9196304
1040760.0,85909543.6220284,97899971.62945989
1040820.0,86210921.44822769,97899297.79247475
1040880.0,86510507.47700994,97898641.30237125
1040940.0,86808148.56979388,97898002.04404324
1041000.0,87103624.07579823,97897379.88969348
1041060.0,87396692.08105922,97896774.69761184
1041120.0,87687110.66523509,97896186.31217891
1041180.0,87974725.13589557,97895614.5688967
1041240.0,88259330.64006783,97895059.29150078
1041300.0,88540683.71880162,97894520.28973916
1041360.0,88818593.36312759,97893997.36239837
1041420.0,89092903.917291,97893490.29934339
1041480.0,89363426.93891487,97892998.87963142
1041540.0,89629917.83053698,97892522.86828001
1041600.0,89892237.20942135,97892062.02233191
1041660.0,90150228.74310376,97891616.08988108
1041720.0,90403720.74121201,97891184.80919056
1041780.0,90652467.61638258,97890767.9044395
1041840.0,90896382.1096772,97890365.09484522
1041900.0,91135307.27341424,97889976.09065165
1041960.0,91369072.76705404,97889600.59236053
1042020.0,91597478.61152373,97889238.2890277
1042080.0,91820443.37682833,97888888.86509219
1042140.0,92037824.94664001,97888551.99688339
1042200.0,92249452.12111542,97888227.35094927
1042260.0,92455177.003348,97887914.5854005
1042320.0,92654917.58433136,97887613.35370576
1042380.0,92848548.58566977,97887323.3022024
1042440.0,93035897.72171666,97887044.06739287
1042500.0,93216869.34494077,97886775.2803585
1042560.0,93391380.61040626,97886516.56749766
1042620.0,93559322.94261336,97886267.54904656
1042680.0,93720522.68843068,97886027.83533609
1042740.0,93874936.56769621,97885797.03429647
1042800.0,94022480.59818704,97885574.74911602
1042860.0,94163057.0626327,97885360.57745235
1042920.0,94296507.65458015,97885154.1079481
1042980.0,94422824.52843742,97884954.92888927
1043040.0,94541927.91892652,97884762.62406819
1043100.0,94653718.47232021,97884576.77165796
1043160.0,94758089.8475077,97884396.94381233
1043220.0,94855032.77725345,97884222.71225044
1043280.0,94944483.70494552,97884053.64513478
1043340.0,95026341.32990268,97883889.30490157
1043400.0,95100551.36097988,97883729.25096574
1043460.0,95167102.79397018,97883573.04221082
1043520.0,95225948.10648012,97883420.2348893
1043580.0,95276983.76109625,97883270.37940298
1043640.0,95320207.60364868,97883123.02613313
1043700.0,95355606.60018848,97882977.72481517
1043760.0,95383149.10744742,97882834.02346905
1043820.0,95402729.09168263,97882691.46412365
1043880.0,95414396.6289872,97882549.59179147
1043940.0,95418136.39408478,97882407.95070878
1044000.0,95413918.80046064,97882266.08351624
1044060.0,95401676.17318176,97882123.5290705
1044120.0,95381469.8425955,97881979.82985854
1044180.0,95353295.66040453,97881834.52823415
1044240.0,95317121.39527088,97881687.16480431
1044300.0,95272931.3529345,97881537.27937989
1044360.0,95220784.42656498,97881384.41526103
1044420.0,95160692.06289068,97881228.1165104
1044480.0,95092619.22063741,97881067.92528246
1044540.0,95016602.33738384,97880903.38592996
1044600.0,94932697.70326056,97880734.04614349
1044660.0,94840932.31667791,97880559.4552682
1044720.0,94741268.20450939,97880379.16057198
1044780.0,94633794.10046351,97880192.71452247
1044840.0,94518563.56924225,97879999.6727661
1044900.0,94395615.70037185,97879799.59329596
1044960.0,94264919.86155194,97879592.03244779
1045020.0,94126606.90854892,97879376.55417232
1045080.0,93980731.05183764,97879152.72563274
1045140.0,93827328.50005904,97878920.11617033
1045200.0,93666420.90677924,97878678.2964683
1045260.0,93498136.45753883,97878426.84466653
1045320.0,93322544.96428974,97878165.34300883
1045380.0,93139679.73136353,97877893.37574649
1045440.0,92949614.92425455,97877610.53148274
1045500.0,92752476.03443305,97877316.40611705
1045560.0,92548348.54845662,97877010.60054734
1045620.0,92337262.87564407,97876692.71750809
1045680.0,92119345.92855057,97876362.36710708
1045740.0,91894720.51276968,97876019.16658758
1045800.0,91663487.8840059,97875662.73909003
1045860.0,91425675.58964173,97875292.70942165
1045920.0,91181463.52989475,97874908.71279593
1045980.0,90930971.85474671,97874510.39140213
1046040.0,90674306.11941138,97874097.39356618
1046100.0,90411525.78238994,97873669.37110497
1046160.0,90142829.24217379,97873225.98729394
1046220.0,89868345.60728918,97872766.91289009
1046280.0,89588177.77353153,97872291.82462656
1046340.0,89302438.34006944,97871800.40576743
1046400.0,89011323.23921688,97871292.35088404
1046460.0,88714977.62714306,97870767.36294046
1046520.0,88413501.75705081,97870225.15071675
1046580.0,88107061.57677461,97869665.43257344
1046640.0,87795850.54987547,97869087.93802616
1046700.0,87480029.93170252,97868492.40589626
1046760.0,87159697.2977978,97867878.58065791
1046820.0,86835072.0998959,97867246.21942215
1046880.0,86506345.26573415,97866595.09029824
1046940.0,86173693.03841762,97865924.97154921
1047000.0,85837213.45391007,97865235.64710695
1047060.0,85497176.27221987,97864526.916411
1047120.0,85153770.79629138,97863798.58979398
1047180.0,84807170.43048151,97863050.48756747
1047240.0,84457526.44948295,97862282.43875127
1047300.0,84105105.810454,97861494.28769837
1047360.0,83750113.52791576,97860685.8905421
1047420.0,83392719.75935525,97859857.11319599
1047480.0,83033128.7915104,97859007.83330585
1047540.0,82671604.27047747,97858137.9436465
1047600.0,82308366.41653264,97857247.34963004
1047660.0,81943581.46427943,97856335.9662107
1047720.0,81577506.23141848,97855403.72306933
1047780.0,81210400.23717704,97854450.564764
1047840.0,80842498.07923873,97853476.44929872
1047900.0,80473961.03026442,97852481.34392115
1047960.0,80105097.612955,97851465.23355068
1048020.0,79736161.99204569,97850428.1176612
1048080.0,79367392.52778582,97849370.00937234
1048140.0,78998972.09451993,97848290.93226919
1048200.0,78631231.56446494,97847190.92887092
1048260.0,78264427.34815656,97846070.0563633
1048320.0,77898790.06269003,97844928.38511825
1048380.0,77534551.18145317,97843765.99873905
1048440.0,77172032.96508436,97842582.99925217
1048500.0,76811501.3542475,97841379.50387907
1048560.0,76453176.60584702,97840155.64241774
1048620.0,76097336.37336211,97838911.56052332
1048680.0,75744291.33395937,97837647.42159285
1048740.0,75394313.89169206,97836363.40457071
1048800.0,75047610.50933571,97835059.70017166
1048860.0,74704501.8095639,97833736.51740807
1048920.0,74365283.04117383,97832394.08213314
1048980.0,74030229.12488581,97831032.63587351
1049040.0,73699528.37756753,97829652.43087132
1049100.0,73373540.29201274,97828253.7398711
1049160.0,73052539.88766016,97826836.85128295
1049220.0,72736781.75338055,97825402.0680098
1049280.0,72426484.59041114,97823949.70539099
1049340.0,72121987.87552522,97822480.0981047
1049400.0,71823558.5721319,97820993.5960163
1049460.0,71531423.54059996,97819490.5618813
1049520.0,71245830.23649724,97817971.372519
1049580.0,70967087.5498156,97816436.42232047
1049640.0,70695449.25321802,97814886.1200929
1049700.0,70431107.59296806,97813320.88553862
1049760.0,70174332.23900087,97811741.15367725
1049820.0,69925394.26941599,97810147.3749218
1049880.0,69684527.05860734,97808540.0129195
1049940.0,69451880.7227148,97806919.53979015
1050000.0,69227740.0636556,97805286.44382009
1050060.0,69012330.64866461,97803641.22607282
1050120.0,68805850.71668081,97801984.39882396
1050180.0,68608421.96294425,97800316.48118493
1050240.0,68420315.60072525,97798638.00764287
1050300.0,68241711.11523812,97796949.52281612
1050360.0,68072751.49815851,97795251.57936674
1050420.0,67913560.39680794,97793544.73689331
1050480.0,67764350.65136944,97791829.56702322
1050540.0,67625261.08889507,97790106.6491822
1050600.0,67496372.480396,97788376.56727651
1050660.0,67377804.22242898,97786639.91189733
1050720.0,67269704.34914015,97784897.28195427
1050780.0,67172165.11622418,97783149.281488
1050840.0,67085199.39184567,97781396.51513597
1050900.0,67008917.50949227,97779639.59369688
1050960.0,66943397.83659585,97777879.13230404
1051020.0,66888681.842271164,97776115.74831761
1051080.0,66844710.658102535,97774350.0555964
1051140.0,66811582.64627439,97772582.67347361
1051200.0,66789303.715389684,97770814.22147828
1051260.0,66777846.45632033,97769045.3174337
1051320.0,66777126.7556647,97767276.57422163
1051380.0,66787182.27531267,97765508.60673325
1051440.0,66807962.06758013,97763742.02681205
1051500.0,66839366.03801643,97761977.44045036
1051560.0,66881298.05346653,97760215.448017
1051620.0,66933724.404700786,97758456.64782053
1051680.0,66996543.41071972,97756701.63223192
1051740.0,67069584.88551232,97754950.98377812
1051800.0,67152744.13389866,97753205.2788808
1051860.0,67245919.72655219,97751465.08804443
1051920.0,67348963.53894643,97749730.97319451
1051980.0,67461639.99369772,97748003.48269206
1052040.0,67583841.23615353,97746283.15862188
1052100.0,67715403.6604834,97744570.53361486
1052160.0,67856133.98721652,97742866.12915851
1052220.0,68005751.8050189,97741170.45063172
1052280.0,68164138.7037633,97739483.99654649
1052340.0,68331080.52970505,97737807.25309093
1052400.0,68506330.51320857,97736140.6922734
1052460.0,68689617.36396344,97734484.77052844
1052520.0,68880773.18563944,97732839.9346155
1052580.0,69079556.416547,97731206.61742243
1052640.0,69285674.48477267,97729585.23506193
1052700.0,69498873.16405012,97727976.18906188
1052760.0,69718942.80997425,97726379.86891033
1052820.0,69945622.24630056,97724796.64912218
1052880.0,70178580.76878797,97723226.88528126
1052940.0,70417589.01251872,97721670.9198204
1053000.0,70662403.07068065,97720129.0811965
1053060.0,70912749.57565337,97718601.68221608
1053120.0,71168266.87889136,97717089.01500988
1053180.0,71428757.7209196,97715591.36040416
1053240.0,71693950.77005698,97714108.98370424
1053300.0,71963553.48523197,97712642.13349071
1053360.0,72237220.7085546,97711191.03862713
1053420.0,72514752.66148566,97709755.91654608
1053480.0,72795870.21011308,97708336.96873274
1053540.0,73080260.58681947,97706934.37881407
1053600.0,73367621.00326954,97705548.3131321
1053660.0,73657734.16393757,97704178.9256172
1053720.0,73950324.8833114,97702826.35449533
1053780.0,74245064.8210157,97701490.71926597
1053840.0,74541698.25386937,97700172.12484184
1053900.0,74839994.55122948,97698870.66298169
1053960.0,75139686.48998734,97697586.41021083
1054020.0,75440433.80001068,97696319.42366731
1054080.0,75742031.58356354,97695069.74881302
1054140.0,76044239.08551565,97693837.41739613
1054200.0,76346797.95951203,97692622.44645374
1054260.0,76649365.2283966,97691424.83349955
1054320.0,76951783.23881505,97690244.567076
1054380.0,77253805.62327677,97689081.62170845
1054440.0,77555166.61543769,97687935.9568054
1054500.0,77855578.1354702,97686807.51539308
1054560.0,78154876.29947895,97685696.23118643
1054620.0,78452829.29760765,97684602.02472723
1054680.0,78749165.37177722,97683524.80111517
1054740.0,79043653.05511321,97682464.45230432
1054800.0,79336123.40465426,97681420.86066338
1054860.0,79626360.3295219,97680393.89629667
1054920.0,79914086.94191003,97679383.41358967
1054980.0,80199129.62694499,97678389.25708698
1055040.0,80481315.04862899,97677411.26151098
1055100.0,80760443.54238202,97676449.25026736
1055160.0,81036233.51325221,97675503.03078954
1055220.0,81308570.07584713,97674572.40402232
1055280.0,81577275.77977009,97673657.16086651
1055340.0,81842156.372365,97672757.08122648
1055400.0,82102959.7847533,97671871.9307264
1055460.0,82359596.33444704,97671001.46994552
1055520.0,82611895.8289311,97670145.44984315
1055580.0,82859659.7130145,97669303.61014913
1055640.0,83102694.79817437,97668475.67967215
1055700.0,83340907.53418005,97667661.38196567
1055760.0,83574144.6085578,97666860.43193309
1055820.0,83802202.90895385,97666072.53300014
1055880.0,84024948.4263946,97665297.38104498
1055940.0,84242283.43922928,97664534.66646224
1056000.0,84454071.37042794,97663784.07195678
1056060.0,84660104.17881264,97663045.26848578
1056120.0,84860307.24787806,97662317.92284207
1056180.0,85054578.28248931,97661601.69608298
1056240.0,85242797.21878745,97660896.24252258
1056300.0,85424750.64750513,97660201.2044314
1056360.0,85600423.50500745,97659516.22330567
1056420.0,85769708.46559006,97658840.93462744
1056480.0,85932480.68863295,97658174.96687153
1056540.0,86088584.0065073,97657517.93972857
1056600.0,86237999.96037889,97656869.47192736
1056660.0,86380636.74113207,97656229.17707013
1056720.0,86516363.72834522,97655596.6614303
1056780.0,86645083.69881365,97654971.52585074
1056840.0,86766772.74092656,97654353.36990745
1056900.0,86881354.81017934,97653741.78895034
1056960.0,86988693.03818718,97653136.37065159
1057020.0,87088749.27548702,97652536.70061156
1057080.0,87181493.68686578,97651942.36283125
1057140.0,87266865.73042835,97651352.93796988
1057200.0,87344721.84824573,97650767.99863449
1057260.0,87415083.09982814,97650187.11872421
1057320.0,87477913.28294502,97649609.87018059
1057380.0,87533158.10983402,97649035.82196178
1057440.0,87580693.96312432,97648464.53610958
1057500.0,87620574.22157405,97647895.57779387
1057560.0,87652764.92173433,97647328.5103562
1057620.0,87677204.77461196,97646762.89376032
1057680.0,87693828.89485447,97646198.28438893
1057740.0,87702683.9852384,97645634.24137463
1057800.0,87703751.01093048,97645070.32287034
1057860.0,87696961.34392707,97644506.08323681
1057920.0,87682309.02923183,97643941.07659808
1057980.0,87659833.75324036,97643374.85943007
1058040.0,87629531.26896174,97642806.98806848
1058100.0,87591325.32443728,97642237.01462568
1058160.0,87545269.10670662,97641664.49433152
1058220.0,87491394.99765868,97641088.9843527
1058280.0,87429713.43798448,97640510.04254827
1058340.0,87360140.32216121,97639927.22210945
1058400.0,87282788.20420845,97639340.08270934
1058460.0,87197681.92858724,97638748.18552925
1058520.0,87104827.66512322,97638151.09219967
1058580.0,87004189.98273993,97637548.36244228
1058640.0,86895884.34011915,97636939.56262238
1058700.0,86779946.76855959,97636324.26124556
1058760.0,86656375.58837838,97635702.02682002
1058820.0,86525194.61576864,97635072.42930141
1058880.0,86386511.77863717,97634435.04485838
1058940.0,86240377.73928857,97633789.45262621
1059000.0,86086782.87306708,97633135.23129027
1059060.0,85925810.55003464,97632471.9643546
1059120.0,85757561.07059652,97631799.2410998
1059180.0,85582099.78773846,97631116.65460157
1059240.0,85399409.09004001,97630423.79703023
1059300.0,85209632.22507031,97629720.2687622
1059360.0,85012861.82420692,97629005.67551093
1059420.0,84809171.6753794,97628279.62725809
1059480.0,84598555.25799221,97627541.7337045
1059540.0,84381196.96980576,97626791.61508149
1059600.0,84157188.13929634,97626028.89687787
1059660.0,83926594.82205646,97625253.20840754
1059720.0,83689470.5577447,97624464.18209961
1059780.0,83445992.33832277,97623661.46048698
1059840.0,83196266.54906105,97622844.6922062
1059900.0,82940351.58029406,97622013.52927884
1059960.0,82678361.42893867,97621167.6302581
1060020.0,82410465.75064233,97620306.6633775
1060080.0,82136786.17822282,97619430.30382998
1060140.0,81857373.52999513,97618538.22975823
1060200.0,81572402.6676068,97617630.12927368
1060260.0,81282036.0049009,97616705.69974935
1060320.0,80986410.62676473,97615764.64638397
1060380.0,80685569.8803717,97614806.67689572
1060440.0,80379749.9026934,97613831.5124296
1060500.0,80069105.96422526,97612838.8829785
1060560.0,79753774.4145845,97611828.52631024
1060620.0,79433840.37181845,97610800.18506712
1060680.0,79109552.48858373,97609753.61601539
1060740.0,78781075.35107525,97608688.58528599
1060800.0,78448538.16451015,97607604.8663708
1060860.0,78112087.57113974,97606502.24110666
1060920.0,77771965.38026625,97605380.50505525
1060980.0,77428352.07420021,97604239.46403106
1061040.0,77081369.68589805,97603078.93079321
1061100.0,76731226.67030072,97601898.72993031
1061160.0,76378157.9267998,97600698.69935226
1061220.0,76022359.83745104,97599478.68810888
1061280.0,75663947.092012,97598238.55176808
1061340.0,75303190.12772478,97596978.16121891
1061400.0,74940316.69755353,97595697.40025432
1061460.0,74575535.39523922,97594396.16448444
1061520.0,74208963.71105865,97593074.35618389
1061580.0,73840923.5124306,97591731.89584117
1061640.0,73471638.42292742,97590368.71660115
1061700.0,73101309.10750857,97588984.76296401
1061760.0,72730114.23345955,97587579.98953897
1061820.0,72358367.7175374,97586154.3686839
1061880.0,71986307.88603066,97584707.88622923
1061940.0,71614126.48122649,97583240.5388421
1062000.0,71242062.70397748,97581752.33670452
1062060.0,70870421.3269545,97580243.30721413
1062120.0,70499454.18203579,97578713.49198844
1062180.0,70129342.55320838,97577162.9428759
1062240.0,69760385.02880228,97575591.72857893
1062300.0,69392875.4310211,97573999.93437968
1062360.0,69027077.27018708,97572387.66042373
1062420.0,68663159.13781112,97570755.01635513
1062480.0,68301477.207177,97569102.13190691
1062540.0,67942311.7650552,97567429.15261012
1062600.0,67585921.53227113,97565736.2385717
1062660.0,67232500.8483183,97564023.56083527
1062720.0,66882419.309057795,97562291.31127273
1062780.0,66535953.98133543,97560539.6973547
1062840.0,66193345.294420585,97558768.94007781
1062900.0,65854838.98572847,97556979.27426046
1062960.0,65520784.70382329,97555170.95440437
1063020.0,65191461.59624028,97553344.25070973
1063080.0,64867086.87052969,97551499.44557482
1063140.0,64547953.17561641,97549636.83785035
1063200.0,64234384.7434704,97547756.74461703
1063260.0,63926657.25486108,97545859.49844076
1063320.0,63624958.578586295,97543945.44241324
1063380.0,63329622.66263061,97542014.93839136
1063440.0,63040941.65829415,97540068.36463374
1063500.0,62759180.534652255,97538106.11426252
1063560.0,62484492.17883047,97536128.58893614
1063620.0,62217243.52934268,97534136.21092184
1063680.0,61957687.44510057,97532129.41665481
1063740.0,61706046.775334224,97530108.65504156
1063800.0,61462502.26804752,97528074.38508177
1063860.0,61227375.235202506,97526027.08379307
1063920.0,61000894.369338855,97523967.24098264
1063980.0,60783231.70279858,97521895.35604845
1064040.0,60574587.88178877,97519811.93958999
1064100.0,60375229.726073846,97517717.51713644
1064160.0,60185353.142417006,97515612.62514418
1064220.0,60005070.470704734,97513497.80628224
1064280.0,59834594.25593,97511373.61507972
1064340.0,59674128.08687104,97509240.61741762
1064400.0,59523826.77239392,97507099.38777584
1064460.0,59383734.595641054,97504950.5030009
1064520.0,59254068.65003897,97502794.55204538
1064580.0,59134961.43077205,97500632.13119651
1064640.0,59026508.07744543,97498463.84196895
1064700.0,58928711.7196717,97496290.28591812
1064760.0,58841754.0798594,97494112.07470398
1064820.0,58765701.6867509,97491929.82359743
1064880.0,58700571.01549844,97489744.14865896
1064940.0,58646359.76233059,97487555.66568041
1065000.0,58603169.69857969,97485364.99604847
1065060.0,58571011.128965385,97483172.76159029
1065120.0,58549818.72587685,97480979.58031291
1065180.0,58539582.94915956,97478786.06954679
1065240.0,58540323.819246285,97476592.84761086
1065300.0,58551994.59313641,97474400.53005219
1065360.0,58574447.888498746,97472209.72397865
1065420.0,58607667.94518135,97470021.03547391
1065480.0,58651594.179516405,97467835.0670734
1065540.0,58706124.88689729,97465652.41545
1065600.0,58771033.29570183,97463473.66437343
1065660.0,58846301.2057987,97461299.39645728
1065720.0,58931791.37855808,97459130.18645741
1065780.0,59027329.41001908,97456966.5991818
1065840.0,59132681.88978014,97454809.18617181
1065900.0,59247766.83598076,97452658.4942298
1065960.0,59372399.1267809,97450515.05961494
1066020.0,59506335.73803245,97448379.40478736
1066080.0,59649352.28378852,97446252.03946088
1066140.0,59801302.453004025,97444133.46500051
1066200.0,59961963.939113855,97442024.17014818
1066260.0,60131033.272810526,97439924.62645918
1066320.0,60308303.83364645,97437835.29375644
1066380.0,60493573.52441455,97435756.62038846
1066440.0,60686591.6568181,97433689.04049852
1066500.0,60887003.09198813,97431632.96815261
1066560.0,61094628.0998388,97429588.80721268
1066620.0,61309217.58190164,97427556.94743739
1066680.0,61530492.968575455,97425537.76282838
1066740.0,61758081.13974065,97423531.6063166
1066800.0,61991813.060459964,97421538.82124653
1066860.0,62231409.34645597,97419559.73517291
1066920.0,62476554.67445299,97417594.65784411
1066980.0,62726917.371453136,97415643.88028766
1067040.0,62982295.69830797,97413707.68212178
1067100.0,63242404.62218562,97411786.32687524
1067160.0,63506899.25384941,97409880.05862644
1067220.0,63775496.63025905,97407989.10549054
1067280.0,64047968.947150744,97406113.68272471
1067340.0,64324031.9616972,97404253.98955922
1067400.0,64603317.19229354,97402410.20446663
1067460.0,64885596.474554785,97400582.49305467
1067520.0,65170621.33127363,97398771.00692822
1067580.0,65458113.50687577,97396975.88201953
1067640.0,65747685.62771619,97395197.23246045
1067700.0,66039169.23888949,97393435.1628907
1067760.0,66332299.338540256,97391689.76303543
1067820.0,66626787.95126959,97389961.10641849
1067880.0,66922291.4120973,97388249.247238
1067940.0,67218645.69507696,97386554.23046446
1068000.0,67515591.98297535,97384876.08651797
1068060.0,67812829.21746476,97383214.82889935
1068120.0,68110078.70955554,97381570.45545147
1068180.0,68407164.91558062,97379942.95415732
1068240.0,68703843.50517622,97378332.29927926
1068300.0,68999802.11199051,97376738.4475417
1068360.0,69294829.24838741,97375161.34380144
1068420.0,69588739.29582214,97373600.92250374
1068480.0,69881303.8550096,97372057.10528298
1068540.0,70172200.26254079,97370529.79567307
1068600.0,70461285.83454408,97369018.88921821
1068660.0,70748365.63997316,97367524.27054158
1068720.0,71033222.82741886,97366045.81211787
1068780.0,71315540.52241725,97364583.36866142
1068840.0,71595230.31494933,97363136.78995626
1068900.0,71872093.42605668,97361705.91466218
1068960.0,72145903.72202396,97360290.5687825
1069020.0,72416413.74908128,97358890.56447089
1069080.0,72683526.52297522,97357505.70848024
1069140.0,72947060.49500734,97356135.79741825
1069200.0,73206780.01605636,97354780.61471447
1069260.0,73462507.61293961,97353439.93388839
1069320.0,73714137.4116092,97352113.52256967
1069380.0,73961504.9845879,97350801.13921458
1069440.0,74204364.69667262,97349502.5285524
1069500.0,74442609.46114026,97348217.42936209
1069560.0,74676123.99577029,97346945.57401408
1069620.0,74904760.72741528,97345686.68666081
1069680.0,75128263.41278109,97344440.47714354
1069740.0,75346595.6657064,97343206.65332776
1069800.0,75559632.14982323,97341984.916115
1069860.0,75767224.65319026,97340774.95816183
1069920.0,75969157.01592657,97339576.46007176
1069980.0,76165412.41865078,97338389.10157675
1070040.0,76355871.88756274,97337212.55580945
1070100.0,76540376.01134042,97336046.48703769
1070160.0,76718778.43338129,97334890.55139889
1070220.0,76891051.68132655,97333744.4035674
1070280.0,77057092.55470543,97332607.6925096
1070340.0,77216729.69787009,97331480.05766492
1070400.0,77369886.79325774,97330361.13427565
1070460.0,77516524.97436364,97329250.55548748
1070520.0,77656556.40081865,97328147.94960503
1070580.0,77789797.04290354,97327052.93470246
1070640.0,77916240.87033963,97325965.12860155
1070700.0,78035836.89711684,97324884.14635266
1070760.0,78148510.3347512,97323809.5989016
1070820.0,78254069.53758873,97322741.08654314
1070880.0,78352573.27379291,97321678.21295434
1070940.0,78443959.66392593,97320620.57843424
1071000.0,78528140.7063314,97319567.77844141
1071060.0,78604994.21851462,97318519.40168044
1071120.0,78674566.32127729,97317475.03953165
1071180.0,78736809.50528052,97316434.2808057
1071240.0,78791621.93516907,97315396.70870166
1071300.0,78838951.2179911,97314361.90357757
1071360.0,78878830.2048483,97313329.44772527
1071420.0,78911225.47232345,97312298.92165844
1071480.0,78936020.7920106,97311269.89947623
1071540.0,78953233.90305468,97310241.95636652
1071600.0,78962883.82206255,97309214.66867703
1071660.0,78964950.97371334,97308187.61175442
1071720.0,78959304.24366598,97307160.3537
1071780.0,78946031.85721001,97306132.46765082
1071840.0,78925138.49499682,97305103.52710153
1071900.0,78896603.9169923,97304073.1045093
1071960.0,78860324.66884877,97303040.76663648
1072020.0,78816416.85501634,97302006.08684067
1072080.0,78764884.7092681,97300968.63881193
1072140.0,78705692.9309219,97299927.99436021
1072200.0,78638808.14005828,97298883.72352338
1072260.0,78564331.92268059,97297835.40211993
1072320.0,78482281.95755097,97296782.60705253
1072380.0,78392607.5541373,97295724.91248235
1072440.0,78295345.84396641,97294661.89474326
1072500.0,78190583.55337602,97293593.13511577
1072560.0,78078351.75385456,97292518.21671227
1072620.0,77958584.10834566,97291436.71902762
1072680.0,77831388.70487711,97290348.2276967
1072740.0,77696837.14229187,97289252.3324517
1072800.0,77554973.88466261,97288148.6256034
1072860.0,77405716.76411574,97287036.69495848
1072920.0,77249245.2809643,97285916.13845396
1072980.0,77085615.71332283,97284786.5572637
1073040.0,76914858.74609971,97283647.55436663
1073100.0,76736957.9425206,97282498.7319114
1073160.0,76552083.01169567,97281339.70162402
1073220.0,76360302.0174296,97280170.07912253
1073280.0,76161630.04278202,97278989.48095413
1073340.0,75956122.12924446,97277797.52682857
1073400.0,75743932.8975385,97276593.84518357
1073460.0,75525144.08228084,97275378.06910829
1073520.0,75299755.14736822,97274149.83174402
1073580.0,75067893.17395554,97272908.7734163
1073640.0,74829697.67900859,97271654.54232797
1073700.0,74585264.27265169,97270386.79210335
1073760.0,74334576.84683263,97269105.17554404
1073820.0,74077835.11278386,97267809.35668822
1073880.0,73815163.53831254,97266499.00660338
1073940.0,73546660.85805921,97265173.80194677
1074000.0,73272328.5234295,97263833.41952898
1074060.0,72992406.47489673,97262477.54963654
1074120.0,72707015.25655214,97261105.88935874
1074180.0,72416238.57715085,97259718.14052826
1074240.0,72120150.96781974,97258314.00920716
1074300.0,71818977.89504841,97256893.21411562
1074360.0,71512854.60088128,97255455.48158947
1074420.0,71201849.93933757,97254000.54187079
1074480.0,70886112.2210268,97252528.13354374
1074540.0,70565852.62595135,97251038.00704268
1074600.0,70241221.46071838,97249529.92125003
1074660.0,69912272.909918,97248003.6381273
1074720.0,69579229.78940924,97246458.9321286
1074780.0,69242289.1930884,97244895.58876124
1074840.0,68901616.8637258,97243313.40283264
1074900.0,68557252.48127979,97241712.17141084
1074960.0,68209494.10556258,97240091.70824574
1075020.0,67858524.9173142,97238451.83735268
1075080.0,67504502.26686399,97236792.39156796
1075140.0,67147523.93163832,97235113.20922185
1075200.0,66787891.433198035,97233414.14550667
1075260.0,66425798.296331905,97231695.06644583
1075320.0,66061387.88084869,97229955.84609176
1075380.0,65694833.579910375,97228196.36819932
1075440.0,65326423.48034422,97226416.53262201
1075500.0,64956367.22889889,97224616.25093143
1075560.0,64584794.03793111,97222795.44192703
1075620.0,64211953.39761616,97220954.03834337
1075680.0,63838119.737815835,97219091.98823735
1075740.0,63463518.732410125,97217209.25226457
1075800.0,63088264.98216109,97215305.79748096
1075860.0,62712684.3276402,97213381.6091217
1075920.0,62337036.95790236,97211436.68693504
1075980.0,61961556.65797878,97209471.04370585
1076040.0,61586364.859833665,97207484.69898723
1076100.0,61211841.28671313,97205477.69350007
1076160.0,60838238.2291722,97203450.08202235
1076220.0,60465773.50149466,97201401.93146315
1076280.0,60094643.07034108,97199333.31964125
1076340.0,59725210.64466295,97197244.3446329
1076400.0,59357741.86217594,97195135.11929943
1076460.0,58992436.47385914,97193005.76761082
1076520.0,58629563.65912392,97190856.42851214
1076580.0,58269468.64761192,97188687.26015787
1076640.0,57912427.985766746,97186498.43607882
1076700.0,57558620.25124392,97184290.13971856
1076760.0,57208385.585265554,97182062.57343334
1076820.0,56862047.136517376,97179815.95754004
1076880.0,56519888.77363477,97177550.52812262
1076940.0,56182063.53874261,97175266.5297389
1077000.0,55848979.117618375,97172964.22960453
1077060.0,55520931.608917154,97170643.91137041
1077120.0,55198185.94477428,97168305.87338208
1077180.0,54880927.72671695,97165950.42425677
1077240.0,54569563.48647019,97163577.89518593
1077300.0,54264377.06789938,97161188.63309586
1077360.0,53965597.62111048,97158782.9975973
1077420.0,53673467.0397765,97156361.36169165
1077480.0,53388353.31697829,97153924.11878906
1077540.0,53110530.318045296,97151471.67746155
1077600.0,52840182.919281885,97149004.45648393
1077660.0,52577601.8679325,97146522.89072542
1077720.0,52323107.460063726,97144027.43279031
1077780.0,52076954.53974536,97141518.54936922
1077840.0,51839273.879392035,97138996.71432859
1077900.0,51610396.436318286,97136462.41985165
1077960.0,51390584.48916559,97133916.1726107
1078020.0,51180060.070086375,97131358.49152301
1078080.0,50978900.41123768,97128789.89968863
1078140.0,50787456.10863413,97126210.9396023
1078200.0,50605924.33008005,97123622.16461013
1078260.0,50434455.21286632,97121024.1362894
1078320.0,50273147.93673779,97118417.42161103
1078380.0,50122277.29738524,97115802.60270911
1078440.0,49981993.65728092,97113180.26995373
1078500.0,49852365.13013997,97110551.01737292
1078560.0,49733504.43838381,97107915.44513333
1078620.0,49625601.13052016,97105274.16381194
1078680.0,49528750.29151092,97102627.78913887
1078740.0,49442929.69852928,97099976.93547122
1078800.0,49368259.167602666,97097322.22369325
1078860.0,49304835.886054605,97094664.2799561
1078920.0,49252693.75218941,97092003.73215675
1078980.0,49211714.76503919,97089341.20149073
1079040.0,49182022.296081185,97086677.31587544
1079100.0,49163617.334817246,97084012.70314367
1079160.0,49156451.769288264,97081347.98831359
1079220.0,49160364.964474365,97078683.78733377
1079280.0,49175428.882063344,97076020.72001638
1079340.0,49201566.61466342,97073359.40176047
1079400.0,49238634.22099583,97070700.43982714
1079460.0,49286475.86361392,97068044.43268044
1079520.0,49345070.390973896,97065391.9774758
1079580.0,49414281.91184667,97062743.66368346
1079640.0,49493875.37776249,97060100.06757998
1079700.0,49583706.09886682,97057461.75727332
1079760.0,49683666.03247638,97054829.29474138
1079820.0,49793567.586748466,97052203.2314137
1079880.0,49913092.36229013,97049584.10090648
1079940.0,50042115.809499554,97046972.42979744
1080000.0,50180451.79244071,97044368.73420648
1080060.0,50327870.54823394,97041773.51737486
1080120.0,50483980.07846081,97039187.26065677
1080180.0,50648686.57774512,97036610.44008893
1080240.0,50821736.07066202,97034043.51749565
1080300.0,51002833.91744734,97031486.93823433
1080360.0,51191625.16998556,97028941.12785067
1080420.0,51387957.83985247,97026406.50335531
1080480.0,51591554.04644883,97023883.46623531
1080540.0,51802064.33305516,97021372.398484
1080600.0,52019183.05691135,97018873.66503917
1080660.0,52242708.889889926,97016387.61957943
1080720.0,52472350.63741898,97013914.59953824
1080780.0,52707713.701603815,97011454.92036776
1080840.0,52948551.68408936,97009008.88377199
1080900.0,53194622.98463133,97006576.77797686
1080960.0,53445631.9812147,97004158.87473547
1081020.0,53701147.20485101,97001755.42179272
1081080.0,53960990.03291562,96999366.65692486
1081140.0,54224886.119883254,96996992.80263011
1081200.0,54492528.268775254,96994634.06430969
1081260.0,54763498.076403394,96992290.62410171
1081320.0,55037648.321446806,96989962.65593487
1081380.0,55314692.19861927,96987650.317786
1081440.0,55594296.59840725,96985353.74911538
1081500.0,55876121.01892183,96983073.07046182
1081560.0,56159995.15841575,96980808.39288987
1081620.0,56445643.939841226,96978559.8121802
1081680.0,56732712.119820155,96976327.4043872
1081740.0,57020941.388146386,96974111.23122084
1081800.0,57310141.54421692,96971911.34382832
1081860.0,57600052.32056024,96969727.77891105
1081920.0,57890298.72746198,96967560.5523665
1081980.0,58180707.79119954,96965409.67049652
1082040.0,58471071.33437053,96963275.12805802
1082100.0,58761145.84198065,96961156.90630662
1082160.0,59050537.83032469,96959054.96468565
1082220.0,59339161.92367052,96956969.25791396
1082280.0,59626792.88331513,96954899.72823358
1082340.0,59913174.90431706,96952846.3037187
1082400.0,60197986.69227728,96950808.89464933
1082460.0,60481141.78073174,96948787.4065326
1082520.0,60762428.12207319,96946781.7331436
1082580.0,61041572.59012163,96944791.75314343
1082640.0,61318342.13558907,96942817.33230451
1082700.0,61592634.056205176,96940858.33073753
1082760.0,61864254.530973375,96938914.59784384
1082820.0,62132912.55746651,96936985.96693341
1082880.0,62398464.14772425,96935072.26337516
1082940.0,62660789.72834476,96933173.30595177
1083000.0,62919713.42690655,96931288.9037424
1083060.0,63174925.47032145,96929418.84870759
1083120.0,63426371.57896005,96927562.92984708
1083180.0,63673914.38451697,96925720.92859824
1083240.0,63917384.91300338,96923892.61708747
1083300.0,64156485.2123457,96922077.75098917
1083360.0,64391219.58116964,96920276.08626997
1083420.0,64621442.31973509,96918487.37088168
1083480.0,64846964.83999936,96916711.34238845
1083540.0,65067577.53541622,96914947.7268058
1083600.0,65283266.08258293,96913196.24941686
1083660.0,65493901.16663135,96911456.62840569
1083720.0,65699273.35656502,96909728.57042363
1083780.0,65899261.87905675,96908011.77550079
1083840.0,66093832.590858385,96906305.94184354
1083900.0,66282871.91109769,96904610.76143774
1083960.0,66466148.32143685,96902925.91352232
1084020.0,66643630.41430005,96901251.07566883
1084080.0,66815263.01446018,96899585.92246641
1084140.0,66980947.64384051,96897930.12312618
1084200.0,67140429.47633995,96896283.33283028
1084260.0,67293767.05111101,96894645.2100766
1084320.0,67440882.96824066,96893015.40915574
1084380.0,67581665.9261502,96891393.57827635
1084440.0,67715918.62616406,96889779.35480882
1084500.0,67843708.17380206,96888172.37991637
1084560.0,67964961.12987708,96886572.29077883
1084620.0,68079542.0977735,96884978.71716633
1084680.0,68187342.40038016,96883391.28291936
1084740.0,68288406.17230847,96881809.61440282
1084800.0,68382673.57708618,96880233.33475474
1084860.0,68469984.06243968,96878662.05831692
1084920.0,68550318.28694952,96877095.3984468
1084980.0,68623696.35811123,96875532.96969934
1085040.0,68690071.60216787,96873974.38413379
1085100.0,68749257.33108261,96872419.24357237
1085160.0,68801324.27862427,96870867.15383638
1085220.0,68846267.53888226,96869317.72056304
1085280.0,68884046.90918446,96867770.54725413
1085340.0,68914467.60418953,96866225.226731
1085400.0,68937672.25110652,96864681.35978928
1085460.0,68953636.33223015,96863138.54595767
1085520.0,68962293.10166956,96861596.38116415
1085580.0,68963536.94863427,96860054.45558894
1085640.0,68957485.06695148,96858512.36597975
1085700.0,68944125.19247216,96856969.70849572
1085760.0,68923363.25583246,96855426.07418688
1085820.0,68895183.65463176,96853881.05333151
1085880.0,68859677.34099598,96852334.24132398
1085940.0,68816844.0797243,96850785.23363505
1086000.0,68766561.78864083,96849233.61908008
1086060.0,68708905.69691636,96847678.9907213
1086120.0,68643939.79224652,96846120.94524574
1086180.0,68571675.69909301,96844559.08007169
1086240.0,68491962.72572623,96842992.98438266
1086300.0,68404967.73896442,96841422.25666957
1086360.0,68310727.12889752,96839846.49752189
1086420.0,68209240.3749622,96838265.30758859
1086480.0,68100399.34514938,96836678.28163527
1086540.0,67984391.65813175,96835085.02487767
1086600.0,67861249.45687939,96833485.1443935
1086660.0,67730943.64227936,96831878.24574064
1086720.0,67593457.36093429,96830263.93363348
1086780.0,67448950.62457824,96828641.82170783
1086840.0,67297467.26026964,96827011.52610435
1086900.0,67138949.1960358,96825372.65984268
1086960.0,66973471.727048315,96823724.84018423
1087020.0,66801166.83136539,96822067.6917596
1087080.0,66622090.06790781,96820400.84234886
1087140.0,66436154.09211817,96818723.91499358
1087200.0,66243527.210485205,96817036.54210702
1087260.0,66044313.04156388,96815338.3619017
1087320.0,65838577.61849395,96813629.01631384
1087380.0,65626208.22981252,96811908.14113939
1087440.0,65407462.94980699,96810175.38649409
1087500.0,65182418.184873015,96808430.40678641
1087560.0,64951111.07879341,96806672.8585503
1087620.0,64713522.077982396,96804902.39731674
1087680.0,64469881.27630542,96803118.69138552
1087740.0,64220277.29405442,96801321.41401792
1087800.0,63964718.30594463,96799510.23899816
1087860.0,63703278.90253251,96797684.84429647
1087920.0,63436161.11991566,96795844.91909657
1087980.0,63163466.11068406,96793990.15822919
1088040.0,62885173.0934319,96792120.2554463
1088100.0,62601451.833095096,96790234.91392867
1088160.0,62312476.33826945,96788333.84651713
1088220.0,62018360.69611599,96786416.77240618
1088280.0,61719055.26726716,96784483.40811545
1088340.0,61414826.089547426,96782533.48489374
1088400.0,61105819.2758044,96780566.74210382
1088460.0,60792142.82602612,96778582.92511931
1088520.0,60473776.944645464,96776581.7782788
1088580.0,60151026.60404442,96774563.06278664
1088640.0,59824029.75279671,96772526.5475028
1088700.0,59492866.52815714,96770472.0057547
1088760.0,59157614.248169005,96768399.2151806
1088820.0,58818551.08495318,96766307.96879661
1088880.0,58475829.46133112,96764198.06806335
1088940.0,58129501.935159825,96762069.31738105
1089000.0,57779744.280892216,96759921.53087766
1089060.0,57426808.223211356,96757754.53659043
1089120.0,57070861.34981984,96755568.17182694
1089180.0,56711928.935129754,96753362.27532296
1089240.0,56350286.65816023,96751136.70103535
1089300.0,55986160.16722361,96748891.31538215
1089360.0,55619732.93218642,96746625.99491602
1089420.0,55251003.19575585,96744340.61612001
1089480.0,54880348.08516042,96742035.07627362
1089540.0,54507967.49405027,96739709.28368689
1089600.0,54134022.93141735,96737363.1555838
1089660.0,53758601.32035335,96734996.61399274
1089720.0,53382067.25050826,96732609.60103363
1089780.0,53004633.5627589,96730202.07055748
1089840.0,52626435.804426156,96727773.9838879
1089900.0,52247663.15031981,96725325.31277128
1089960.0,51868655.54205638,96722856.04767324
1090020.0,51489643.21329021,96720366.19173476
1090080.0,51110735.46241676,96717855.75411205
1090140.0,50732224.95572704,96715324.76006734
1090200.0,50354426.64404988,96712773.25219084
1090260.0,49977588.13784836,96710201.28669007
1090320.0,49601791.64243463,96707608.92428394
1090380.0,49227434.22590581,96704996.2475273
1090440.0,48854804.84396214,96702363.35485625
1090500.0,48484152.95092731,96699710.35841037
1090560.0,48115576.59243222,96697037.37569878
1090620.0,47749532.95136978,96694344.54935646
1090680.0,47386297.87593322,96691632.03716187
1090740.0,47026091.59288508,96688900.00897306
1090800.0,46669113.465082824,96686148.64557682
1090860.0,46315791.85732704,96683378.15128121
1090920.0,45966415.61181484,96680588.7462356
1090980.0,45621171.90514304,96677780.66083488
1091040.0,45280359.53262297,96674954.1418551
1091100.0,44944373.56432126,96672109.45774306
1091160.0,44613511.56395123,96669246.89324874
1091220.0,44287921.968160056,96666366.74122119
1091280.0,43967999.45975748,96663469.31614523
1091340.0,43654099.256575204,96660554.95196581
1091400.0,43346521.30696192,96657623.99904415
1091460.0,43045367.39353988,96654676.81325966
1091520.0,42751122.497035675,96651713.77707253
1091580.0,42464093.03252618,96648735.28970133
1091640.0,42184537.04112047,96645741.76445957
1091700.0,41912606.16261349,96642733.62290409
1091760.0,41648760.980682045,96639711.31181142
1091820.0,41393283.30622271,96636675.29334652
1091880.0,41146367.0006759,96633626.04022571
1091940.0,40908234.68091347,96630564.03729373
1092000.0,40679278.78560184,96627489.79085134
1092060.0,40459754.22241564,96624403.82109316
1092120.0,40249776.722331114,96621306.6544577
1092180.0,40049628.59073242,96618198.83277644
1092240.0,39859619.53717863,96615080.91477515
1092300.0,39679963.776165105,96611953.47082356
1092360.0,39510684.07113469,96608817.07241645
1092420.0,39352110.47575565,96605672.3090509
1092480.0,39204455.1318452,96602519.78174548
1092540.0,39067867.877361774,96599360.09961551
1092600.0,38942294.537072934,96596193.86866754
1092660.0,38828071.692471564,96593021.71325728
1092720.0,38725310.68073038,96589844.26371673
1092780.0,38634046.98567171,96586662.1521877
1092840.0,38554252.98925549,96583476.00915691
1092900.0,38486148.42874709,96580286.4770361
1092960.0,38429772.38970843,96577094.20024167
1093020.0,38385037.48454128,96573899.81825146
1093080.0,38351937.818796575,96570703.97007936
1093140.0,38330570.043788575,96567507.29990391
1093200.0,38320897.09166219,96564310.44972783
1093260.0,38322705.63839948,96561114.04970525
1093320.0,38336011.902279966,96557918.73074205
1093380.0,38360789.03339003,96554725.1221322
1093440.0,38396925.70743314,96551533.84692289
1093500.0,38444085.58531744,96548345.50956972
1093560.0,38502312.866168626,96545160.7168207
1093620.0,38571462.63818745,96541980.06734034
1093680.0,38651324.7883709,96538804.14813478
1093740.0,38741544.17636658,96535633.52659921
1093800.0,38842107.697249055,96532468.76928547
1093860.0,38952794.5929828,96529310.43051216
1093920.0,39073289.76671518,96526159.0471936
1093980.0,39203285.21774139,96523015.13923389
1094040.0,39342670.63383331,96519879.22037323
1094100.0,39491180.6019826,96516751.78968398
1094160.0,39648408.82705715,96513633.32384923
1094220.0,39814109.636826,96510524.28597638
1094280.0,39988089.64192541,96507425.12846766
1094340.0,40170053.43037914,96504336.28742933
1094400.0,40359517.79060746,96501258.17238016
1094460.0,40556314.5024273,96498191.18352704
1094520.0,40760180.94813849,96495135.70659274
1094580.0,40970801.56411364,96492092.10991772
1094640.0,41187641.50114042,96489060.73244518
1094700.0,41410611.56155848,96486041.90815519
1094760.0,41639396.13843381,96483035.95365724
1094820.0,41873625.03415236,96480043.16520327
1094880.0,42112862.02060539,96477063.81507479
1094940.0,42356969.135815136,96474098.16793361
1095000.0,42605633.9881379,96471146.47126622
1095060.0,42858440.77091284,96468208.94972217
1095120.0,43115061.42443601,96465285.8099279
1095180.0,43375317.08904065,96462377.24866559
1095240.0,43638906.118609354,96459483.44614942
1095300.0,43905373.43619922,96456604.55762517
1095360.0,44174506.36098649,96453740.72665472
1095420.0,44446090.46425583,96450892.08502343
1095480.0,44719839.978795335,96448058.74883622
1095540.0,44995264.44519577,96445240.80731131
1095600.0,45272271.81159366,96442438.34460618
1095660.0,45550615.18931751,96439651.43133992
1095720.0,45830001.19050035,96436880.12205064
1095780.0,46109985.711733155,96434124.44694741
1095840.0,46390521.20325512,96431384.4336292
1095900.0,46671356.26282371,96428660.0959248
1095960.0,46952165.87794295,96425951.42986666
1096020.0,47232629.338139035,96423258.41393127
1096080.0,47512669.565833315,96420581.02238056
1096140.0,47792056.19205336,96417919.2168723
1096200.0,48070432.15302301,96415272.93952891
1096260.0,48347601.95320745,96412642.12178569
1096320.0,48623458.388294,96410026.68922584
1096380.0,48897792.00715686,96407426.55598652
1096440.0,49170212.3883385,96404841.6148588
1096500.0,49440650.690816805,96402271.75489034
1096560.0,49708968.24398559,96399716.85756537
1096620.0,49974975.874335535,96397176.79404382
1096680.0,50238247.9173017,96394651.41222543
1096740.0,50498843.48261277,96392140.56327692
1096800.0,50756590.60719137,96389644.08899048
1096860.0,51011268.11621862,96387161.81909427
1096920.0,51262566.88687122,96384693.5664451
1096980.0,51510521.26632187,96382239.14581938
1097040.0,51754975.21608223,96379798.36349988
1097100.0,51995670.695895374,96377371.01169962
1097160.0,52232424.06238595,96374956.87263426
1097220.0,52465234.949031,96372555.728547
1097280.0,52693964.74437678,96370167.35414936
1097340.0,52918316.17618834,96367791.50794792
1097400.0,53138232.35705801,96365427.94539183
1097460.0,53353675.98781723,96363076.41994448
1097520.0,53564524.79101046,96360736.67843841
1097580.0,53770439.86855028,96358408.44923544
1097640.0,53971492.55818002,96356091.46465628
1097700.0,54167606.37257753,96353785.4528994
1097760.0,54358652.54129015,96351490.13518451
1097820.0,54544313.56863137,96349205.21543995
1097880.0,54724725.27691971,96346930.40508151
1097940.0,54899791.54519966,96344665.41033536
1098000.0,55069340.626456745,96342409.92810674
1098060.0,55233180.75590318,96340163.64488877
1098120.0,55391407.42309048,96337926.25246052
1098180.0,55543938.21873253,96335697.43816595
1098240.0,55690556.22871673,96333476.87756665
1098300.0,55831197.25478828,96331264.24278802
1098360.0,55965914.3414993,96329059.20892473
1098420.0,56094638.011834435,96326861.44734734
1098480.0,56217104.08852448,96324670.61506861
1098540.0,56333377.899322495,96322486.3727443
1098600.0,56443467.996016294,96320308.38157137
1098660.0,56547317.1470214,96318136.2996952
1098720.0,56644611.925644435,96315969.76821998
1098780.0,56735549.223229975,96313808.43907975
1098840.0,56820091.13122602,96311651.96221463
1098900.0,56898143.01121065,96309499.98247392
1098960.0,56969487.4771035,96307352.13291587
1099020.0,57034307.8998103,96305208.05668978
1099080.0,57092567.08740961,96303067.39499259
1099140.0,57144120.63693643,96300929.78121683
1099200.0,57188880.97514729,96298794.84405494
1099260.0,57226984.50828698,96296662.21972571
1099320.0,57258404.82549089,96294531.54308592
1099380.0,57282946.04953833,96292402.4383818
1099440.0,57300652.59752449,96290274.53236559
1099500.0,57311612.153500326,96288147.45665596
1099560.0,57315808.687242284,96286020.84207726
1099620.0,57312993.26050635,96283894.30595124
1099680.0,57303344.42213505,96281767.47542505
1099740.0,57286899.47855032,96279639.97976261
1099800.0,57263636.46288751,96277511.4471103
1099860.0,57233299.84918004,96275381.4917561
1099920.0,57196156.46166249,96273249.74262725
1099980.0,57152207.66162,96271115.82880622
1100040.0,57101378.31037872,96268979.37535807
1100100.0,57043545.81997976,96266840.00074366
1100160.0,56978926.424374074,96264697.33529992
1100220.0,56907531.06368688,96262551.01004107
1100280.0,56829230.08572243,96260400.64899164
1100340.0,56744035.976916686,96258245.87693907
1100400.0,56652112.93439599,96256086.32770556
1100460.0,56553481.28403609,96253921.63630141
1100520.0,56447955.646862864,96251751.42770968
1100580.0,56335685.62123036,96249575.33515087
1100640.0,56216782.04257201,96247392.99796745
1100700.0,56091274.48042488,96245204.05719244
1100760.0,55958920.74606624,96243008.14073594
1100820.0,55820009.481824905,96240804.89232153
1100880.0,55674596.9646593,96238593.95881774
1100940.0,55522676.99970317,96236374.9868324
1101000.0,55364084.39133828,96234147.6140479
1101060.0,55199113.89912969,96231911.49428795
1101120.0,55027811.09636344,96229666.28393497
1101180.0,54850113.22480006,96227411.63602677
1101240.0,54665993.55392428,96225147.2022204
1101300.0,54475692.401416086,96222872.64734156
1101360.0,54279264.47514691,96220587.63926943
1101420.0,54076589.61408689,96218291.8394097
1101480.0,53867781.455318496,96215984.9154319
1101540.0,53653024.93967363,96213666.54515162
1101600.0,53432383.98823167,96211336.4099361
1101660.0,53205680.328849524,96208994.18151276
1101720.0,52973169.80181652,96206639.54561363
1101780.0,52734981.184455425,96204272.19505212
1101840.0,52491179.266928166,96201891.82623659
1101900.0,52241552.58295568,96199498.12412697
1101960.0,51986475.48053214,96197090.7941344
1102020.0,51726028.436962694,96194669.54611583
1102080.0,51460218.709560856,96192234.0903865
1102140.0,51188977.11556492,96189784.13355842
1102200.0,50912622.38855553,96187319.3996583
1102260.0,50631244.86723333,96184839.6176904
1102320.0,50344793.852097705,96182344.51395833
1102380.0,50053344.41053778,96179833.81891106
1102440.0,49757159.235029235,96177307.27735321
1102500.0,49456338.96233492,96174764.63962178
1102560.0,49150774.64220735,96172205.65017918
1102620.0,48840687.63209984,96169630.06558876
1102680.0,48526284.3288532,96167037.65369754
1102740.0,48207676.2399883,96164428.18847018
1102800.0,47884695.99058504,96161801.43481416
1102860.0,47557713.41511522,96159157.17780857
1102920.0,47226878.52980906,96156495.21074034
1102980.0,46892275.762522,96153815.3315341
1103040.0,46553795.28616835,96151117.33218437
1103100.0,46211841.792115256,96148401.02674298
1103160.0,45866547.67321136,96145666.23650293
1103220.0,45517940.46890775,96142912.7842939
1103280.0,45166060.06763805,96140140.49515334
1103340.0,44811256.61890406,96137349.21319804
1103400.0,44453675.832628794,96134538.79050197
1103460.0,44093288.54526504,96131709.0775856
1103520.0,43730287.191351324,96128859.93546477
1103580.0,43364967.8081023,96125991.2412807
1103640.0,42997490.684192784,96123102.88091552
1103700.0,42627770.21030302,96120194.73562221
1103760.0,42256154.61320026,96117266.70560904
1103820.0,41882886.3819922,96114318.70428689
1103880.0,41508141.85142413,96111350.65466993
1103940.0,41131779.236446805,96108362.47208291
1104000.0,40754306.30519013,96105354.09946516
1104060.0,40375912.63049836,96102325.49007061
1104120.0,39996721.056801654,96099276.60383904
1104180.0,39616747.35519724,96096207.40157591
1104240.0,39236449.60397101,96093117.86898528
1104300.0,38856036.226526834,96090008.00309871
1104360.0,38475576.80675639,96086877.80472882
1104420.0,38095249.179907136,96083727.28434935
1104480.0,37715462.06218701,96080556.47463498
1104540.0,37336444.59778583,96077365.42070065
1104600.0,36958213.14981597,96074154.16854036
1104660.0,36581112.079655215,96070922.7828422
1104720.0,36205501.120094664,96067671.34781815
1104780.0,35831631.61966087,96064399.96131252
1104840.0,35459466.1065272,96061108.71911338
1104900.0,35089520.11047634,96057797.74498312
1104960.0,34722103.9736555,96054467.17950901
1105020.0,34357459.75656574,96051117.17639108
1105080.0,33995591.42251558,96047747.88951118
1105140.0,33637093.07039306,96044359.50497243
1105200.0,33282256.200668886,96040952.22466277
1105260.0,32931269.318640407,96037526.2606594
1105320.0,32584305.892226387,96034081.8344099
1105380.0,32241910.483357564,96030619.19687252
1105440.0,31904395.63170815,96027138.61591479
1105500.0,31571891.330647744,96023640.36640134
1105560.0,31244741.746391397,96020124.74181543
1105620.0,30923436.09954347,96016592.06212571
1105680.0,30608303.221550297,96013042.66507556
1105740.0,30299406.164935194,96009476.89175631
1105800.0,29997258.239137746,96005895.11103722
1105860.0,29702283.4210204,96002297.71471094
1105920.0,29414818.064104006,95998685.11273336
1105980.0,29134845.33483156,95995057.71405828
1106040.0,28863042.150032636,95991415.96427178
1106100.0,28599752.21694212,95987760.32750763
1106160.0,28345235.31048326,95984091.28188942
1106220.0,28099587.557739332,95980409.31065094
1106280.0,27863428.00882228,95976714.93049572
1106340.0,27637069.86273998,95973008.67500098
1106400.0,27420663.910795722,95969291.0858055
1106460.0,27214436.184909914,95965562.71668774
1106520.0,27018892.311321396,95961824.148723
1106580.0,26834303.058564886,95958075.97754207
1106640.0,26660684.218006574,95954318.79950263
1106700.0,26498373.714224096,95950553.22915374
1106760.0,26347736.43960385,95946779.90069285
1106820.0,26208976.18307806,95942999.45922716
1106880.0,26081946.82557477,95939212.54180339
1106940.0,25967079.545537047,95935419.80870152
1107000.0,25864572.135580685,95931621.93077886
1107060.0,25774512.748207748,95927819.58352491
1107120.0,25696649.022436436,95924013.42860615
1107180.0,25631411.91300701,95920204.15089978
1107240.0,25578838.21465018,95916392.43712844
1107300.0,25538823.85277847,95912578.96822655
1107360.0,25511180.602310926,95908764.41478238
1107420.0,25496148.535279796,95904949.4602459
1107480.0,25493655.804732606,95901134.78402662
1107540.0,25503400.78160065,95897321.04904625
1107600.0,25525262.95947451,95893508.91155493
1107660.0,25559291.597667467,95889699.0303289
1107720.0,25605312.065815285,95885892.05454272
1107780.0,25662833.174463138,95882088.60662635
1107840.0,25731816.975303523,95878289.30681962
1107900.0,25812134.649862748,95874494.76825167
1107960.0,25903526.03256216,95870705.58982994
1108020.0,26005329.32739295,95866922.33449543
1108080.0,26117612.412901573,95863145.56874269
1108140.0,26240090.10144978,95859375.84350218
1108200.0,26372374.750506345,95855613.6885973
1108260.0,26513857.80321051,95851859.60079017
1108320.0,26664541.084389493,95848114.07683411
1108380.0,26824074.62606219,95844377.59443001
1108440.0,26991945.493405953,95840650.60341015
1108500.0,27167695.64478179,95836933.52871686
1108560.0,27351215.1898411,95833226.78925276
1108620.0,27542137.175806116,95829530.78396977
1108680.0,27739846.20686778,95825845.8784293
1108740.0,27944058.29806378,95822172.42274553
1108800.0,28154572.275060765,95818510.75607087
1108860.0,28371023.931830194,95814861.19777726
1108920.0,28592712.80703308,95811224.02926785
1108980.0,28819547.20121855,95807599.52692364
1109040.0,29051249.433653023,95803987.95204303
1109100.0,29287456.021201942,95800389.54620418
1109160.0,29527440.363218013,95796804.51162758
1109220.0,29771268.334600486,95793233.05405325
1109280.0,30018610.646310683,95789675.36136568
1109340.0,30269036.823707785,95786131.59812604
1109400.0,30522028.050660864,95782601.9008006
1109460.0,30777588.302655485,95779086.40604109
1109520.0,31035416.829233043,95775585.23420587
1109580.0,31295018.708033334,95772098.4788646
1109640.0,31556088.48964929,95768626.21705054
1109700.0,31818569.922051348,95765168.52273883
1109760.0,32082192.522647657,95761725.45526478
1109820.0,32346395.896520723,95758297.04365432
1109880.0,32611091.80255062,95754883.31215681
1109940.0,32876162.52479633,95751484.27865297
1110000.0,33141367.40054571,95748099.9480109
1110060.0,33406077.090557106,95744730.29108116
1110120.0,33670423.791309364,95741375.28586552
1110180.0,33934225.11679049,95738034.90051346
1110240.0,34197209.96420066,95734709.0885303
1110300.0,34458850.70590488,95731397.77491872
1110360.0,34719327.6705627,95728100.89444187
1110420.0,34978447.89467844,95724818.3714506
1110480.0,35235867.739061974,95721550.11174494
1110540.0,35491274.73312856,95718296.00426324
1110600.0,35744781.92401934,95715055.94407521
1110660.0,35996220.32835245,95711829.81714444
1110720.0,36245168.04377845,95708617.48666835
1110780.0,36491531.05389324,95705418.81079556
1110840.0,36735350.1841103,95702233.64991046
1110900.0,36976477.989570804,95699061.85646406
1110960.0,37214408.23330789,95695903.2555987
1111020.0,37449269.65352229,95692757.67944694
1111080.0,37681025.565572344,95689624.9581966
1111140.0,37909543.19217096,95686504.91490236
1111200.0,38134239.52530969,95683397.34117723
1111260.0,38355457.55615436,95680302.04719822
1111320.0,38573082.19138549,95677218.83696954
1111380.0,38786893.39484537,95674147.50265856
1111440.0,38996524.78922579,95671087.81669909
1111500.0,39202240.14138986,95668039.56581242
1111560.0,39403940.2261963,95665002.53141
1111620.0,39601311.89814551,95661976.47804824
1111680.0,39794211.38786174,95658961.16257489
1111740.0,39982817.99421019,95655956.35156684
1111800.0,40167046.76130491,95652961.80706654
1111860.0,40346485.59100011,95649977.26892957
1111920.0,40521220.104529195,95647002.4816878
1111980.0,40691339.796302766,95644037.19475716
1112040.0,40856772.609873265,95641081.1537199
1112100.0,41017001.69924845,95638134.07632823
1112160.0,41172349.51022901,95635195.697791
1112220.0,41322810.34316231,95632265.75306669
1112280.0,41468269.74609509,95629343.97099705
1112340.0,41608262.7924224,95626430.05540405
1112400.0,41743194.302879564,95623523.73200855
1112460.0,41873012.10338671,95620624.7237766
1112520.0,41997496.393312365,95617732.74187979
1112580.0,42116414.43764146,95614847.48500097
1112640.0,42230075.83798346,95611968.66858342
1112700.0,42338438.51263921,95609096.0058627
1112760.0,42441171.87611168,95606229.192311
1112820.0,42538283.68221123,95603367.9238843
1112880.0,42629983.04375251,95600511.90787825
1112940.0,42716237.21574984,95597660.84988633
1113000.0,42796599.48919526,95594814.43148413
1113060.0,42871326.64059033,95591972.34815758
1113120.0,42940522.03537237,95589134.3010299
1113180.0,43004161.61464683,95586299.989992
1113240.0,43061677.33474581,95583469.08438374
1113300.0,43113583.63808176,95580641.28134163
1113360.0,43159872.93089255,95577816.27765816
1113420.0,43200415.73680488,95574993.76321398
1113480.0,43234858.240653485,95572173.40889117
1113540.0,43263640.56921445,95569354.90935782
1113600.0,43286752.578834474,95566537.95880121
1113660.0,43303944.020446375,95563722.23799208
1113720.0,43315115.022396706,95560907.42238948
1113780.0,43320595.3343122,95558093.2052862
1113840.0,43320382.11049987,95555279.27988787
1113900.0,43314099.43017908,95552465.31921726
1113960.0,43301910.097244374,95549651.00513658
1114020.0,43284028.40895964,95546836.03111835
1114080.0,43260458.416465305,95544020.09091938
1114140.0,43230693.8162483,95541202.85109629
1114200.0,43195168.635843806,95538384.00165014
1114260.0,43153976.77225021,95535563.23770475
1114320.0,43107082.21018545,95532740.25251052
1114380.0,43053983.57580897,95529914.712389
1114440.0,42995254.59160701,95527086.3146222
1114500.0,42930910.569871336,95524254.75738156
1114560.0,42860785.93845828,95521419.72999036
1114620.0,42784647.48887059,95518580.90928513
1114680.0,42702949.08363553,95515737.99660207
1114740.0,42615712.01877802,95512890.69448797
1114800.0,42522636.77304699,95510038.68943301
1114860.0,42423766.59270538,95507181.67032227
1114920.0,42319430.7268098,95504319.34382655
1114980.0,42209656.174225904,95501451.41813265
1115040.0,42094005.31980967,95498577.57794225
1115100.0,41972805.76721125,95495697.5256522
1115160.0,41846257.60633641,95492810.97448899
1115220.0,41714393.28059856,95489917.63948636
1115280.0,41576633.20339843,95487017.20455866
1115340.0,41433596.79904829,95484109.38701034
1115400.0,41285350.6870672,95481193.90779032
1115460.0,41131820.15348853,95478270.48388873
1115520.0,40972617.139557645,95475338.81148425
1115580.0,40808322.779834725,95472398.61807643
1115640.0,40638978.5340015,95469449.63345322
1115700.0,40464368.53010484,95466491.57585154
1115760.0,40284394.28759391,95463524.15827312
1115820.0,40099503.77715315,95460547.11786976
1115880.0,39909743.303502895,95457560.19433957
1115940.0,39714752.32437118,95454563.10805161
1116000.0,39514728.884215206,95451555.59008257
1116060.0,39309983.80080756,95448537.3882768
1116120.0,39100568.049235605,95445508.25327308
1116180.0,38885973.19224362,95442467.90843295
1116240.0,38666700.246874355,95439416.10410799
1116300.0,38442919.17546848,95436352.59983878
1116360.0,38214652.3133732,95433277.15641803
1116420.0,37981339.87943943,95430189.50460543
1116480.0,37743692.33088103,95427089.41339876
1116540.0,37501768.53027907,95423976.65500857
1116600.0,37255443.49073726,95420850.99497823
1116660.0,37004459.12892529,95417712.18503433
1116720.0,36749385.13666231,95414560.00756559
1116780.0,36490284.73341518,95411394.24840403
1116840.0,36226882.73934749,95408214.67864421
1116900.0,35959228.74843541,95405021.07209411
1116960.0,35687748.40048563,95401813.22547445
1117020.0,35412509.24445856,95398590.939178
1117080.0,35133083.28901741,95395353.99065237
1117140.0,34849833.397159904,95392102.17688183
1117200.0,34563038.175552815,95388835.30985707
1117260.0,34272769.54257449,95385553.20547129
1117320.0,33978444.291895725,95382255.64833921
1117380.0,33680743.86218215,95378942.459713
1117440.0,33379797.136918873,95375613.4678035
1117500.0,33075577.298140008,95372268.49941854
1117560.0,32767653.382961456,95368907.3582655
1117620.0,32456720.875899922,95365529.88543132
1117680.0,32142859.745881088,95362135.92632999
1117740.0,31825888.55490205,95358725.31666917
1117800.0,31505694.810949568,95355297.88615356
1117860.0,31182824.90489986,95351853.49385142
1117920.0,30857363.819334976,95348392.00342235
1117980.0,30528973.323864084,95344913.26040299
1118040.0,30197864.943387438,95341417.12171474
1118100.0,29864433.86006307,95337903.4655161
1118160.0,29528770.612352636,95334372.17485002
1118220.0,29190378.055945706,95330823.1061094
1118280.0,28849797.611041404,95327256.14476724
1118340.0,28507271.395725064,95323671.189311
1118400.0,28162881.33209764,95320068.14264484
1118460.0,27816014.092016146,95316446.87479168
1118520.0,27467502.676525753,95312807.30048645
1118580.0,27117449.46478088,95309149.33997388
1118640.0,26765779.033267386,95305472.90947041
1118700.0,26412209.11419897,95301777.91007137
1118760.0,26057422.49393759,95298064.27951168
1118820.0,25701530.189934034,95294331.96149325
1118880.0,25344297.55804907,95290580.88714729
1118940.0,24985781.12333687,95286810.99065076
1119000.0,24626512.711532764,95283022.23471086
1119060.0,24266614.048484627,95279214.5885693
1119120.0,23905689.223163195,95275388.00024818
1119180.0,23544143.16761702,95271542.43948945
1119240.0,23182356.33289136,95267677.89643668
1119300.0,22820464.030717045,95263794.3684889
1119360.0,22457906.718694497,95259891.82305312
1119420.0,22095450.1430636,95255970.26858671
1119480.0,21733323.279009547,95252029.7258174
1119540.0,21371587.277712755,95248070.21874584
1119600.0,21009791.274629172,95244091.74720544
1119660.0,20648803.041137252,95240094.35753146
1119720.0,20288791.98737184,95236078.10512711
1119780.0,19929663.14995056,95232043.04029535
1119840.0,19571332.992211033,95227989.20885256
1119900.0,19214530.917773448,95223916.695684
1119960.0,18859454.60257866,95219825.5962469
1120020.0,18505851.815937433,95215715.99246587
1120080.0,18154027.362021837,95211587.98257565
1120140.0,17804575.70255437,95207441.69663212
1120200.0,17457731.804537922,95203277.2772485
1120260.0,17113084.539019205,95199094.84498787
1120320.0,16771355.057821624,95194894.55900955
1120380.0,16433006.807381498,95190676.60325783
1120440.0,16098323.471670156,95186441.17682903
1120500.0,15766732.290638749,95182188.44810687
1120560.0,15439407.034249382,95177918.64828819
1120620.0,15116683.578111796,95173632.02650364
1120680.0,14798715.99922684,95169328.84007964
1120740.0,14485339.119105114,95165009.33744454
1120800.0,14177649.13277132,95160673.82565628
1120860.0,13876046.160970476,95156322.63312565
1120920.0,13580543.316192465,95151956.08889501
1120980.0,13291442.32141497,95147574.53808585
1121040.0,13009739.586342227,95143178.37907538
1121100.0,12735914.092341086,95138768.03579003
1121160.0,12469822.319173515,95134343.92438489
1121220.0,12212267.69204342,95129906.50391972
1121280.0,11964128.728709698,95125456.28036582
1121340.0,11725953.087983605,95120993.78888996
1121400.0,11497400.902758127,95116519.54635996
1121460.0,11279792.741252718,95112034.14018558
1121520.0,11073836.08342546,95107538.19550031
1121580.0,10880006.873357479,95103032.36276495
1121640.0,10697970.91892022,95098517.27442412
1121700.0,10529256.346308228,95093993.64452691
1121760.0,10374388.16978954,95089462.21505138
1121820.0,10233516.061968397,95084923.73582192
1121880.0,10106653.66787336,95080378.95723236
1121940.0,9994983.45623746,95075828.69275291
1122000.0,9898852.439857624,95071273.77423671
1122060.0,9817932.181716627,95066715.0157964
1122120.0,9752486.913250787,95062153.24549897
1122180.0,9703193.895128934,95057589.32744569
1122240.0,9670095.578502003,95053024.12782267
1122300.0,9652269.250119017,95048458.46330099
1122360.0,9650164.12570898,95043893.17439169
1122420.0,9663864.786299527,95039329.10594735
1122480.0,9693070.688075665,95034767.086575
1122540.0,9736264.643050766,95030207.86361046
1122600.0,9794108.901474485,95025652.21962531
1122660.0,9866139.262214085,95021100.91221483
1122720.0,9951579.940872498,95016554.65735318
1122780.0,10049088.025087394,95012014.09909783
1122840.0,10159002.281529237,95007479.89947094
1122900.0,10280664.740646208,95002952.68519582
1122960.0,10412934.96931099,94998433.02192825
1123020.0,10554918.36760334,94993921.427407
1123080.0,10706641.30727303,94989418.4206691
1123140.0,10867434.110389845,94984924.48486535
1123200.0,11035927.575049477,94980440.02990222
1123260.0,11211773.195648752,94975965.4469828
1123320.0,11394790.176642522,94971501.11756979
1123380.0,11584382.060441192,94967047.39118741
1123440.0,11779025.932673467,94962604.53595036
1123500.0,11978959.324008374,94958172.83260126
1123560.0,12183845.617065858,94953752.54384683
1123620.0,12393126.1629208,94949343.90250647
1123680.0,12605343.54663258,94944947.06352976
1123740.0,12821126.581030952,94940562.21540746
1123800.0,13040060.603074936,94936189.52445112
1123860.0,13261442.613844497,94931829.11940545
1123920.0,13484409.115936553,94927481.0828902
1123980.0,13709432.574809598,94923145.52272855
1124040.0,13936190.301712746,94918822.52949588
1124100.0,14163816.723101748,94914512.14754732
1124160.0,14392022.836316025,94910214.40580355
1124220.0,14621114.170158643,94905929.34948525
1124280.0,14850842.54119552,94901657.01055856
1124340.0,15080153.377624877,94897397.3647059
1124400.0,15309323.362989787,94893150.40237924
1124460.0,15538475.01790422,94888916.12057014
1124520.0,15767418.384570897,94884694.50613539
1124580.0,15994880.207834778,94880485.47800231
1124640.0,16221707.535553355,94876289.00030586
1124700.0,16447820.812058045,94872105.03294452
1124760.0,16672890.516772488,94867933.51824719
1124820.0,16895947.075694013,94863774.34683616
1124880.0,17117872.205797765,94859627.45638698
1124940.0,17338547.4843212,94855492.77827232
1125000.0,17557402.50450636,94851370.2134577
1125060.0,17774012.535821423,94847259.64027882
1125120.0,17989050.099859223,94843160.97296116
1125180.0,18202425.631404757,94839074.1209726
1125240.0,18413300.78828148,94834998.9490982
1125300.0,18621820.676026016,94830935.32988875
1125360.0,18828429.838527795,94826883.1596237
1125420.0,19033061.46722823,94822842.33104277
1125480.0,19234580.47948089,94818812.67639667
1125540.0,19433736.813099615,94814794.06794934
1125600.0,19630725.49724433,94810786.388388
1125660.0,19825456.474247962,94806789.5156246
1125720.0,20016591.762282003,94802803.25628373
1125780.0,20205405.20347146,94798827.48492238
1125840.0,20391859.575266425,94794862.0741406
1125900.0,20575566.194718078,94790906.87585232
1125960.0,20755767.763988815,94786961.70164834
1126020.0,20933496.850131225,94783026.41817994
1126080.0,21108729.190371614,94779100.89083405
1126140.0,21280747.782437697,94775184.94682486
1126200.0,21449423.258514635,94771278.40651117
1126260.0,21615522.58844577,94767381.13114928
1126320.0,21779032.40203552,94763492.98131287
1126380.0,21938875.55843188,94759613.76022817
1126440.0,22095604.339308146,94755743.30058074
1126500.0,22249693.07645391,94751881.46035576
1126560.0,22401137.690518748,94748028.0973514
1126620.0,22548467.109892473,94744182.99105182
1126680.0,22692974.626677807,94740345.98986082
1126740.0,22834812.392210253,94736516.95031677
1126800.0,22973773.1168769,94732695.71795078
1126860.0,23108589.909571707,94728882.07087085
1126920.0,23240727.64416628,94725075.86522572
1126980.0,23370195.70378443,94721276.95769438
1127040.0,23496399.549728952,94717485.17333493
1127100.0,23618788.317449495,94713700.30791806
1127160.0,23738517.944643285,94709922.2187898
1127220.0,23855604.18679669,94706150.76416521
1127280.0,23969029.48644897,94702385.74812956
1127340.0,24079025.184354477,94698626.9871224
1127400.0,24186405.66499772,94694874.34096369
1127460.0,24291192.289559644,94691127.67064007
1127520.0,24391907.185963523,94687386.75852402
1127580.0,24489633.896884702,94683651.44469112
1127640.0,24584810.673710003,94679921.59256965
1127700.0,24677459.812951364,94676197.06680325
1127760.0,24765616.555336066,94672477.62753363
1127820.0,24851277.84912297,94668763.14119121
1127880.0,24934473.527142186,94665053.47582181
1127940.0,25014776.161548734,94661348.4767626
1128000.0,25091044.714059606,94657647.9286901
1128060.0,25164915.14023467,94653951.703341
1128120.0,25236421.197799876,94650259.67427467
1128180.0,25304646.887894444,94646571.66636176
1128240.0,25369349.526693027,94642887.49160428
1128300.0,25431766.878228035,94639207.0278652
1128360.0,25491936.07281835,94635530.15500788
1128420.0,25548412.905906405,94631856.67613038
1128480.0,25601929.810384534,94628186.43331532
1128540.0,25653287.889199026,94624519.31127034
1128600.0,25702527.107769445,94620855.1968523
1128660.0,25747634.98742396,94617193.86995795
1128720.0,25790397.25437388,94613535.20545575
1128780.0,25831138.93735717,94609879.0955175
1128840.0,25869667.17606863,94606225.4220871
1128900.0,25904066.490245476,94602573.96532752
1128960.0,25936549.33291191,94598924.623032
1129020.0,25967159.788431413,94595277.29535837
1129080.0,25995149.094421506,94591631.842696
1129140.0,26019626.665476266,94587988.0781401
1129200.0,26042342.67761906,94584345.90782125
1129260.0,26063342.621879406,94580705.240307
1129320.0,26081281.888929054,94577065.91274609
1129380.0,26096374.12059378,94573427.77367195
1129440.0,26109866.518804844,94569790.73790619
1129500.0,26121805.432868555,94566154.72275054
1129560.0,26130211.173676673,94562519.54036719
1129620.0,26136480.136314638,94558885.077128
1129680.0,26141315.921097983,94555251.25679891
1129740.0,26144765.175581023,94551618.00563946
1129800.0,26144175.12102697,94547985.10904442
1129860.0,26142201.636797205,94544352.49349175
1129920.0,26138964.636453018,94540720.09184259
1129980.0,26133961.253368504,94537087.81027097
1130040.0,26125477.104018807,94533455.46394484
1130100.0,26115853.7014261,94529822.99238855
1130160.0,26105137.484105747,94526190.33760472
1130220.0,26092165.847954743,94522557.37988907
1130280.0,26076457.84978162,94518923.97403228
1130340.0,26059781.587695133,94515290.06870894
1130400.0,26042182.24713693,94511655.61500292
1130460.0,26021802.27176994,94508020.46541727
1130520.0,25999467.13117177,94504384.51629648
1130580.0,25976332.312059507,94500747.72532877
1130640.0,25952441.15213187,94497110.05251126
1130700.0,25925208.743846793,94493471.32068272
1130760.0,25896835.099645294,94489831.46945588
1130820.0,25867825.91117128,94486190.46528767
1130880.0,25838003.928235114,94482548.26523796
1130940.0,25804682.384999514,94478904.68383415
1131000.0,25770843.43708993,94475259.69384758
1131060.0,25736526.58042488,94471613.27015051
1131120.0,25700839.35094623,94467965.34027998
1131180.0,25662450.39996274,94464315.76117107
1131240.0,25623696.577829592,94460664.51373376
1131300.0,25584613.95979064,94457011.58079533
1131360.0,25543567.527012598,94453356.85847598
1131420.0,25500641.561867714,94449700.24738745
1131480.0,25457493.323015038,94446041.73604348
1131540.0,25414154.906955153,94442381.31466223
1131600.0,25368225.975766245,94438718.84619252
1131660.0,25321258.370818738,94435054.27589002
1131720.0,25274199.235801835,94431387.59923643
1131780.0,25227076.16223507,94427718.8131771
1131840.0,25176705.927003548,94424047.74591215
1131900.0,25126150.318899535,94420374.38797805
1131960.0,25075620.263867326,94416698.74109347
1132020.0,25024572.460506275,94413020.77818042
1132080.0,24970726.72371213,94409340.35131724
1132140.0,24916988.74367446,94405657.46660647
1132200.0,24863378.082069788,94401972.13118598
1132260.0,24808579.011288427,94398284.28246996
1132320.0,24751812.193563502,94394593.81658988
1132380.0,24695243.787019018,94390900.74447471
1132440.0,24638887.678230174,94387205.07778686
1132500.0,24580646.39908356,94383506.71706216
1132560.0,24521269.519497886,94379805.60256769
1132620.0,24462163.99182605,94376101.74911584
1132680.0,24403337.715121005,94372395.17193425
1132740.0,24341908.735800955,94368685.73359343
1132800.0,24280171.139016703,94364973.41820177
1132860.0,24218759.06221506,94361258.243457
1132920.0,24157530.44005795,94357540.21952927
1132980.0,24093254.21743724,94353819.18547738
1133040.0,24029340.17649545,94350095.1609588
1133100.0,23965786.280827828,94346368.16551901
1133160.0,23901670.30221417,94342638.1698681
1133220.0,23835313.47939762,94338905.0558378
1133280.0,23769339.861556474,94335168.84421165
1133340.0,23703741.018691577,94331429.5553226
1133400.0,23636821.22395162,94327687.11973068
1133460.0,23568452.224185143,94323941.46122158
1133520.0,23500467.309781846,94320192.60063766
1133580.0,23432851.690007184,94316440.55803402
1133640.0,23363149.863781214,94312685.22349955
1133700.0,23292768.42595633,94308926.56158912
1133760.0,23222751.94240742,94305164.59214485
1133820.0,23153079.39925195,94301399.33389258
1133880.0,23080556.19898085,94297630.63651006
1133940.0,23008094.302920643,94293858.50378698
1134000.0,22935958.703878097,94290082.95353301
1134051.84,22873875.607092917,94286818.36186421
